ERROR: IMU initialization failed
4044,0.118530,0.026978,1.031738,0.119316,0.043040,0.997334,1.005368,0.000000,-0.630000,0.420000,0.017097,0.005185,0.046106,2.471,-6.816,2.471,-6.816
4100,0.120850,0.029907,1.026611,0.121671,0.045957,0.992252,1.000740,-0.140000,-0.420000,0.420000,-0.122903,0.215185,0.046106,2.652,-6.983,2.485,-6.835
4158,0.122314,0.030640,1.021240,0.123177,0.046681,0.986928,0.995680,0.000000,-0.700000,0.350000,0.017097,-0.064815,-0.023894,2.708,-7.106,2.491,-6.849
4214,0.116455,0.020630,1.035889,0.117213,0.036709,1.001449,1.008953,0.560000,-0.700000,0.210000,0.577097,-0.064815,-0.163894,2.099,-6.671,2.471,-6.850
4271,0.122192,0.016846,1.026611,0.123013,0.032917,0.992252,1.000390,-1.190000,-0.140000,0.770000,-1.172903,0.495185,0.396106,1.900,-7.063,2.498,-6.873
4328,0.125488,0.050415,1.017456,0.126367,0.066418,0.983176,0.993487,-0.140000,-0.700000,0.420000,-0.122903,-0.064815,0.046106,3.865,-7.308,2.529,-6.887
4384,0.119873,0.016479,1.026245,0.120705,0.032551,0.991889,0.999736,0.910000,-0.980000,0.140000,0.927097,-0.344815,-0.233894,1.880,-6.935,2.477,-6.889
4441,0.117065,0.024780,1.033569,0.117841,0.040849,0.999150,1.006904,-0.910000,-0.770000,0.630000,-0.892903,-0.134815,0.256106,2.341,-6.721,2.524,-6.892
4498,0.119385,0.037720,1.027466,0.120201,0.053758,0.993099,1.001790,0.280000,-0.280000,0.280000,0.297097,0.355185,-0.093894,3.098,-6.891,2.515,-6.906
4555,0.123413,0.019775,1.023071,0.124259,0.035837,0.988743,0.997164,0.140000,-0.700000,0.350000,0.157097,-0.064815,-0.023894,2.076,-7.158,2.507,-6.908
4612,0.119751,0.031616,1.027832,0.120565,0.047665,0.993462,1.001886,-0.350000,-0.840000,0.560000,-0.332903,-0.204815,0.186106,2.747,-6.912,2.532,-6.907
4668,0.118896,0.030762,1.030151,0.119693,0.046815,0.995761,1.004021,0.280000,-0.420000,0.280000,0.297097,0.215185,-0.093894,2.692,-6.847,2.520,-6.916
4725,0.122559,0.025269,1.023560,0.123402,0.041322,0.989227,0.997750,0.070000,-0.490000,0.350000,0.087097,0.145185,-0.023894,2.392,-7.105,2.527,-6.924
4782,0.121826,0.033203,1.021973,0.122683,0.049241,0.987654,0.996462,0.000000,-0.910000,0.420000,0.017097,-0.274815,0.046106,2.854,-7.072,2.547,-6.919
4839,0.121338,0.028442,1.030273,0.122126,0.044500,0.995882,1.004329,0.560000,-0.700000,0.210000,0.577097,-0.064815,-0.163894,2.559,-6.984,2.535,-6.921
4895,0.119019,0.021484,1.032471,0.119797,0.037557,0.998060,1.005926,-0.210000,-0.700000,0.420000,-0.192903,-0.064815,0.046106,2.155,-6.840,2.546,-6.926
4953,0.119629,0.035889,1.025513,0.120462,0.051927,0.991163,0.999806,-0.140000,-0.420000,0.420000,-0.122903,0.215185,0.046106,2.999,-6.920,2.563,-6.933
5009,0.125244,0.025269,1.022339,0.126089,0.041320,0.988017,0.996886,0.350000,-0.700000,0.280000,0.367097,-0.064815,-0.093894,2.395,-7.266,2.543,-6.940
5066,0.118896,0.026123,1.029053,0.119704,0.042183,0.994672,1.002737,-0.280000,-0.910000,0.490000,-0.262903,-0.274815,0.116106,2.428,-6.856,2.558,-6.933
5123,0.118286,0.032593,1.028809,0.119096,0.048642,0.994430,1.002717,-0.070000,-0.630000,0.420000,-0.052903,0.005185,0.046106,2.800,-6.821,2.562,-6.937
5180,0.122192,0.027100,1.026733,0.123009,0.043154,0.992373,1.000898,0.210000,-0.630000,0.350000,0.227097,0.005185,-0.023894,2.490,-7.059,2.555,-6.944
5236,0.120361,0.027588,1.027466,0.121177,0.043643,0.993099,1.001416,-0.140000,-0.770000,0.420000,-0.122903,-0.134815,0.046106,2.516,-6.950,2.562,-6.941
5293,0.119751,0.030762,1.028198,0.120562,0.046813,0.993825,1.002205,0.000000,-0.700000,0.420000,0.017097,-0.064815,0.046106,2.697,-6.909,2.566,-6.944
5350,0.120239,0.027466,1.027100,0.121059,0.043521,0.992736,1.001037,0.140000,-0.560000,0.350000,0.157097,0.075185,-0.023894,2.510,-6.946,2.564,-6.945
5407,0.120850,0.027710,1.026855,0.121669,0.043764,0.992494,1.000881,-0.140000,-0.700000,0.420000,-0.122903,-0.064815,0.046106,2.525,-6.982,2.570,-6.946
5463,0.119629,0.030518,1.027954,0.120442,0.046569,0.993583,1.001939,0.000000,-0.700000,0.350000,0.017097,-0.064815,-0.023894,2.683,-6.904,2.571,-6.944
5520,0.120117,0.027588,1.027222,0.120936,0.043643,0.992857,1.001147,0.070000,-0.560000,0.350000,0.087097,0.075185,-0.023894,2.517,-6.938,2.567,-6.948
5577,0.121338,0.028931,1.025757,0.122165,0.044981,0.991405,0.999916,-0.140000,-0.630000,0.420000,-0.122903,0.005185,0.046106,2.598,-7.018,2.573,-6.947
5634,0.120972,0.029663,1.027100,0.121788,0.045714,0.992736,1.001223,0.070000,-0.700000,0.420000,0.087097,-0.064815,0.046106,2.637,-6.987,2.571,-6.946
5691,0.119507,0.026367,1.028442,0.120318,0.042426,0.994067,1.002220,0.070000,-0.630000,0.420000,0.087097,0.005185,0.046106,2.444,-6.895,2.567,-6.949
5747,0.120850,0.027832,1.026978,0.121668,0.043886,0.992615,1.001006,-0.140000,-0.560000,0.420000,-0.122903,0.075185,0.046106,2.532,-6.981,2.571,-6.951
5804,0.123779,-0.002808,1.020508,0.124653,0.013287,0.986202,0.994137,-0.630000,6.580000,0.280000,-0.612903,7.215185,-0.093894,0.772,-7.203,2.506,-6.864
5861,0.039429,0.041626,1.126221,0.039661,0.057803,1.090996,1.093246,1.190000,-7.630000,0.350000,1.207097,-6.994815,-0.023894,3.033,-2.079,2.550,-6.474
5918,0.217651,0.056763,0.849976,0.219668,0.072510,0.817151,0.849262,0.840000,0.350000,0.210000,0.857097,0.985185,-0.163894,5.071,-14.990,2.753,-7.471
5975,0.108154,0.022583,1.059692,0.108733,0.038693,1.025046,1.031523,-0.420000,-4.340000,0.910000,-0.402903,-3.704815,0.536106,2.162,-6.051,2.718,-7.240
6032,0.106812,0.064087,1.064819,0.107338,0.080137,1.030128,1.038801,0.210000,-2.730000,0.630000,0.227097,-2.094815,0.256106,4.448,-5.931,2.773,-7.340
6088,0.133667,0.016113,1.007813,0.134612,0.032158,0.973617,0.983404,0.980000,1.260000,-0.070000,0.997097,1.895185,-0.443894,1.892,-7.868,2.710,-7.437
6145,0.121948,0.035400,1.029297,0.122740,0.051445,0.994914,1.003776,-2.590000,-1.890000,0.980000,-2.572903,-1.254815,0.606106,2.960,-7.024,2.729,-7.332
6202,0.145264,0.036255,0.993896,0.146283,0.052247,0.959821,0.972309,1.050000,-1.120000,2.730000,1.067097,-0.484815,2.356106,3.116,-8.653,2.748,-7.417
6258,0.137817,0.009766,1.009399,0.138736,0.025823,0.975190,0.985347,1.190000,-1.820000,2.030000,1.207097,-1.184815,1.656106,1.517,-8.094,2.619,-7.453
6315,0.115479,0.009155,1.054443,0.116082,0.025280,1.019842,1.026739,-0.630000,-5.110000,1.540000,-0.612903,-4.474815,1.166106,1.420,-6.492,2.557,-7.473
6372,0.154053,0.010132,0.988037,0.155101,0.026158,0.954013,0.966892,2.940000,-2.240000,0.070000,2.957097,-1.604815,-0.303894,1.571,-9.231,2.587,-7.783
6429,0.121460,0.070190,1.073486,0.121858,0.086243,1.038720,1.049393,2.940000,-4.270000,-0.280000,2.957097,-3.634815,-0.653894,4.746,-6.668,2.854,-7.802
6486,0.142090,0.049805,1.004883,0.143020,0.065790,0.970712,0.983395,-1.610000,-7.070000,-1.750000,-1.592903,-6.434815,-2.123894,3.877,-8.362,2.973,-8.156
6542,0.156006,0.050537,0.996216,0.156963,0.066509,0.962121,0.977106,-1.120000,-13.300000,-0.420000,-1.102903,-12.664815,-0.793894,3.954,-9.244,2.761,-8.643
6600,0.171997,0.015503,1.009888,0.172790,0.031552,0.975674,0.991358,-2.380000,-5.810000,-0.070000,-2.362903,-5.174815,-0.443894,1.852,-10.038,2.635,-9.180
6656,0.142212,0.023560,1.066406,0.142613,0.039678,1.031701,1.042267,0.070000,-0.280000,-0.560000,0.087097,0.355185,-0.933894,2.202,-7.864,2.566,-9.313
6713,0.144043,0.025879,1.045654,0.144618,0.041963,1.011130,1.022281,0.280000,1.890000,-0.490000,0.297097,2.525185,-0.863894,2.376,-8.133,2.577,-9.271
6770,0.158569,0.034180,1.029663,0.159231,0.050227,0.995277,1.009185,0.630000,-3.500000,0.700000,0.647097,-2.864815,0.326106,2.889,-9.078,2.633,-9.237
6826,0.154297,0.013428,1.032227,0.154957,0.029513,0.997818,1.010210,0.280000,-1.330000,0.210000,0.297097,-0.694815,-0.163894,1.694,-8.824,2.584,-9.317
6883,0.164673,0.025269,1.007080,0.165513,0.041298,0.972890,0.987733,0.000000,-2.520000,0.140000,0.017097,-1.884815,-0.233894,2.431,-9.646,2.596,-9.438
6940,0.173706,0.054443,1.025269,0.174347,0.070451,0.990921,1.008605,-0.420000,-3.500000,0.210000,-0.402903,-2.864815,-0.163894,4.067,-9.954,2.570,-9.518
6997,0.166382,0.056152,1.081665,0.166556,0.072240,1.046828,1.062454,-1.540000,-9.800000,1.190000,-1.522903,-9.164815,0.816106,3.948,-9.019,2.577,-9.744
7054,0.159058,0.012329,1.058838,0.159470,0.028455,1.024199,1.036930,-3.570000,-25.200001,2.030000,-3.552903,-24.564816,1.656106,1.591,-8.847,2.406,-10.710
7110,0.230347,-0.001343,0.918701,0.231737,0.014600,0.885279,0.915224,-2.310000,-21.770000,1.330000,-2.292903,-21.134815,0.956106,0.945,-14.667,2.178,-12.112
7167,0.212158,0.028564,1.026733,0.212660,0.044617,0.992373,1.015883,-0.210000,-6.720000,0.420000,-0.192903,-6.084815,0.046106,2.574,-12.083,2.147,-12.843
7224,0.234985,0.010498,0.992065,0.235716,0.026529,0.958006,0.986935,-0.350000,-5.950000,1.400000,-0.332903,-5.314815,1.026106,1.586,-13.818,2.138,-13.220
7281,0.228027,0.031494,1.015381,0.228572,0.047525,0.981119,1.008513,2.870000,-7.420000,0.700000,2.887097,-6.784815,0.326106,2.773,-13.099,2.170,-13.551
7338,0.249756,0.003540,1.022095,0.250175,0.019627,0.987775,1.019152,1.120000,-14.490000,1.400000,1.137097,-13.854815,1.026106,1.138,-14.210,2.279,-14.078
7394,0.256348,0.027100,1.006348,0.256874,0.043125,0.972164,1.006453,-1.190000,-10.990000,0.770000,-1.172903,-10.354815,0.396106,2.540,-14.787,2.270,-14.777
7451,0.250122,0.020874,1.015625,0.250591,0.036923,0.981361,1.013523,-0.840000,-13.300000,1.400000,-0.822903,-12.664815,1.026106,2.155,-14.315,2.202,-15.410
7508,0.286987,-0.007080,0.977905,0.287665,0.008959,0.943969,0.986868,-0.630000,-16.590000,1.610000,-0.612903,-15.954815,1.236106,0.544,-16.947,2.141,-16.222
7565,0.289307,0.031616,0.998901,0.289782,0.047623,0.964783,1.008488,1.470000,-17.500000,0.280000,1.487097,-16.864815,-0.093894,2.826,-16.699,2.129,-17.046
7622,0.311035,0.029175,0.963867,0.311741,0.045134,0.930053,0.981946,0.070000,-10.640000,0.420000,0.087097,-10.004815,0.046106,2.778,-18.510,2.190,-17.929
7678,0.315186,0.015015,0.981445,0.315728,0.031023,0.947478,0.999180,0.210000,-9.800000,1.120000,0.227097,-9.164815,0.746106,1.875,-18.420,2.203,-18.482
7735,0.319580,0.015137,1.003540,0.319914,0.031177,0.969381,1.021282,0.700000,-10.290000,0.700000,0.717097,-9.654815,0.326106,1.842,-18.255,2.183,-18.928
7792,0.333618,0.016113,0.977051,0.334134,0.032113,0.943122,1.001077,0.560000,-11.970000,0.280000,0.577097,-11.334815,-0.093894,1.950,-19.498,2.189,-19.524
7849,0.331055,0.012085,0.990723,0.331461,0.028112,0.956675,1.012859,-0.280000,-14.910000,0.770000,-0.262903,-14.274815,0.396106,1.683,-19.102,2.210,-20.197
7905,0.365601,0.024536,0.952881,0.366213,0.040487,0.919162,0.990258,-0.350000,-15.960000,0.70000,-0.332903,-15.324815,0.396106,2.522,-21.704,2.199,-21.001
7962,0.378906,0.015625,0.947388,0.379523,0.031582,0.913717,0.989906,-0.840000,-9.660000,-0.350000,-0.822903,-9.024815,-0.723894,1.980,-22.544,2.135,-21.621
8019,0.375854,0.013306,0.963745,0.376340,0.029291,0.929932,1.003625,-0.840000,-11.060000,0.350000,-0.822903,-10.424815,-0.023894,1.804,-22.023,2.121,-22.169
8076,0.385376,0.026489,0.950439,0.385940,0.042433,0.916742,0.995573,0.560000,-10.920000,0.770000,0.577097,-10.284815,0.396106,2.650,-22.809,2.117,-22.764
8133,0.396729,0.011963,0.957520,0.397196,0.027941,0.923760,1.005922,0.560000,-12.810000,0.910000,0.577097,-12.174815,0.536106,1.733,-23.257,2.125,-23.343
8189,0.421265,-0.002075,0.911255,0.422055,0.013858,0.877898,0.974180,0.770000,-8.260000,-0.420000,0.787097,-7.624815,-0.793894,0.904,-25.673,2.095,-24.051
8246,0.404663,0.029053,0.962646,0.405053,0.045010,0.928843,1.014319,-0.280000,-8.050000,-0.210000,-0.262903,-7.414815,-0.583894,2.774,-23.537,2.149,-24.398
8303,0.403931,0.028809,0.992065,0.404066,0.044810,0.958006,1.040699,-1.190000,-10.150000,1.680000,-1.172903,-9.514814,1.306106,2.678,-22.847,2.171,-24.778
8360,0.440308,0.005493,0.905273,0.441081,0.021405,0.871968,0.977414,-0.980000,-10.710000,1.680000,-0.962903,-10.074815,1.306106,1.406,-26.825,2.083,-25.429
8416,0.444214,0.005371,0.917603,0.444866,0.021302,0.884190,0.990026,-0.700000,-6.860000,0.280000,-0.682903,-6.224815,-0.093894,1.380,-26.702,1.990,-25.940
8473,0.441284,0.009644,0.928345,0.441852,0.025583,0.894839,0.998311,-0.350000,-4.550000,0.840000,-0.332903,-3.914815,0.466106,1.638,-26.270,1.975,-26.251
8530,0.434326,0.023804,0.949707,0.434727,0.039751,0.916016,1.014718,-0.420000,-2.240000,-0.140000,-0.402903,-1.604815,-0.513894,2.485,-25.367,1.914,-26.412
8587,0.456055,0.001953,0.909058,0.456741,0.017877,0.875719,0.987834,-0.420000,-3.850000,0.700000,-0.402903,-3.214815,0.326106,1.169,-27.540,1.918,-26.591
8644,0.444458,0.009033,0.942017,0.444895,0.024993,0.908392,1.011797,0.490000,-6.090000,0.490000,0.507097,-5.454815,0.116106,1.576,-26.085,1.906,-26.765
8700,0.453247,0.027466,0.937622,0.453686,0.043390,0.904036,1.012420,0.910000,-9.450000,0.490000,0.927097,-8.814815,0.116106,2.748,-26.623,1.959,-27.106
8757,0.464600,0.010376,0.915405,0.465198,0.026295,0.882012,0.997520,0.000000,-9.870000,0.350000,0.017097,-9.234815,-0.023894,1.708,-27.798,1.952,-27.637
8814,0.472046,0.002441,0.912842,0.472644,0.018370,0.879471,0.998598,-0.420000,-8.050000,0.630000,-0.402903,-7.414815,0.256106,1.197,-28.249,1.936,-28.136
8871,0.480469,0.024048,0.905029,0.481099,0.039929,0.871726,0.996472,-0.490000,-9.940000,1.400000,-0.472903,-9.304814,1.026106,2.623,-28.869,1.972,-28.574
8928,0.486572,0.010132,0.899536,0.487233,0.026028,0.866281,0.994241,0.210000,-8.050000,0.840000,0.227097,-7.414815,0.466106,1.721,-29.344,1.913,-29.087
8984,0.495117,0.017700,0.887695,0.495849,0.033567,0.854543,0.988553,0.490000,-6.650000,0.000000,0.507097,-6.014815,-0.373894,2.249,-30.105,1.904,-29.505
9041,0.488770,0.005737,0.921631,0.489231,0.021673,0.888183,1.014242,0.490000,-4.550000,0.840000,0.507097,-3.914815,0.466106,1.398,-28.840,1.931,-29.749
9098,0.497192,0.010376,0.905518,0.497764,0.026281,0.872210,1.004594,0.280000,-6.230000,0.490000,0.297097,-5.594815,0.116106,1.726,-29.702,1.926,-29.975
9155,0.510254,0.023560,0.881470,0.510986,0.039407,0.848371,0.991157,-0.140000,-6.580000,0.420000,-0.122903,-5.944815,0.046106,2.660,-31.034,1.967,-30.349
9211,0.508301,0.012085,0.895142,0.508924,0.027972,0.861924,1.001348,0.070000,-5.740000,0.770000,0.087097,-5.104815,0.396106,1.859,-30.547,1.961,-30.647
9268,0.504272,0.023193,0.916504,0.504719,0.039093,0.883101,1.017908,0.350000,-3.430000,0.490000,0.367097,-2.794815,0.116106,2.535,-29.725,1.959,-30.864
9325,0.519409,0.004639,0.875732,0.520165,0.020509,0.842684,0.990509,0.700000,-3.920000,0.980000,0.717097,-3.284815,0.606106,1.394,-31.678,1.986,-31.067
9381,0.514771,0.015991,0.895996,0.515362,0.031873,0.862771,1.005479,0.420000,-5.950000,-0.070000,0.437097,-5.314815,-0.443894,2.116,-30.834,1.978,-31.251
9439,0.519775,0.014893,0.902466,0.520293,0.030785,0.869185,1.013477,0.350000,-6.300000,0.350000,0.367097,-5.664815,-0.023894,2.028,-30.889,2.011,-31.518
9495,0.527222,0.008911,0.876831,0.527939,0.024776,0.843773,0.995633,-0.560000,-2.100000,0.770000,-0.542903,-1.464815,0.396106,1.682,-32.023,2.027,-31.834
9552,0.541138,0.011841,0.838867,0.542137,0.027645,0.806139,0.971873,-0.420000,0.980000,0.840000,-0.402903,1.615185,0.466106,1.964,-33.906,1.996,-31.961
9609,0.520508,0.009644,0.894897,0.521091,0.025534,0.861682,1.007315,-0.140000,1.890000,0.490000,-0.122903,2.525185,0.116106,1.697,-31.152,1.966,-31.778
9665,0.511353,0.018066,0.919067,0.511754,0.033978,0.885642,1.023430,-0.560000,-1.680000,0.630000,-0.542903,-1.044815,0.256106,2.197,-30.003,1.955,-31.572
9722,0.534180,-0.003296,0.862793,0.534999,0.012568,0.829857,0.987443,0.350000,-0.630000,0.350000,0.367097,0.005185,-0.023894,0.868,-32.806,1.900,-31.664
9779,0.527222,0.006348,0.869629,0.528003,0.022206,0.836633,0.989563,0.560000,1.120000,-0.350000,0.577097,1.755185,-0.723894,1.520,-32.247,1.903,-31.641
9836,0.518555,0.027344,0.895264,0.519136,0.043206,0.862045,1.007219,0.070000,2.520000,0.070000,0.087097,3.155185,-0.303894,2.869,-31.025,1.969,-31.479
9893,0.515747,0.010010,0.894165,0.516353,0.025898,0.860956,1.004259,1.330000,2.310000,-0.490000,1.347097,2.945185,-0.863894,1.723,-30.942,1.961,-31.293
9950,0.515137,0.005615,0.888550,0.515795,0.021503,0.855390,0.999099,1.120000,1.190000,-0.490000,1.137097,1.825185,-0.863894,1.440,-31.082,2.031,-31.141
10006,0.514282,0.008179,0.894653,0.514890,0.024071,0.861440,1.003877,0.560000,-1.050000,-0.140000,0.577097,-0.414815,-0.513894,1.601,-30.857,2.108,-31.028
10063,0.510498,0.012085,0.901123,0.511061,0.027980,0.867854,1.007540,-0.280000,0.980000,0.420000,-0.262903,1.615185,0.046106,1.847,-30.480,2.151,-31.035
10120,0.522949,0.001099,0.866211,0.523777,0.016961,0.833245,0.984341,0.630000,3.640000,-0.350000,0.647097,4.275185,-0.723894,1.166,-32.148,2.104,-30.968
10176,0.512451,0.048950,0.893066,0.513066,0.064774,0.859867,1.003396,1.610000,0.350000,-1.890000,1.627097,0.985185,-2.263894,4.308,-30.752,2.177,-30.716
10233,0.503662,-0.010864,0.915039,0.504134,0.005089,0.881649,1.015619,5.740000,3.360000,-3.640000,5.757097,3.995185,-4.013894,0.331,-29.761,2.223,-30.594
10290,0.484375,0.067993,0.947632,0.484606,0.083865,0.913959,1.037881,0.070000,-2.030000,0.420000,0.087097,-1.394815,0.046106,5.243,-27.834,2.687,-30.308
10347,0.501831,-0.008667,0.908569,0.502365,0.007273,0.875235,1.009188,0.070000,1.680000,0.140000,0.087097,2.315185,-0.233894,0.476,-29.854,2.605,-30.405
10404,0.521240,0.050171,0.850220,0.522198,0.065930,0.817393,0.972198,-0.630000,-0.350000,0.840000,-0.612903,0.285185,0.466106,4.611,-32.489,2.725,-30.416
10461,0.505127,0.011353,0.897949,0.505737,0.027244,0.864707,1.002113,1.050000,-2.450000,-0.280000,1.067097,-1.814815,-0.653894,1.805,-30.309,2.641,-30.353
10518,0.491577,0.032104,0.932251,0.491928,0.048013,0.898711,1.025661,-0.980000,-0.420000,1.120000,-0.962903,0.215185,0.746106,3.058,-28.661,2.747,-30.356
10574,0.510498,0.031006,0.881836,0.511223,0.046842,0.848734,0.991914,0.700000,0.910000,-0.280000,0.717097,1.545185,-0.653894,3.159,-31.024,2.692,-30.415
10631,0.514893,0.018188,0.868164,0.515726,0.034026,0.835181,0.982170,-0.560000,-1.260000,0.910000,-0.542903,-0.624815,0.536106,2.333,-31.674,2.742,-30.395
10688,0.498779,0.038574,0.912598,0.499275,0.054443,0.879229,1.012562,0.350000,-1.680000,0.140000,0.367097,-1.044815,-0.233894,3.543,-29.543,2.733,-30.358
10744,0.498413,0.013550,0.913818,0.498907,0.029461,0.880439,1.012397,-0.210000,0.140000,0.490000,-0.192903,0.775185,0.116106,1.917,-29.525,2.739,-30.382
10802,0.512451,0.036987,0.876343,0.513216,0.052806,0.843289,0.988592,-0.210000,0.140000,0.490000,-0.192903,0.775185,0.116106,3.583,-31.274,2.774,-30.411
10858,0.510864,0.016846,0.882690,0.511585,0.032706,0.849581,0.992259,0.420000,-1.400000,0.140000,0.437097,-0.764815,-0.233894,2.205,-31.036,2.741,-30.388
10915,0.498657,0.029663,0.914429,0.499140,0.045549,0.881044,1.013634,-0.420000,-1.120000,0.700000,-0.402903,-0.484815,0.326106,2.960,-29.500,2.783,-30.368
10972,0.503296,0.027954,0.901367,0.503877,0.043824,0.868096,1.004690,0.280000,0.140000,0.070000,0.297097,0.775185,-0.303894,2.890,-30.101,2.754,-30.399
11029,0.511353,0.022217,0.878052,0.512111,0.038062,0.844983,0.988788,-0.280000,-0.350000,0.560000,-0.262903,0.285185,0.186106,2.579,-31.193,2.776,-30.408
11085,0.506226,0.031860,0.892456,0.506873,0.047711,0.859262,0.998763,0.140000,-1.330000,0.280000,0.157097,-0.694815,-0.093894,3.178,-30.497,2.774,-30.386
11142,0.500244,0.019897,0.909912,0.500764,0.035793,0.876566,1.010156,0.000000,-0.700000,0.350000,0.017097,-0.064815,-0.023894,2.338,-29.718,2.769,-30.381
11198,0.505737,0.031860,0.894531,0.506368,0.047714,0.861319,1.000278,-0.210000,-0.070000,0.490000,-0.192903,0.565185,0.116106,3.171,-30.413,2.792,-30.403
11255,0.511230,0.023560,0.882935,0.511946,0.039410,0.849823,0.992895,0.210000,-0.700000,0.210000,0.227097,-0.064815,-0.163894,2.655,-31.038,2.774,-30.404
11312,0.503662,0.025879,0.897217,0.504279,0.041746,0.863981,1.001251,-0.210000,-1.120000,0.560000,-0.192903,-0.484815,0.186106,2.766,-30.242,2.792,-30.385
11369,0.501465,0.029541,0.904785,0.502022,0.045413,0.871484,1.006763,0.140000,-0.560000,0.210000,0.157097,0.075185,-0.163894,2.983,-29.911,2.786,-30.381
11426,0.506348,0.021973,0.892578,0.506997,0.037839,0.859383,0.998507,-0.070000,-0.210000,0.420000,-0.052903,0.425185,0.046106,2.521,-30.514,2.792,-30.392
11483,0.508423,0.030151,0.886597,0.509114,0.045996,0.853454,0.994835,0.000000,-0.770000,0.420000,0.017097,-0.134815,0.046106,3.085,-30.781,2.795,-30.391
11539,0.504517,0.023804,0.898315,0.505121,0.039676,0.865070,1.002531,0.070000,-0.980000,0.280000,0.087097,-0.344815,-0.093894,2.626,-30.255,2.788,-30.381
11596,0.502563,0.028198,0.901611,0.503145,0.044068,0.868338,1.004543,-0.210000,-0.490000,0.490000,-0.192903,0.145185,0.116106,2.905,-30.058,2.806,-30.386
11653,0.506470,0.026855,0.890747,0.507133,0.042712,0.857568,0.997211,0.140000,-0.350000,0.280000,0.157097,0.285185,-0.093894,2.851,-30.567,2.795,-30.394
11710,0.507812,0.025391,0.889526,0.508482,0.041247,0.856358,0.996797,-0.070000,-0.840000,0.490000,-0.052903,-0.204815,0.116106,2.758,-30.672,2.804,-30.389
11766,0.503784,0.029053,0.899170,0.504382,0.044918,0.865918,1.003111,0.070000,-0.840000,0.350000,0.087097,-0.204815,-0.023894,2.969,-30.187,2.804,-30.383
11824,0.504272,0.023193,0.898926,0.504873,0.039067,0.865676,1.002904,0.000000,-0.420000,0.350000,0.017097,0.215185,-0.023894,2.584,-30.226,2.799,-30.388
11880,0.507202,0.029053,0.891235,0.507858,0.044906,0.858052,0.998093,-0.140000,-0.490000,0.420000,-0.122903,0.145185,0.046106,2.996,-30.586,2.811,-30.394
11937,0.506470,0.025391,0.892700,0.507116,0.041252,0.859504,0.998807,0.140000,-0.840000,0.350000,0.157097,-0.204815,-0.023894,2.748,-30.512,2.801,-30.389
11994,0.503784,0.026123,0.898315,0.504391,0.041991,0.865070,1.002258,-0.140000,-0.770000,0.490000,-0.122903,-0.134815,0.116106,2.779,-30.216,2.807,-30.387
12050,0.505737,0.027710,0.896240,0.506355,0.043573,0.863013,1.001542,0.070000,-0.490000,0.350000,0.087097,0.145185,-0.023894,2.890,-30.370,2.805,-30.393
12108,0.505737,0.025269,0.893188,0.506382,0.041131,0.859988,0.998846,0.000000,-0.630000,0.350000,0.017097,0.005185,-0.023894,2.738,-30.462,2.808,-30.393
12164,0.505981,0.028442,0.894165,0.506616,0.044301,0.860956,0.999934,0.000000,-0.770000,0.420000,0.017097,-0.134815,0.046106,2.946,-30.441,2.815,-30.390
12221,0.503784,0.024536,0.898193,0.504392,0.040407,0.864949,1.002089,0.000000,-0.700000,0.350000,0.017097,-0.064815,-0.023894,2.675,-30.221,2.807,-30.388
12278,0.505371,0.026855,0.895142,0.506000,0.042718,0.861924,1.000387,-0.070000,-0.630000,0.420000,-0.052903,0.005185,0.046106,2.837,-30.385,2.813,-30.391
12334,0.505737,0.026123,0.894165,0.506373,0.041985,0.860956,0.999711,0.000000,-0.630000,0.280000,0.017097,0.005185,-0.093894,2.792,-30.432,2.808,-30.389
12391,0.504883,0.025391,0.895142,0.505513,0.041256,0.861924,1.000080,-0.070000,-0.700000,0.420000,-0.052903,-0.064815,0.046106,2.740,-30.363,2.811,-30.384
12448,0.504761,0.027710,0.896484,0.505379,0.043573,0.863255,1.001258,0.000000,-0.630000,0.420000,0.017097,0.005185,0.046106,2.890,-30.314,2.812,-30.383
12505,0.505005,0.025391,0.895630,0.505631,0.041256,0.862408,1.000556,0.000000,-0.560000,0.350000,0.017097,0.075185,-0.023894,2.739,-30.355,2.811,-30.384
12562,0.506104,0.027222,0.894531,0.506735,0.043083,0.861319,1.000253,-0.070000,-0.630000,0.420000,-0.052903,0.005185,0.046106,2.864,-30.438,2.813,-30.383
12618,0.505981,0.025635,0.895630,0.506604,0.041500,0.862408,1.001058,0.070000,-0.700000,0.420000,0.087097,-0.064815,0.046106,2.755,-30.402,2.809,-30.382
12675,0.504761,0.026367,0.896729,0.505378,0.042233,0.863497,1.001408,-0.070000,-0.700000,0.420000,-0.052903,-0.064815,0.046106,2.800,-30.309,2.811,-30.383
12732,0.505249,0.027710,0.895386,0.505875,0.043571,0.862166,1.000569,0.000000,-0.630000,0.420000,0.017097,0.005185,0.046106,2.893,-30.370,2.811,-30.384
12789,0.505737,0.026123,0.894531,0.506370,0.041986,0.861319,1.000022,0.000000,-0.700000,0.420000,0.017097,-0.064815,0.046106,2.791,-30.422,2.810,-30.384
12845,0.505615,0.026733,0.896484,0.506231,0.042598,0.863255,1.001646,0.000000,-0.700000,0.350000,0.017097,-0.064815,-0.023894,2.825,-30.358,2.811,-30.379
12903,0.505005,0.026489,0.896362,0.505624,0.042354,0.863134,1.001224,0.000000,-0.630000,0.350000,0.017097,0.005185,-0.023894,2.809,-30.332,2.812,-30.378
12959,0.506348,0.026733,0.895020,0.506974,0.042596,0.861803,1.000771,0.000000,-0.630000,0.420000,0.017097,0.005185,0.046106,2.830,-30.437,2.812,-30.379
13016,0.505005,0.025757,0.895996,0.505628,0.041622,0.862771,1.000883,0.000000,-0.700000,0.420000,0.017097,-0.064815,0.046106,2.762,-30.343,2.813,-30.376
13073,0.504517,0.026489,0.896118,0.505140,0.042354,0.862892,1.000771,0.000000,-0.700000,0.350000,0.017097,-0.064815,-0.023894,2.810,-30.315,2.810,-30.375
13129,0.505981,0.026367,0.895630,0.506604,0.042231,0.862408,1.001089,0.000000,-0.630000,0.420000,0.017097,0.005185,0.046106,2.803,-30.401,2.811,-30.374
13186,0.505981,0.027466,0.896362,0.506597,0.043329,0.863134,1.001758,-0.070000,-0.630000,0.350000,-0.052903,0.005185,-0.023894,2.874,-30.378,2.813,-30.374
13243,0.504883,0.026611,0.895752,0.505508,0.042475,0.862529,1.000649,0.000000,-0.630000,0.350000,0.017097,0.005185,-0.023894,2.819,-30.343,2.811,-30.373
13300,0.505615,0.026611,0.896118,0.506234,0.042476,0.862892,1.001329,-0.070000,-0.630000,0.420000,-0.052903,0.005185,0.046106,2.818,-30.369,2.812,-30.370
13357,0.504639,0.027100,0.896606,0.505257,0.042964,0.863376,1.001274,0.000000,-0.630000,0.350000,0.017097,0.005185,-0.023894,2.849,-30.306,2.813,-30.366
13414,0.505249,0.025024,0.896484,0.505867,0.040892,0.863255,1.001390,0.000000,-0.630000,0.350000,0.017097,0.005185,-0.023894,2.712,-30.342,2.814,-30.366
13470,0.505249,0.026978,0.896118,0.505869,0.042841,0.862892,1.001161,0.000000,-0.630000,0.350000,0.017097,0.005185,-0.023894,2.842,-30.350,2.813,-30.366
13527,0.505249,0.025757,0.895996,0.505871,0.041622,0.862771,1.001005,0.000000,-0.630000,0.420000,0.017097,0.005185,0.046106,2.762,-30.355,2.809,-30.365
13584,0.504517,0.028198,0.896240,0.505138,0.044060,0.863013,1.000948,-0.070000,-0.630000,0.420000,-0.052903,0.005185,0.046106,2.923,-30.309,2.814,-30.363
13640,0.506348,0.026001,0.896240,0.506963,0.041866,0.863013,1.001777,0.070000,-0.630000,0.280000,0.087097,0.005185,-0.093894,2.777,-30.402,2.810,-30.366
13697,0.505737,0.025391,0.894531,0.506370,0.041255,0.861319,0.999992,-0.070000,-0.630000,0.420000,-0.052903,0.005185,0.046106,2.742,-30.423,2.809,-30.369
13754,0.505615,0.026245,0.895996,0.506236,0.042110,0.862771,1.001210,0.000000,-0.700000,0.350000,0.017097,-0.064815,-0.023894,2.794,-30.373,2.806,-30.365
13811,0.505981,0.025757,0.896606,0.506595,0.041623,0.863376,1.001893,0.000000,-0.630000,0.420000,0.017097,0.005185,0.046106,2.760,-30.374,2.804,-30.366
13868,0.505493,0.027710,0.895386,0.506119,0.043571,0.862166,1.000692,-0.070000,-0.630000,0.420000,-0.052903,0.005185,0.046106,2.893,-30.382,2.809,-30.369
13924,0.505371,0.026245,0.894287,0.506007,0.042107,0.861077,0.999635,0.000000,-0.630000,0.350000,0.017097,0.005185,-0.023894,2.800,-30.411,2.805,-30.370
13982,0.504883,0.026001,0.895874,0.505507,0.041866,0.862650,1.000727,-0.070000,-0.630000,0.420000,-0.052903,0.005185,0.046106,2.778,-30.341,2.806,-30.367
14038,0.505127,0.024292,0.896729,0.505743,0.040161,0.863497,1.001507,0.070000,-0.630000,0.350000,0.087097,0.005185,-0.023894,2.663,-30.330,2.803,-30.369
14095,0.508789,0.019043,0.886353,0.509485,0.034905,0.853212,0.994366,1.330000,0.280000,-0.630000,1.347097,0.915185,-1.003894,2.343,-30.822,2.790,-30.390
14151,0.499390,0.058838,0.906372,0.499931,0.074665,0.873057,1.008828,-2.380000,-2.940000,2.310000,-2.362903,-2.304815,1.936106,4.888,-29.706,2.970,-30.306
14209,0.495117,-0.003418,0.927124,0.495512,0.012541,0.893629,1.021891,1.750000,0.280000,-1.050000,1.767097,0.915185,-1.423894,0.804,-29.006,2.707,-30.352
14265,0.512329,0.043701,0.874146,0.513111,0.059505,0.841110,0.987062,-1.540000,0.490000,1.470000,-1.522903,1.125185,1.096106,4.047,-31.321,2.902,-30.393
14322,0.513306,0.023315,0.875122,0.514082,0.039154,0.842079,0.987375,1.330000,-1.470000,-0.630000,1.347097,-0.834815,-1.003894,2.662,-31.376,2.772,-30.366
14379,0.498535,0.015259,0.912964,0.499035,0.031166,0.879592,1.011775,-0.840000,-0.700000,0.980000,-0.822903,-0.064815,0.606106,2.029,-29.553,2.845,-30.342
14436,0.499268,0.056519,0.906372,0.499810,0.072349,0.873057,1.008600,0.770000,0.140000,-0.280000,0.787097,0.775185,-0.653894,4.737,-29.706,2.840,-30.342
14492,0.515381,0.019165,0.867920,0.516214,0.035000,0.834939,0.982255,0.560000,-0.700000,-0.140000,0.577097,-0.064815,-0.513894,2.400,-31.705,2.852,-30.373
14549,0.495117,0.014160,0.920776,0.495562,0.030081,0.887336,1.016785,-1.120000,-0.910000,1.540000,-1.102903,-0.274815,1.166106,1.942,-29.169,2.887,-30.318
14606,0.511108,0.048584,0.873291,0.511901,0.064379,0.840263,0.986017,-0.700000,-0.350000,1.120000,-0.682903,0.285185,0.746106,4.381,-31.276,2.893,-30.440
14662,0.520752,0.039673,0.852539,0.521695,0.055452,0.819692,0.973208,0.840000,1.330000,-0.350000,0.857097,1.965185,-0.723894,3.870,-32.416,2.851,-30.511
14719,0.506958,0.020752,0.894287,0.507590,0.036623,0.861077,1.000221,1.120000,-2.100000,-0.350000,1.137097,-1.464815,-0.723894,2.435,-30.496,2.865,-30.391
14776,0.507080,0.018433,0.890747,0.507743,0.034302,0.857568,0.997197,-1.050000,0.420000,1.190000,-1.032903,1.055185,0.816106,2.291,-30.609,2.931,-30.447
14833,0.506714,0.072144,0.885986,0.507404,0.087919,0.852848,0.996262,-0.840000,3.780000,0.140000,-0.822903,4.415185,-0.233894,5.886,-30.618,2.932,-30.357
14890,0.490723,0.014404,0.925903,0.491138,0.030332,0.892419,1.019091,0.210000,0.350000,0.420000,0.227097,0.985185,0.046106,1.947,-28.812,2.880,-30.165
14946,0.527710,0.020142,0.834961,0.528788,0.035927,0.802266,0.961529,-0.770000,0.210000,0.910000,-0.752903,0.845185,0.536106,2.564,-33.363,2.902,-30.265
15004,0.489136,0.092163,0.918579,0.489596,0.107953,0.885158,1.017282,-0.630000,-0.420000,0.700000,-0.612903,0.215185,0.326106,6.953,-28.769,2.972,-30.114
15060,0.525024,0.032227,0.832397,0.526130,0.047988,0.799725,0.958476,-0.490000,0.420000,0.210000,-0.472903,1.055185,-0.163894,3.434,-33.293,2.879,-30.201
15117,0.496216,0.007080,0.915527,0.496704,0.023005,0.882133,1.012622,-0.140000,0.700000,-0.560000,-0.122903,1.335185,-0.933894,1.494,-29.374,2.790,-30.032
15174,0.494141,0.022949,0.908569,0.494692,0.038838,0.875235,1.006114,-0.420000,4.060000,-0.840000,-0.402903,4.695185,-1.213894,2.541,-29.451,2.761,-29.940
15230,0.508179,0.006104,0.868042,0.509040,0.021960,0.835060,0.978228,-2.800000,3.920000,1.750000,-2.782903,4.555185,1.376106,1.506,-31.357,2.780,-29.752
15287,0.498047,0.008789,0.874023,0.498891,0.024650,0.840989,0.978143,-0.420000,1.750000,0.070000,-0.402903,2.385185,-0.303894,1.679,-30.666,2.612,-29.544
15344,0.502563,0.065186,0.871338,0.503398,0.080951,0.838327,0.981201,-1.960000,2.800000,1.680000,-1.942903,3.435185,1.306106,5.515,-30.867,2.731,-29.435
15401,0.493408,0.036377,0.896362,0.494065,0.052226,0.863134,0.995906,0.280000,4.550000,-0.420000,0.297097,5.185185,-0.793894,3.463,-29.742,2.558,-29.166
15458,0.490723,0.032593,0.888550,0.491458,0.048436,0.855390,0.987709,-0.980000,6.580000,0.980000,-0.962903,7.215185,0.606106,3.241,-29.840,2.606,-28.877
15515,0.468506,0.014526,0.918457,0.469063,0.030443,0.885037,1.002117,0.280000,8.820000,-0.560000,0.297097,9.455185,-0.933894,1.970,-27.909,2.487,-28.387
15571,0.470703,0.005249,0.892334,0.471484,0.021143,0.859141,0.980238,-0.210000,7.070000,0.140000,-0.192903,7.705185,-0.233894,1.410,-28.750,2.525,-27.875
15628,0.441284,0.026123,0.953979,0.441623,0.042073,0.920251,1.021598,-0.140000,7.000000,0.280000,-0.122903,7.635185,-0.093894,2.618,-25.613,2.517,-27.360
15685,0.443115,0.049072,0.940430,0.443559,0.064965,0.906819,1.011576,0.350000,-0.140000,1.190000,0.367097,0.495185,0.816106,4.098,-26.007,2.587,-27.004
15742,0.444336,0.020508,0.941040,0.444779,0.036448,0.907424,1.011225,1.260000,-6.300000,-1.120000,1.277097,-5.664815,-1.493894,2.300,-26.094,2.553,-27.038
15799,0.374390,0.063721,1.039917,0.374200,0.079735,1.005442,1.075778,0.070000,-12.950000,0.280000,0.087097,-12.314815,-0.093894,4.534,-20.355,2.663,-27.213
15855,0.461670,0.014526,0.932739,0.462126,0.030464,0.899195,1.011455,-0.700000,-18.270000,2.240000,-0.682903,-17.634815,1.866106,1.940,-27.187,2.695,-28.027
15912,0.557251,0.002319,0.692993,0.559470,0.017926,0.661532,0.866575,2.800000,-5.530000,1.120000,2.817097,-4.894815,0.746106,1.552,-40.211,2.614,-29.447
15969,0.502930,0.030640,0.866455,0.503816,0.046454,0.833487,0.975033,-3.500000,-5.180000,-4.410000,-3.482903,-4.544815,-4.783894,3.190,-31.112,2.567,-29.571
16026,0.494263,0.053955,0.895020,0.494923,0.069773,0.861803,0.996254,-0.490000,-0.980000,0.560000,-0.472903,-0.344815,0.186106,4.629,-29.787,2.795,-29.710
16082,0.480957,0.027344,0.931274,0.481355,0.043258,0.897743,1.019567,0.070000,-2.240000,0.420000,0.087097,-1.604815,0.046106,2.759,-28.172,2.747,-29.609
16139,0.507202,0.010010,0.869019,0.508057,0.025862,0.836028,0.978639,-1.260000,-0.210000,1.470000,-1.242903,0.425185,1.096106,1.772,-31.275,2.729,-29.715
16196,0.505859,0.056274,0.871582,0.506683,0.072054,0.838569,0.982404,0.350000,-0.210000,0.280000,0.367097,0.425185,-0.093894,4.911,-31.048,2.709,-29.680
16253,0.480225,0.031738,0.930542,0.480630,0.047645,0.897017,1.018781,0.980000,-3.640000,-0.280000,0.997097,-3.004815,-0.653894,3.040,-28.149,2.720,-29.564
16310,0.508667,0.016968,0.873901,0.509472,0.032815,0.840868,0.983717,0.630000,0.140000,-0.350000,0.647097,0.775185,-0.723894,2.235,-31.192,2.777,-29.719
16367,0.498535,0.047729,0.884521,0.499274,0.063542,0.851396,0.989034,-1.330000,0.980000,1.050000,-1.312903,1.615185,0.676106,4.268,-30.319,2.894,-29.657
16423,0.481934,0.010986,0.927124,0.482370,0.026922,0.893629,1.015863,-0.980000,0.140000,0.840000,-0.962903,0.775185,0.466106,1.726,-28.349,2.767,-29.449
16480,0.514648,0.034546,0.841919,0.515707,0.050318,0.809164,0.960849,-0.700000,1.750000,0.280000,-0.682903,2.385185,-0.093894,3.558,-32.461,2.743,-29.469
16536,0.464478,0.031372,0.961914,0.464665,0.047325,0.928117,1.039016,-0.770000,1.960000,0.490000,-0.752903,2.595185,0.116106,2.919,-26.565,2.716,-29.164
16593,0.485840,0.007813,0.899536,0.486504,0.023713,0.866281,0.993826,-1.610000,3.150000,1.190000,-1.592903,3.785185,0.816106,1.568,-29.309,2.679,-29.101
16650,0.476440,0.006226,0.921265,0.476948,0.022160,0.887820,1.008065,0.000000,-1.540000,0.490000,0.017097,-0.904815,0.116106,1.430,-28.238,2.568,-28.880
16707,0.467407,0.030151,0.947510,0.467710,0.046085,0.913838,1.027607,0.700000,-0.630000,-0.350000,0.717097,0.005185,-0.723894,2.887,-27.074,2.561,-28.845
16764,0.459351,0.024414,0.958740,0.459585,0.040374,0.924970,1.033644,1.960000,2.030000,-1.470000,1.977097,2.665185,-1.843894,2.499,-26.399,2.576,-28.800
16820,0.501953,-0.010132,0.861328,0.502900,0.005742,0.828404,0.969121,-0.140000,2.730000,0.280000,-0.122903,3.365185,-0.093894,0.397,-31.260,2.630,-28.792
16878,0.466064,0.054077,0.934326,0.466480,0.069953,0.900768,1.016799,-1.400000,0.560000,1.610000,-1.382903,1.195185,1.236106,4.441,-27.308,2.728,-28.515
16934,0.455933,0.037842,0.920044,0.456513,0.053723,0.886610,0.998683,-0.560000,13.300000,0.210000,-0.542903,13.935185,-0.163894,3.468,-27.201,2.637,-28.357
16991,0.465332,0.004028,0.935181,0.465758,0.019987,0.901616,1.015007,-0.280000,4.900000,0.910000,-0.262903,5.535185,0.536106,1.270,-27.314,2.570,-27.587
17048,0.426392,0.037354,0.971802,0.426623,0.053311,0.937919,1.031766,0.070000,16.170000,-0.210000,0.087097,16.805185,-0.583894,3.253,-24.424,2.554,-27.028
17105,0.451416,0.017212,0.916016,0.452053,0.033121,0.882617,0.992201,-0.210000,10.430000,0.490000,-0.192903,11.065186,0.116106,2.149,-27.104,2.543,-26.283
17161,0.435791,0.023560,0.919312,0.436452,0.039463,0.885884,0.988352,-0.350000,9.590000,0.210000,-0.332903,10.225185,-0.163894,2.551,-26.206,2.529,-25.712
17218,0.425415,0.026733,0.940308,0.425928,0.042662,0.906698,1.002664,-0.490000,6.300000,0.700000,-0.472903,6.935185,0.326106,2.694,-25.138,2.523,-25.150
17275,0.422852,0.027832,0.901855,0.423709,0.043703,0.868580,0.967404,0.490000,13.930000,-0.350000,0.507097,14.565186,-0.723894,2.880,-25.975,2.485,-24.706
17331,0.378174,0.040527,0.992920,0.378388,0.056511,0.958853,1.032362,0.070000,23.870001,-0.070000,0.087097,24.505186,-0.443894,3.373,-21.502,2.545,-23.507
17389,0.362793,0.038086,0.988281,0.363102,0.054066,0.954255,1.022433,-0.560000,19.740000,0.280000,-0.542903,20.375185,-0.093894,3.243,-20.802,2.543,-22.224
17445,0.379517,-0.007935,0.952148,0.380097,0.008068,0.918436,0.994014,0.210000,7.560000,0.070000,0.227097,8.195185,-0.303894,0.503,-22.482,2.445,-21.325
17502,0.351685,0.039307,0.978271,0.352120,0.055270,0.944332,1.009359,0.350000,7.210000,-0.420000,0.367097,7.845185,-0.793894,3.350,-20.417,2.499,-20.806
17559,0.343140,0.029419,0.974487,0.343641,0.045393,0.940581,1.002418,-0.420000,8.400000,-0.700000,-0.402903,9.035185,-1.073894,2.763,-20.048,2.491,-20.395
17616,0.347656,0.013428,0.945923,0.348396,0.029387,0.912264,0.976969,-0.490000,8.470000,0.350000,-0.472903,9.105186,-0.023894,1.845,-20.892,2.491,-19.896
17673,0.312256,0.043213,1.024414,0.312425,0.059238,0.990074,1.039887,-1.890000,8.750000,1.120000,-1.872903,9.385185,0.746106,3.424,-17.484,2.517,-19.217
17729,0.336792,0.010986,0.941040,0.337613,0.026942,0.907424,0.968569,0.420000,9.450000,-0.140000,0.437097,10.085185,-0.513894,1.701,-20.400,2.382,-18.820
17786,0.295776,0.023315,1.027100,0.295985,0.039377,0.992736,1.036669,-0.910000,4.340000,0.910000,-0.892903,4.975185,0.536106,2.271,-16.590,2.420,-18.172
17843,0.284424,0.039917,0.988647,0.285003,0.055895,0.954618,0.997821,1.190000,16.940001,-0.910000,1.207097,17.575186,-1.283894,3.351,-16.596,2.387,-17.760
17899,0.305542,0.013916,0.980225,0.306129,0.029924,0.946268,0.995004,-0.490000,9.100000,0.420000,-0.472903,9.735186,0.046106,1.811,-17.919,2.420,-16.916
17957,0.282471,0.030762,1.001709,0.282945,0.046774,0.967566,1.009173,-0.910000,5.460000,0.840000,-0.892903,6.095185,0.466106,2.768,-16.282,2.414,-16.07
18011,0.281982,0.020508,0.995605,0.282515,0.036528,0.961515,1.002827,0.000000,4.760000,0.420000,0.017097,5.395185,0.046106,2.176,-16.363,2.391,-16.137
18070,0.284790,0.009277,0.970703,0.285534,0.025279,0.936829,0.979703,0.350000,4.760000,0.070000,0.367097,5.395185,-0.303894,1.546,-16.945,2.340,-15.925
18127,0.287476,0.003662,0.935669,0.288517,0.019622,0.902100,0.947318,0.770000,7.630000,0.000000,0.787097,8.265185,-0.373894,1.246,-17.732,2.331,-15.629
18184,0.239624,0.046143,1.048584,0.239834,0.062198,1.014034,1.043865,-0.840000,7.840000,0.630000,-0.822903,8.475185,0.256106,3.510,-13.283,2.440,-14.954
18240,0.228394,0.034546,1.045898,0.228670,0.050617,1.011372,1.038135,-0.210000,12.320000,0.000000,-0.192903,12.955185,-0.373894,2.865,-12.725,2.401,-14.328
18297,0.231079,0.013672,1.030762,0.231485,0.029754,0.996366,1.023336,-3.500000,-2.590000,2.310000,-3.482903,-1.954815,1.936106,1.711,-13.074,2.371,-13.897
18354,0.224731,0.023437,1.037964,0.225093,0.039515,1.003506,1.029200,0.840000,2.240000,-0.070000,0.857097,2.875185,-0.443894,2.255,-12.633,2.208,-13.884
18411,0.274536,-0.007202,0.939819,0.275590,0.008781,0.906214,0.947233,0.770000,-1.680000,0.280000,0.787097,-1.044815,-0.093894,0.555,-16.914,2.223,-13.941
18467,0.221436,0.055176,1.035889,0.221817,0.07198,1.001449,1.028189,0.980000,1.120000,-0.210000,0.997097,1.755185,-0.583894,4.067,-12.459,2.314,-13.825
18521,0.233765,0.026245,1.017578,0.234272,0.042288,0.983297,1.011704,-0.630000,-0.980000,0.700000,-0.612903,-0.344815,0.326106,2.463,-13.389,2.299,-13.800
18572,0.218628,0.020996,1.037598,0.219015,0.037077,1.003143,1.027442,1.190000,3.990000,-0.630000,1.207097,4.625185,-1.003894,2.117,-12.308,2.224,-13.746
18628,0.271118,0.010376,0.943237,0.272149,0.026336,0.909602,0.949808,-0.420000,1.960000,0.560000,-0.402903,2.595185,0.186106,1.658,-16.650,2.302,-13.686
18685,0.225952,0.019775,1.016846,0.226495,0.035828,0.982571,1.008975,-2.030000,-1.190000,1.400000,-2.012903,-0.554815,1.026106,2.088,-12.972,2.282,-13.465
18742,0.217285,0.044678,1.033203,0.217708,0.060713,0.998787,1.024040,0.280000,-0.700000,0.350000,0.297097,-0.064815,-0.023894,3.479,-12.275,2.244,-13.417
18798,0.224854,0.026489,1.011963,0.225441,0.042523,0.977731,1.004285,0.700000,5.950000,-0.280000,0.717097,6.585185,-0.653894,2.490,-12.972,2.239,-13.354
18855,0.232178,0.031128,0.992065,0.232912,0.047125,0.958006,0.987038,-1.120000,-0.070000,1.120000,-1.102903,0.565185,0.746106,2.816,-13.649,2.302,-13.146
18912,0.218628,0.029175,1.033081,0.219052,0.045235,0.998666,1.023407,0.140000,-3.150000,0.630000,0.157097,-2.514815,0.256106,2.593,-12.359,2.272,-13.113
18969,0.213989,0.015747,1.041992,0.214356,0.031843,1007499,1.030542,2.310000,-1.470000,-0.070000,2.327097,-0.834815,-0.443894,1.810,-12.005,2.282,-13.255
19025,0.251587,0.021973,0.917847,0.252904,0.037876,0.884432,0.920660,0.840000,-5.110000,1.050000,0.857097,-4.474815,0.676106,2.452,-15.944,2.342,-13.748
19083,0.229492,0.024414,1.026489,0.229937,0.040473,0.992131,1.019232,1.820000,-4.550000,0.000000,1.837097,-3.914815,-0.373894,2.336,-13.038,2.391,-13.834
19139,0.220947,0.030273,1.049683,0.221218,0.046357,1.015123,1.039981,3.710000,-12.740000,-0.980000,3.727097,-12.104815,-1.353894,2.615,-12.281,2.554,-14.060
19196,0.246948,0.026855,0.995605,0.247601,0.042865,0.961515,0.993809,-1.330000,1.890000,1.190000,-1.312903,2.525185,0.816106,2.553,-14.427,2.781,-14.592
19253,0.249878,-0.006104,0.995361,0.250533,0.009960,0.961273,0.993435,0.210000,-0.980000,0.420000,0.227097,-0.344815,0.046106,0.594,-14.607,2.655,-14.510
19310,0.250000,0.004761,1.002930,0.250585,0.020817,0.968776,1.000876,-0.210000,-1.400000,0.560000,-0.192903,-0.764815,0.186106,1.231,-14.499,2.658,-14.500
19367,0.245605,0.017822,1.008179,0.246156,0.033865,0.973980,1.005175,-0.770000,-0.840000,0.840000,-0.752903,-0.204815,0.466106,1.991,-14.175,2.681,-14.499
19423,0.244263,0.034912,1.007813,0.244816,0.050926,0.973617,1.005215,-0.770000,-0.560000,0.770000,-0.752903,0.075185,0.396106,2.994,-14.096,2.693,-14.493
19481,0.250244,0.041260,0.997070,0.250868,0.057248,0.962968,0.996754,-0.210000,-0.630000,0.630000,-0.192903,0.005185,0.256106,3.402,-14.577,2.689,-14.495
19537,0.247437,0.034058,0.997559,0.248068,0.050058,0.963452,0.996134,-0.840000,-0.560000,0.630000,-0.822903,0.075185,0.256106,2.974,-14.420,2.677,-14.478
19594,0.246460,0.018677,1.005127,0.247034,0.034714,0.970954,1.002488,-0.070000,-0.770000,0.420000,-0.052903,-0.134815,0.046106,2.048,-14.266,2.612,-14.460
19651,0.246826,0.030884,1.005493,0.247392,0.046901,0.971317,1.003424,-0.350000,-0.700000,0.560000,-0.332903,-0.064815,0.186106,2.764,-14.273,2.636,-14.453
19708,0.247925,0.035278,1.001465,0.248521,0.051283,0.967324,1.000054,0.070000,-0.560000,0.350000,0.087097,0.075185,-0.023894,3.035,-14.389,2.636,-14.453
19764,0.249512,0.027710,0.998779,0.250128,0.043723,0.964662,0.997521,0.280000,-0.770000,0.280000,0.297097,-0.134815,-0.093894,2.595,-14.522,2.634,-14.450
19821,0.248413,0.025879,1.003296,0.248994,0.041901,0.969139,1.001491,0.070000,-0.980000,0.420000,0.087097,-0.344815,0.046106,2.476,-14.396,2.642,-14.444
19878,0.245972,0.028320,1.007202,0.246526,0.044344,0.973011,1.004735,-0.070000,-0.700000,0.420000,-0.052903,-0.064815,0.046106,2.609,-14.203,2.650,-14.442
19934,0.248413,0.030518,1.001953,0.249004,0.046530,0.967808,1.000410,0.000000,-0.420000,0.420000,0.017097,0.215185,0.046106,2.753,-14.413,2.656,-14.445
19991,0.250244,0.029297,0.998413,0.250860,0.045307,0.964299,0.997424,0.000000,-0.770000,0.420000,0.017097,-0.134815,0.046106,2.690,-14.567,2.658,-14.443
20048,0.248169,0.029907,1.002686,0.248755,0.045922,0.968534,1.001023,0.070000,-0.910000,0.420000,0.087097,-0.274815,0.046106,2.715,-14.389,2.663,-14.437
20105,0.246948,0.029175,1.005249,0.247516,0.045195,0.971075,1.003142,0.070000,-0.700000,0.350000,0.087097,-0.064815,-0.023894,2.665,-14.285,2.663,-14.438
20162,0.248169,0.026611,1.003418,0.248749,0.042633,0.969260,1.001578,0.000000,-0.560000,0.420000,0.017097,0.075185,0.046106,2.519,-14.380,2.667,-14.438
20218,0.248169,0.029785,1.001831,0.248762,0.045799,0.967687,1.000199,-0.070000,-0.630000,0.420000,-0.052903,0.005185,0.046106,2.710,-14.401,2.671,-14.436
20275,0.248169,0.031250,1.002319,0.248758,0.047262,0.968171,1.000734,-0.070000,-0.630000,0.420000,-0.052903,0.005185,0.046106,2.795,-14.393,2.675,-14.434
20332,0.249268,0.030151,1.000854,0.249866,0.046163,0.966719,0.999555,0.000000,-0.700000,0.420000,0.017097,-0.064815,0.046106,2.734,-14.476,2.674,-14.436
20389,0.248169,0.029785,1.001465,0.248766,0.045799,0.967324,0.999849,0.070000,-0.770000,0.350000,0.087097,-0.134815,-0.023894,2.711,-14.407,2.675,-14.434
20445,0.248047,0.028564,1.004150,0.248621,0.044584,0.969986,1.002334,0.070000,-0.700000,0.350000,0.087097,-0.064815,-0.023894,2.632,-14.362,2.675,-14.435
20502,0.248169,0.028198,1.002808,0.248754,0.044216,0.968655,1.001063,-0.070000,-0.630000,0.420000,-0.052903,0.005185,0.046106,2.614,-14.388,2.678,-14.438
20559,0.249023,0.029297,1.001953,0.249613,0.045312,0.967808,1.000506,-0.070000,-0.630000,0.420000,-0.052903,0.005185,0.046106,2.681,-14.447,2.682,-14.439
20616,0.249268,0.031982,1.001587,0.249859,0.047992,0.967445,1.000341,0.000000,-0.630000,0.420000,0.017097,0.005185,0.046106,2.840,-14.464,2.684,-14.440
20673,0.249390,0.030151,1.001709,0.249980,0.046164,0.967566,1.000402,0.070000,-0.630000,0.420000,0.087097,0.005185,0.046106,2.732,-14.470,2.680,-14.439
20729,0.248413,0.027100,1.002197,0.249003,0.043118,0.968050,1.000491,0.070000,-0.700000,0.350000,0.087097,-0.064815,-0.023894,2.550,-14.411,2.680,-14.439
20786,0.247681,0.028442,1.003662,0.248260,0.044461,0.969502,1.001771,0.000000,-0.700000,0.420000,0.017097,-0.064815,0.046106,2.626,-14.349,2.684,-14.437
20843,0.248413,0.030151,1.003540,0.248991,0.046167,0.969381,1.001912,-0.070000,-0.630000,0.420000,-0.052903,0.005185,0.046106,2.727,-14.390,2.691,-14.436
20900,0.248413,0.030396,1.001831,0.249005,0.046408,0.967687,1.000288,0.000000,-0.630000,0.420000,0.017097,0.005185,0.046106,2.746,-14.414,2.691,-14.436
20956,0.249390,0.030640,1.001465,0.249982,0.046652,0.967324,1.000191,0.070000,-0.700000,0.350000,0.087097,-0.064815,-0.023894,2.761,-14.474,2.692,-14.436
21013,0.248169,0.029175,1.002930,0.248753,0.045191,0.968776,1.001223,0.070000,-0.700000,0.350000,0.087097,-0.064815,-0.023894,2.671,-14.386,2.691,-14.432
21070,0.248779,0.027222,1.004272,0.249350,0.043243,0.970107,1.002573,0.070000,-0.700000,0.350000,0.087097,-0.064815,-0.023894,2.552,-14.401,2.689,-14.433
21127,0.248047,0.027222,1.003052,0.248631,0.043242,0.968897,1.001224,-0.070000,-0.630000,0.420000,-0.052903,0.005185,0.046106,2.555,-14.379,2.691,-14.437
21183,0.247803,0.031006,1.002808,0.248388,0.047019,0.968655,1.001100,-0.140000,-0.630000,0.420000,-0.122903,0.005185,0.046106,2.779,-14.366,2.696,-14.437
21240,0.249268,0.031372,1.000366,0.249869,0.047381,0.966235,0.999144,-0.070000,-0.630000,0.420000,-0.052903,0.005185,0.046106,2.807,-14.482,2.695,-14.441
21297,0.248901,0.031738,1.000854,0.249500,0.047748,0.966719,0.999538,0.070000,-0.700000,0.350000,0.087097,-0.064815,-0.023894,2.828,-14.455,2.694,-14.441
21354,0.247925,0.029053,1.002563,0.248513,0.045069,0.968413,1.000807,0.140000,-0.700000,0.350000,0.157097,-0.064815,-0.023894,2.665,-14.378,2.695,-14.440
21411,0.248291,0.027954,1.003784,0.248868,0.043974,0.969623,1.002017,0.000000,-0.630000,0.420000,0.017097,0.005185,0.046106,2.597,-14.381,2.696,-14.440
21467,0.248901,0.028809,1.003052,0.249482,0.044826,0.968897,1.001505,-0.070000,-0.560000,0.350000,-0.052903,0.075185,-0.023894,2.649,-14.425,2.695,-14.441
21524,0.249390,0.029907,1.001953,0.249978,0.045921,0.967808,1.000625,0.000000,-0.630000,0.420000,0.017097,0.005185,0.046106,2.717,-14.467,2.698,-14.442
21581,0.249023,0.030762,1.001221,0.249619,0.046773,0.967082,0.999872,0.000000,-0.700000,0.420000,0.017097,-0.064815,0.046106,2.769,-14.457,2.701,-14.442
21638,0.248413,0.030640,1.003174,0.248994,0.046654,0.969018,1.001584,0.000000,-0.700000,0.420000,0.017097,-0.064815,0.046106,2.756,-14.395,2.701,-14.441
21695,0.247925,0.029663,1.003296,0.248506,0.045679,0.969139,1.001535,0.000000,-0.630000,0.350000,0.017097,0.005185,-0.023894,2.699,-14.367,2.701,-14.439
21751,0.250366,0.028564,1.000854,0.250961,0.044579,0.966719,0.999757,0.000000,-0.630000,0.350000,0.017097,0.005185,-0.023894,2.640,-14.538,2.698,-14.446
21808,0.249146,0.029419,1.002441,0.249730,0.045434,0.968292,1.001009,-0.070000,-0.700000,0.420000,-0.052903,-0.064815,0.046106,2.686,-14.447,2.698,-14.443
21865,0.248413,0.029419,1.003052,0.248995,0.045435,0.968897,1.001411,0.000000,-0.700000,0.420000,0.017097,-0.064815,0.046106,2.685,-14.397,2.697,-14.443
21922,0.249023,0.029419,1.002563,0.249608,0.045435,0.968413,1.001095,-0.070000,-0.630000,0.420000,-0.052903,0.005185,0.046106,2.686,-14.438,2.696,-14.446
21978,0.249634,0.030151,1.000732,0.250232,0.046163,0.966598,0.999529,0.000000,-0.630000,0.350000,0.017097,0.005185,-0.023894,2.734,-14.498,2.699,-14.450
22035,0.249390,0.031006,1.001465,0.249982,0.047017,0.967324,1.000208,0.000000,-0.700000,0.420000,0.017097,-0.064815,0.046106,2.783,-14.473,2.699,-14.449
22092,0.249023,0.030029,1.002441,0.249608,0.046044,0.968292,1.001006,0.000000,-0.700000,0.420000,0.017097,-0.064815,0.046106,2.722,-14.439,2.699,-14.448
22149,0.248901,0.028564,1.003540,0.249478,0.044583,0.969381,1.001961,0.000000,-0.700000,0.420000,0.017097,-0.064815,0.046106,2.633,-14.418,2.700,-14.448
22206,0.248535,0.028931,1.003662,0.249112,0.044949,0.969502,1.002004,-0.070000,-0.630000,0.420000,-0.052903,0.005185,0.046106,2.654,-14.395,2.699,-14.450
22262,0.249512,0.030273,1.001343,0.250105,0.046286,0.967203,1.000088,0.000000,-0.630000,0.420000,0.017097,0.005185,0.046106,2.740,-14.482,2.698,-14.451
22319,0.248535,0.030273,1.000732,0.249137,0.046285,0.966598,0.999261,0.000000,-0.700000,0.420000,0.017097,-0.064815,0.046106,2.741,-14.437,2.698,-14.452
22376,0.249268,0.029785,1.001831,0.249857,0.045799,0.967687,1.000472,0.070000,-0.630000,0.350000,0.087097,0.005185,-0.023894,2.710,-14.462,2.696,-14.449
22432,0.249023,0.028320,1.002686,0.249607,0.044338,0.968534,1.001163,0.000000,-0.700000,0.350000,0.017097,-0.064815,-0.023894,2.621,-14.437,2.693,-14.451
22490,0.249146,0.029175,1.002930,0.249726,0.04191,0.968776,1.001465,-0.070000,-0.700000,0.420000,-0.052903,-0.064815,0.046106,2.671,-14.440,2.696,-14.455
22546,0.249512,0.029541,1.002319,0.250096,0.045556,0.968171,1.000989,-0.070000,-0.630000,0.350000,-0.052903,0.005185,-0.023894,2.694,-14.469,2.693,-14.456
22604,0.249268,0.030029,1.001709,0.249858,0.046043,0.967566,1.000366,0.000000,-0.700000,0.420000,0.017097,-0.064815,0.046106,2.724,-14.464,2.691,-14.458
22660,0.249634,0.030273,1.002319,0.250218,0.046287,0.968171,1.001053,0.000000,-0.700000,0.420000,0.017097,-0.064815,0.046106,2.737,-14.475,2.693,-14.453
22717,0.247803,0.029785,1.002930,0.248388,0.045801,0.968776,1.001160,0.000000,-0.700000,0.350000,0.017097,-0.064815,-0.023894,2.707,-14.365,2.692,-14.452
22774,0.248901,0.029785,1.002686,0.249485,0.045800,0.968534,1.001199,0.000000,-0.630000,0.350000,0.017097,0.005185,-0.023894,2.707,-14.429,2.695,-14.453
22831,0.249146,0.030518,1.001831,0.249735,0.046530,0.967687,1.000475,0.000000,-0.630000,0.420000,0.017097,0.005185,0.046106,2.753,-14.455,2.701,-14.452
22887,0.249390,0.030029,1.002197,0.249975,0.046043,0.968050,1.000864,0.000000,-0.700000,0.350000,0.017097,-0.064815,-0.023894,2.723,-14.463,2.702,-14.452
22944,0.249023,0.028687,1.003784,0.249597,0.044705,0.969623,1.002231,0.070000,-0.630000,0.350000,0.087097,0.005185,-0.023894,2.640,-14.421,2.701,-14.451
23001,0.249146,0.029175,1.003418,0.249722,0.045192,0.969260,1.001932,-0.070000,-0.700000,0.420000,-0.052903,-0.064815,0.046106,2.669,-14.433,2.702,-14.453
23058,0.249268,0.029663,1.002197,0.249854,0.045678,0.968050,1.000817,-0.070000,-0.630000,0.420000,-0.052903,0.005185,0.046106,2.702,-14.457,2.701,-14.457
23114,0.249634,0.030884,1.001709,0.250223,0.046896,0.967566,1.000497,0.000000,-0.630000,0.420000,0.017097,0.005185,0.046106,2.775,-14.483,2.701,-14.456
23171,0.248657,0.029663,1.002686,0.249241,0.045678,0.968534,1.001132,0.070000,-0.700000,0.420000,0.087097,-0.064815,0.046106,2.700,-14.416,2.701,-14.454
23228,0.248413,0.028198,1.003662,0.248990,0.044217,0.969502,1.001941,0.000000,-0.700000,0.350000,0.017097,-0.064815,-0.023894,2.611,-14.389,2.699,-14.451
23284,0.249268,0.029297,1.003052,0.249847,0.045313,0.968897,1.001618,0.000000,-0.630000,0.420000,0.017097,0.005185,0.046106,2.678,-14.445,2.702,-14.454
23342,0.249512,0.030151,1.003052,0.250090,0.046166,0.968897,1.001717,-0.070000,-0.630000,0.420000,-0.052903,0.005185,0.046106,2.728,-14.457,2.705,-14.456
23398,0.249268,0.030640,1.001831,0.249857,0.046652,0.967687,1.000511,0.000000,-0.700000,0.420000,0.017097,-0.064815,0.046106,2.760,-14.461,2.707,-14.456
23455,0.249878,0.030396,1.002075,0.250463,0.046409,0.967929,1.000886,0.000000,-0.700000,0.420000,0.017097,-0.064815,0.046106,2.745,-14.492,2.708,-14.456
23512,0.248169,0.029785,1.003052,0.248752,0.045801,0.968897,1.001367,0.000000,-0.700000,0.350000,0.017097,-0.064815,-0.023894,2.706,-14.384,2.707,-14.458
23569,0.249268,0.029053,1.003052,0.249847,0.045070,0.968897,1.001607,0.000000,-0.630000,0.420000,0.017097,0.005185,0.046106,2.663,-14.445,2.707,-14.457
23625,0.248535,0.029907,1.003174,0.249116,0.045923,0.969018,1.001581,-0.070000,-0.630000,0.350000,-0.052903,0.005185,-0.023894,2.713,-14.402,2.707,-14.456
23682,0.249390,0.030518,1.002197,0.249975,0.046531,0.968050,1.000886,-0.070000,-0.630000,0.420000,-0.052903,0.005185,0.046106,2.752,-14.463,2.707,-14.457
23739,0.249512,0.030029,1.002197,0.250097,0.046043,0.968050,1.000894,0.000000,-0.700000,0.420000,0.017097,-0.064815,0.046106,2.723,-14.470,2.705,-14.458
23796,0.249146,0.029663,1.001709,0.249737,0.045677,0.967566,1.000319,0.000000,-0.700000,0.350000,0.017097,-0.064815,-0.023894,2.703,-14.457,2.704,-14.458
23853,0.249268,0.029785,1.002930,0.249848,0.045801,0.968776,1.001523,0.000000,-0.700000,0.350000,0.017097,-0.064815,-0.023894,2.707,-14.446,2.706,-14.457
23909,0.248901,0.029663,1.002686,0.249485,0.045678,0.968534,1.001193,0.000000,-0.630000,0.420000,0.017097,0.005185,0.046106,2.700,-14.429,2.707,-14.459
23966,0.249268,0.029663,1.001587,0.249859,0.045677,0.967445,1.000233,0.000000,-0.630000,0.420000,0.017097,0.005185,0.046106,2.703,-14.466,2.708,-14.458
24023,0.249023,0.030273,1.001587,0.249616,0.046286,0.967445,1.000200,-0.070000,-0.630000,0.420000,-0.052903,0.005185,0.046106,2.739,-14.452,2.709,-14.458
24080,0.248657,0.030518,1.001343,0.249253,0.046530,0.967203,0.999887,0.000000,-0.700000,0.350000,0.017097,-0.064815,-0.023894,2.754,-14.435,2.709,-14.460
24137,0.248779,0.030151,1.001953,0.249369,0.046165,0.967808,1.000484,0.000000,-0.630000,0.420000,0.017097,0.005185,0.046106,2.731,-14.433,2.709,-14.459
24193,0.249146,0.029175,1.002075,0.249734,0.045190,0.967929,1.000648,0.000000,-0.630000,0.350000,0.017097,0.005185,-0.023894,2.673,-14.452,2.710,-14.461
24250,0.249756,0.029053,1.001587,0.250346,0.045067,0.967445,1.000327,-0.070000,-0.630000,0.420000,-0.052903,0.005185,0.046106,2.667,-14.493,2.710,-14.462
24307,0.249146,0.030273,1.000977,0.249743,0.046285,0.966840,0.999647,-0.070000,-0.630000,0.420000,-0.052903,0.005185,0.046106,2.741,-14.468,2.712,-14.465
24364,0.249634,0.029541,1.001831,0.250222,0.045555,0.967687,1.000552,-0.070000,-0.630000,0.350000,-0.052903,0.005185,-0.023894,2.695,-14.482,2.708,-14.466
24421,0.249512,0.030151,1.001831,0.250100,0.046165,0.967687,1.000550,0.000000,-0.700000,0.420000,0.017097,-0.064815,0.046106,2.731,-14.475,2.708,-14.467
24477,0.248291,0.029297,1.002441,0.248879,0.045312,0.968292,1.000791,-0.070000,-0.630000,0.420000,-0.052903,0.005185,0.046106,2.679,-14.400,2.710,-14.467
24534,0.250244,0.030518,1.000854,0.250839,0.046529,0.966719,0.999815,0.000000,-0.630000,0.420000,0.017097,0.005185,0.046106,2.756,-14.530,2.711,-14.470
24590,0.249268,0.029419,1.000732,0.249867,0.045432,0.966598,0.999404,0.000000,-0.700000,0.350000,0.017097,-0.064815,-0.023894,2.691,-14.478,2.712,-14.470
24648,0.248901,0.029053,1.002319,0.249488,0.045069,0.968171,1.000815,0.000000,-0.700000,0.420000,0.017097,-0.064815,0.046106,2.665,-14.435,2.711,-14.468
24704,0.249023,0.029907,1.003540,0.249599,0.045923,0.969381,1.002052,0.000000,-0.700000,0.420000,0.017097,-0.064815,0.046106,2.712,-14.424,2.713,-14.469
24761,0.248657,0.029785,1.002319,0.249245,0.045800,0.968171,1.000787,0.000000,-0.630000,0.420000,0.017097,0.005185,0.046106,2.708,-14.421,2.716,-14.471
24818,0.249634,0.030273,1.000854,0.250230,0.046285,0.966719,0.999651,0.000000,-0.630000,0.420000,0.017097,0.005185,0.046106,2.741,-14.496,2.717,-14.470
24875,0.250000,0.030396,1.001953,0.250586,0.046409,0.967808,1.000799,0.000000,-0.700000,0.350000,0.017097,-0.064815,-0.023894,2.745,-14.500,2.716,-14.469
24932,0.248535,0.029785,1.004272,0.249106,0.045803,0.970107,1.002626,0.070000,-0.630000,0.350000,0.087097,0.005185,-0.023894,2.703,-14.386,2.716,-14.466
24989,0.249023,0.029175,1.003296,0.249601,0.045192,0.969139,1.001785,0.000000,-0.560000,0.420000,0.017097,0.075185,0.046106,2.670,-14.428,2.715,-14.465
25045,0.249878,0.030518,1.000977,0.250473,0.046529,0.966840,0.999840,-0.070000,-0.630000,0.420000,-0.052903,0.005185,0.046106,2.755,-14.508,2.716,-14.466
25102,0.250244,0.030762,1.001465,0.250833,0.046773,0.967324,1.000410,0.000000,-0.630000,0.420000,0.017097,0.005185,0.046106,2.768,-14.521,2.712,-14.465
25159,0.248535,0.029541,1.001587,0.249129,0.045555,0.967445,1.000045,0.070000,-0.630000,0.350000,0.087097,0.005185,-0.023894,2.696,-14.425,2.709,-14.461
25216,0.248901,0.027832,1.003052,0.249482,0.043851,0.968897,1.001462,0.000000,-0.700000,0.350000,0.017097,-0.064815,-0.023894,2.591,-14.425,2.708,-14.460
25272,0.248657,0.028931,1.003540,0.249234,0.044948,0.969381,1.001917,-0.070000,-0.630000,0.420000,-0.052903,0.005185,0.046106,2.655,-14.404,2.707,-14.460
25329,0.248779,0.029663,1.002563,0.249364,0.045678,0.968413,1.001046,-0.070000,-0.560000,0.420000,-0.052903,0.075185,0.046106,2.701,-14.424,2.707,-14.463
25386,0.249634,0.030884,1.001099,0.250228,0.046895,0.966961,0.999913,0.000000,-0.630000,0.420000,0.017097,0.005185,0.046106,2.777,-14.492,2.710,-14.461
25442,0.249634,0.030884,1.002075,0.250220,0.046896,0.967929,1.000847,0.000000,-0.770000,0.420000,0.017097,-0.134815,0.046106,2.774,-14.478,2.710,-14.457
25499,0.248169,0.029297,1.003418,0.248749,0.045314,0.969260,1.001696,0.000000,-0.700000,0.420000,0.017097,-0.064815,0.046106,2.677,-14.39,2.709,-14.458
25555,0.248901,0.029785,1.003296,0.249479,0.045801,0.969139,1.001783,0.000000,-0.560000,0.420000,0.017097,0.075185,0.046106,2.706,-14.420,2.709,-14.450
25613,0.249390,0.030029,1.002075,0.249977,0.046043,0.967929,1.000747,-0.070000,-0.560000,0.420000,-0.052903,0.075185,0.046106,2.723,-14.465,2.711,-14.451
25670,0.250122,0.031494,1.001465,0.250711,0.047505,0.967324,1.000414,0.000000,-0.700000,0.420000,0.017097,-0.064815,0.046106,2.812,-14.513,2.714,-14.451
25726,0.249390,0.030029,1.003052,0.249968,0.046045,0.968897,1.001681,0.000000,-0.700000,0.350000,0.017097,-0.064815,-0.023894,2.721,-14.451,2.715,-14.451
25783,0.248901,0.029663,1.002441,0.249487,0.045678,0.968292,1.000959,-0.070000,-0.630000,0.420000,-0.052903,0.005185,0.046106,2.701,-14.433,2.717,-14.456
25840,0.249512,0.030029,1.001587,0.250102,0.046042,0.967445,1.000310,-0.070000,-0.630000,0.420000,-0.052903,0.005185,0.046106,2.725,-14.479,2.721,-14.460
25897,0.249634,0.030884,1.000977,0.250229,0.046895,0.966840,0.999797,0.000000,-0.630000,0.420000,0.017097,0.005185,0.046106,2.777,-14.494,2.721,-14.464
25954,0.248901,0.030151,1.001831,0.249492,0.046165,0.967687,1.000398,0.000000,-0.700000,0.420000,0.017097,-0.064815,0.046106,2.731,-14.442,2.721,-14.463
26011,0.249023,0.030029,1.00441,0.249608,0.046044,0.968292,1.001006,0.070000,-0.700000,0.420000,0.087097,-0.064815,0.046106,2.722,-14.439,2.719,-14.460
26065,0.249878,0.029175,1.001587,0.250468,0.045189,0.967445,1.000363,0.000000,-0.630000,0.350000,0.017097,0.005185,-0.023894,2.674,-14.500,2.715,-14.464
26124,0.249390,0.029663,1.001953,0.249978,0.045677,0.967808,1.000614,-0.070000,-0.630000,0.420000,-0.052903,0.005185,0.046106,2.702,-14.467,2.715,-14.466
26181,0.249878,0.030029,1.001587,0.250467,0.046042,0.967445,1.000402,-0.070000,-0.630000,0.420000,-0.052903,0.005185,0.046106,2.725,-14.499,2.716,-14.468
26238,0.249756,0.031128,1.000854,0.250352,0.047138,0.966719,0.999722,0.000000,-0.630000,0.420000,0.017097,0.005185,0.046106,2.792,-14.502,2.715,-14.470
26295,0.249268,0.029541,1.001221,0.249863,0.045554,0.967082,0.999877,0.000000,-0.700000,0.420000,0.017097,-0.064815,0.046106,2.697,-14.471,2.713,-14.470
26351,0.249023,0.029053,1.002930,0.249604,0.045069,0.968776,1.001429,0.000000,-0.700000,0.420000,0.017097,-0.064815,0.046106,2.664,-14.433,2.713,-14.469
26408,0.249268,0.030151,1.001343,0.249861,0.046164,0.967203,1.000022,-0.070000,-0.560000,0.420000,-0.052903,0.075185,0.046106,2.733,-14.469,2.714,-14.475
26465,0.250122,0.030151,1.000610,0.250719,0.046163,0.966477,0.999534,0.000000,-0.630000,0.420000,0.017097,0.005185,0.046106,2.735,-14.527,2.714,-14.478
26521,0.249146,0.030151,1.000244,0.249749,0.046162,0.966114,0.998940,0.000000,-0.700000,0.420000,0.017097,-0.064815,0.046106,2.736,-14.478,2.712,-14.478
26578,0.249146,0.029541,1.002930,0.249726,0.045557,0.968776,1.001482,0.000000,-0.700000,0.350000,0.017097,-0.064815,-0.023894,2.692,-14.439,2.711,-14.477
26635,0.249146,0.028442,1.001831,0.249736,0.044458,0.967687,1.000381,0.070000,-0.560000,0.350000,0.087097,0.075185,-0.023894,2.630,-14.456,2.712,-14.481
26692,0.250488,0.028931,0.999634,0.251093,0.044943,0.965509,0.998636,-0.070000,-0.630000,0.350000,-0.052903,0.005185,-0.023894,2.665,-14.562,2.709,-14.481
26748,0.249390,0.030762,1.001953,0.249977,0.046774,0.967808,1.000664,0.000000,-0.700000,0.420000,0.017097,-0.064815,0.046106,2.767,-14.466,2.710,-14.480
26806,0.248657,0.029541,1.001709,0.249250,0.045555,0.967566,1.000192,0.070000,-0.630000,0.420000,0.087097,0.005185,0.046106,2.696,-14.430,2.709,-14.478
26863,0.249268,0.027832,1.001343,0.249862,0.043848,0.967203,0.999918,0.000000,-0.630000,0.350000,0.017097,0.005185,-0.023894,2.596,-14.471,2.707,-14.478
26919,0.249512,0.029419,1.001709,0.250102,0.045433,0.967566,1.000399,-0.070000,-0.700000,0.420000,-0.052903,-0.064815,0.046106,2.688,-14.478,2.707,-14.478
26976,0.249512,0.030273,1.001465,0.250103,0.046286,0.967324,1.000205,-0.070000,-0.630000,0.420000,-0.052903,0.005185,0.046106,2.739,-14.481,2.711,-14.480
27033,0.248901,0.030518,1.001709,0.249493,0.046530,0.967566,1.000298,0.000000,-0.630000,0.420000,0.017097,0.005185,0.046106,2.753,-14.443,2.712,-14.477
27089,0.249756,0.030029,1.000610,0.250354,0.046041,0.966477,0.999437,0.000000,-0.630000,0.420000,0.017097,0.005185,0.046106,2.727,-14.507,2.711,-14.478
27146,0.250000,0.029907,1.001221,0.250592,0.045920,0.967082,1.000076,0.000000,-0.700000,0.350000,0.017097,-0.064815,-0.023894,2.719,-14.511,2.709,-14.481
27203,0.249390,0.028564,1.001953,0.249978,0.044581,0.967808,1.000564,0.000000,-0.700000,0.420000,0.017097,-0.064815,0.046106,2.637,-14.468,2.708,-14.477
27260,0.249023,0.029663,1.003296,0.249601,0.045679,0.969139,1.001807,-0.070000,-0.630000,0.420000,-0.052903,0.005185,0.046106,2.699,-14.427,2.711,-14.478
27316,0.248901,0.030762,1.001465,0.249495,0.046773,0.967324,1.000076,-0.070000,-0.560000,0.420000,-0.052903,0.075185,0.046106,2.768,-14.447,2.712,-14.479
27373,0.250732,0.030151,0.998901,0.251342,0.046160,0.964783,0.998053,0.000000,-0.630000,0.350000,0.017097,0.005185,-0.023894,2.739,-14.586,2.709,-14.480
27430,0.250244,0.031250,1.000610,0.250840,0.047260,0.966477,0.999616,0.070000,-0.770000,0.350000,0.087097,-0.134815,-0.023894,2.799,-14.533,2.708,-14.482
27487,0.248413,0.028809,1.003174,0.248994,0.044826,0.969018,1.001501,0.070000,-0.700000,0.350000,0.087097,-0.064815,-0.023894,2.649,-14.396,2.707,-14.483
27544,0.249512,0.027588,1.002197,0.250098,0.043606,0.968050,1.000785,0.000000,-0.630000,0.420000,0.017097,0.005185,0.046106,2.579,-14.472,2.708,-14.486
27601,0.248413,0.029907,1.001465,0.249009,0.045920,0.967324,0.999915,-0.140000,-0.560000,0.490000,-0.122903,0.075185,0.116106,2.718,-14.420,2.713,-14.482
27656,0.250977,0.032227,1.000000,0.251575,0.048234,0.965872,0.999262,-0.070000,-0.560000,0.420000,-0.052903,0.075185,0.046106,2.859,-14.582,2.712,-14.483
27714,0.250854,0.031616,0.999146,0.251461,0.047623,0.965025,0.998385,0.000000,-0.630000,0.350000,0.017097,0.005185,-0.023894,2.825,-14.588,2.708,-14.483
27771,0.249146,0.029663,1.000732,0.249745,0.045676,0.966598,0.999385,0.070000,-0.770000,0.350000,0.087097,-0.134815,-0.023894,2.705,-14.472,2.708,-14.480
27828,0.249146,0.027710,1.003418,0.249722,0.043730,0.969260,1.001868,0.000000,-0.700000,0.420000,0.017097,-0.064815,0.046106,2.583,-14.434,2.711,-14.482
27884,0.248535,0.027832,1.003296,0.249115,0.043851,0.969139,1.001605,-0.070000,-0.560000,0.420000,-0.052903,0.075185,0.046106,2.591,-14.402,2.711,-14.484
27941,0.249634,0.030640,1.000122,0.250237,0.046650,0.965993,0.998968,-0.070000,-0.560000,0.490000,-0.052903,0.075185,0.116106,2.765,-14.507,2.713,-14.484
27998,0.250488,0.031250,0.999878,0.251090,0.047259,0.965751,0.998977,0.000000,-0.630000,0.350000,0.017097,0.005185,-0.023894,2.802,-14.557,2.713,-14.483
28055,0.249756,0.029541,1.000488,0.250356,0.045553,0.966356,0.999298,0.070000,-0.700000,0.350000,0.087097,-0.064815,-0.023894,2.699,-14.509,2.709,-14.483
28112,0.249146,0.028442,1.002808,0.249727,0.044460,0.968655,1.001316,0.000000,-0.700000,0.350000,0.017097,-0.064815,-0.023894,2.628,-14.442,2.709,-14.484
28168,0.248169,0.028809,1.003784,0.248746,0.044827,0.969623,1.002024,-0.070000,-0.630000,0.420000,-0.052903,0.005185,0.046106,2.647,-14.374,2.712,-14.483
28225,0.249512,0.030273,1.001587,0.250102,0.046286,0.967445,1.000322,-0.070000,-0.490000,0.420000,-0.052903,0.145185,0.046106,2.739,-14.479,2.713,-14.486
28282,0.250244,0.031250,0.998047,0.250863,0.047256,0.963936,0.997165,0.000000,-0.700000,0.350000,0.017097,-0.064815,-0.023894,2.807,-14.571,2.714,-14.488
28339,0.249268,0.030762,1.000366,0.249870,0.046772,0.966235,0.999116,0.070000,-0.770000,0.350000,0.087097,-0.134815,-0.023894,2.771,-14.483,2.716,-14.486
28395,0.249268,0.028442,1.002808,0.249849,0.044460,0.968655,1.001346,0.070000,-0.700000,0.350000,0.087097,-0.064815,-0.023894,2.628,-14.449,2.714,-14.486
28452,0.248779,0.028076,1.003418,0.249357,0.044095,0.969260,1.001793,0.000000,-0.630000,0.420000,0.017097,0.005185,0.046106,2.605,-14.413,2.716,-14.487
28509,0.248779,0.029175,1.002075,0.249369,0.045190,0.967929,1.000557,-0.140000,-0.560000,0.420000,-0.122903,0.075185,0.046106,2.673,-14.432,2.719,-14.485
28566,0.249756,0.031128,0.999756,0.250361,0.047137,0.965630,0.998671,-0.070000,-0.560000,0.420000,-0.052903,0.075185,0.046106,2.795,-14.519,2.717,-14.489
28623,0.250000,0.031860,0.999390,0.250608,0.047867,0.965267,0.998416,0.070000,-0.700000,0.350000,0.087097,-0.064815,-0.023894,2.839,-14.537,2.716,-14.487
28679,0.248779,0.029297,1.003418,0.249357,0.045314,0.969260,1.001847,0.070000,-0.840000,0.350000,0.087097,-0.204815,-0.023894,2.677,-14.412,2.714,-14.483
28736,0.249146,0.027466,1.003418,0.249722,0.043486,0.969260,1.001857,0.000000,-0.560000,0.350000,0.017097,0.075185,-0.023894,2.569,-14.434,2.712,-14.484
28793,0.250244,0.029175,1.001099,0.250837,0.045189,0.966961,0.999987,-0.140000,-0.560000,0.420000,-0.122903,0.075185,0.046106,2.676,-14.527,2.717,-14.486
28850,0.250000,0.031128,0.999634,0.250606,0.047136,0.965509,0.998615,-0.070000,-0.630000,0.420000,-0.052903,0.005185,0.046106,2.795,-14.534,2.717,-14.488
28906,0.249512,0.031738,1.000732,0.250109,0.047747,0.966598,0.999573,0.070000,-0.700000,0.350000,0.087097,-0.064815,-0.023894,2.828,-14.490,2.714,-14.485
28963,0.249878,0.028564,1.001465,0.250469,0.044580,0.967324,1.000219,0.140000,-0.700000,0.350000,0.157097,-0.064815,-0.023894,2.639,-14.502,2.710,-14.487
29020,0.248901,0.027222,1.002930,0.249483,0.043241,0.968776,1.001319,-0.070000,-0.700000,0.350000,-0.052903,-0.06815,-0.023894,2.556,-14.428,2.712,-14.487
29077,0.249268,0.029053,1.002930,0.249848,0.045069,0.968776,1.001490,-0.070000,-0.630000,0.420000,-0.052903,0.005185,0.046106,2.664,-14.447,2.704,-14.482
29134,0.249878,0.031250,1.000000,0.250481,0.047259,0.965872,0.998941,-0.070000,-0.560000,0.420000,-0.052903,0.075185,0.046106,2.801,-14.522,2.707,-14.484
29190,0.250977,0.030518,0.999268,0.251582,0.046527,0.965146,0.998481,0.000000,-0.700000,0.350000,0.017097,-0.064815,-0.023894,2.760,-14.594,2.704,-14.484
29247,0.249268,0.029785,1.001831,0.249857,0.045799,0.967687,1.000472,0.000000,-0.770000,0.420000,0.017097,-0.134815,0.046106,2.710,-14.462,2.704,-14.482
29304,0.248535,0.028809,1.003906,0.249109,0.044827,0.969744,1.002232,0.000000,-0.630000,0.420000,0.017097,0.005185,0.046106,2.647,-14.392,2.704,-14.484
29361,0.250000,0.029175,1.001099,0.250594,0.045189,0.966961,0.999926,-0.070000,-0.560000,0.420000,-0.052903,0.075185,0.046106,2.676,-14.514,2.704,-14.489
29418,0.249512,0.031738,0.999390,0.250121,0.047745,0.965267,0.998289,0.000000,-0.630000,0.350000,0.017097,0.005185,-0.023894,2.832,-14.510,2.706,-14.487
29475,0.249878,0.031128,1.001099,0.250471,0.047139,0.966961,0.999986,0.070000,-0.700000,0.350000,0.087097,-0.064815,-0.023894,2.791,-14.506,2.707,-14.485
29531,0.249023,0.02466,1.001831,0.249615,0.043484,0.967687,1.000308,0.070000,-0.700000,0.350000,0.087097,-0.064815,-0.023894,2.573,-14.450,2.707,-14.483
29586,0.249268,0.029541,1.001953,0.249856,0.045555,0.967808,1.000578,-0.070000,-0.700000,0.420000,-0.052903,-0.064815,0.046106,2.695,-14.460,2.703,-14.484
29645,0.249268,0.030640,1.002197,0.249854,0.046653,0.968050,1.000862,-0.070000,-0.560000,0.420000,-0.052903,0.075185,0.046106,2.759,-14.456,2.707,-14.483
29702,0.249756,0.031128,1.000000,0.250359,0.047137,0.965872,0.998904,-0.070000,-0.630000,0.420000,-0.052903,0.005185,0.046106,2.794,-14.515,2.708,-14.483
29759,0.249878,0.031128,1.000000,0.250481,0.047137,0.965872,0.998935,0.000000,-0.700000,0.420000,0.017097,-0.064815,0.046106,2.794,-14.522,2.707,-14.482
29815,0.248169,0.030273,1.001953,0.248761,0.046287,0.967808,1.000338,0.000000,-0.700000,0.350000,0.017097,-0.064815,-0.023894,2.738,-14.399,2.705,-14.480
29872,0.249390,0.028687,1.001587,0.249981,0.044702,0.967445,1.000219,0.070000,-0.630000,0.350000,0.087097,0.005185,-0.023894,2.646,-14.473,2.705,-14.480
29928,0.249634,0.026978,1.002075,0.250221,0.042996,0.967929,1.000673,0.000000,-0.700000,0.420000,0.017097,-0.064815,0.046106,2.543,-14.481,2.705,-14.481
29985,0.248901,0.030029,1.002808,0.249484,0.046044,0.968655,1.001327,-0.140000,-0.630000,0.490000,-0.122903,0.005185,0.116106,2.721,-14.427,2.710,-14.481
30043,0.249512,0.032959,1.001221,0.250105,0.048967,0.967082,1.000099,-0.070000,-0.560000,0.420000,-0.052903,0.075185,0.046106,2.899,-14.482,2.715,-14.486
30099,0.250000,0.032104,0.999512,0.250607,0.048111,0.965388,0.998545,0.000000,-0.560000,0.350000,0.017097,0.075185,-0.023894,2.853,-14.535,2.713,-14.485
30155,0.250244,0.030029,1.000244,0.250844,0.046040,0.966114,0.999209,0.070000,-0.700000,0.350000,0.087097,-0.064815,-0.023894,2.728,-14.539,2.712,-14.484
30213,0.248657,0.027832,1.002563,0.249243,0.043850,0.968413,1.000934,0.070000,-0.700000,0.350000,0.087097,-0.064815,-0.023894,2.593,-14.419,2.711,-14.483
30270,0.249390,0.027466,1.003052,0.249969,0.043485,0.968897,1.001567,0.000000,-0.700000,0.350000,0.017097,-0.064815,-0.023894,2.570,-14.453,2.706,-14.484
30326,0.249268,0.028809,1.002441,0.249852,0.044825,0.968292,1.001012,-0.140000,-0.560000,0.490000,-0.122903,0.075185,0.116106,2.650,-14.454,2.708,-14.484
30383,0.250244,0.030640,1.000610,0.250841,0.046650,0.966477,0.999587,-0.140000,-0.560000,0.420000,-0.122903,0.075185,0.046106,2.763,-14.533,2.710,-14.487
30440,0.251343,0.031372,1.000244,0.251938,0.047381,0.966114,0.999547,0.000000,-0.700000,0.420000,0.017097,-0.064815,0.046106,2.808,-14.599,2.711,-14.488
30496,0.249390,0.030396,1.001709,0.249980,0.046408,0.967566,1.000414,0.070000,-0.770000,0.420000,0.087097,-0.134815,0.046106,2.746,-14.470,2.713,-14.487
30553,0.247314,0.030151,1.003174,0.247899,0.046167,0.969018,1.001290,-0.070000,-0.700000,0.420000,-0.052903,-0.064815,0.046106,2.728,-14.334,2.717,-14.488
30610,0.249512,0.032104,1.001099,0.250106,0.048114,0.966961,0.999941,-0.070000,-0.490000,0.420000,-0.052903,0.145185,0.046106,2.849,-14.485,2.717,-14.490
30667,0.250732,0.031128,0.997925,0.251351,0.047134,0.963815,0.997165,0.070000,-0.630000,0.350000,0.087097,0.005185,-0.023894,2.800,-14.600,2.716,-14.493
30724,0.250122,0.028809,1.000854,0.250717,0.044823,0.966719,0.999707,0.140000,-0.770000,0.350000,0.157097,-0.134815,-0.023894,2.655,-14.524,2.713,-14.488
30781,0.247681,0.026733,1.005249,0.248247,0.042757,0.971075,1.003216,-0.070000,-0.770000,0.420000,-0.052903,-0.134815,0.046106,2.521,-14.327,2.711,-14.486
30837,0.248291,0.027710,1.003540,0.248870,0.043730,0.969381,1.001773,-0.140000,-0.490000,0.420000,-0.122903,0.145185,0.046106,2.583,-14.385,2.715,-14.491
30894,0.251465,0.030273,0.998169,0.252079,0.046281,0.964057,0.997542,-0.140000,-0.490000,0.420000,-0.122903,0.145185,0.046106,2.748,-14.637,2.719,-14.494
30951,0.251343,0.032959,0.997803,0.251959,0.048962,0.963694,0.997289,0.000000,-0.770000,0.350000,0.017097,-0.134815,-0.023894,2.908,-14.634,2.716,-14.495
31007,0.249023,0.030640,1.001831,0.249614,0.046652,0.967687,1.000451,0.140000,-0.770000,0.350000,0.157097,-0.134815,-0.023894,2.760,-14.448,2.715,-14.490
31065,0.248657,0.025635,1.003906,0.249232,0.041658,0.969744,1.002126,0.070000,-0.700000,0.350000,0.087097,-0.064815,-0.023894,2.460,-14.401,2.711,-14.490
31121,0.248901,0.026733,1.003540,0.249478,0.042755,0.969381,1.001882,-0.140000,-0.560000,0.490000,-0.122903,0.075185,0.116106,2.525,-14.419,2.713,-14.490
31178,0.250610,0.033325,1.000366,0.251207,0.049331,0.966235,0.999574,-0.210000,-0.490000,0.490000,-0.192903,0.145185,0.116106,2.923,-14.555,2.718,-14.492
31234,0.251221,0.034058,0.997192,0.251843,0.050058,0.963089,0.996730,0.070000,-0.700000,0.350000,0.087097,-0.064815,-0.023894,2.975,-14.636,2.716,-14.490
31291,0.249634,0.029175,1.001343,0.250227,0.045189,0.967203,1.000068,0.210000,-0.840000,0.350000,0.227097,-0.204815,-0.023894,2.675,-14.490,2.715,-14.488
31348,0.248413,0.025879,1.005005,0.248979,0.041904,0.970833,1.003127,0.070000,-0.700000,0.350000,0.087097,-0.064815,-0.023894,2.472,-14.371,2.716,-14.486
31405,0.248047,0.027466,1.004028,0.248622,0.043487,0.969865,1.002169,-0.070000,-0.560000,0.420000,-0.052903,0.075185,0.046106,2.567,-14.364,2.717,-14.486
31461,0.250854,0.030640,0.999634,0.251457,0.046649,0.965509,0.998806,-0.140000,-0.490000,0.420000,-0.122903,0.145185,0.046106,2.766,-14.582,2.719,-14.487
31518,0.249756,0.034058,0.998535,0.250371,0.050060,0.964420,0.997646,0.000000,-0.630000,0.420000,0.017097,0.005185,0.046106,2.971,-14.534,2.720,-14.486
31575,0.249390,0.031494,1.000854,0.249987,0.047504,0.966719,0.999648,0.140000,-0.700000,0.350000,0.157097,-0.064815,-0.023894,2.813,-14.482,2.717,-14.481
31632,0.248657,0.026978,1.002197,0.249247,0.042997,0.968050,1.000547,0.070000,-0.700000,0.350000,0.087097,-0.064815,-0.023894,2.543,-14.425,2.714,-14.476
31689,0.248779,0.026978,1.003540,0.249357,0.042999,0.969381,1.001862,-0.070000,-0.700000,0.420000,-0.052903,-0.064815,0.046106,2.540,-14.412,2.715,-14.475
31746,0.248413,0.030518,1.001953,0.249004,0.046530,0.967808,1.000410,-0.140000,-0.560000,0.420000,-0.122903,0.075185,0.046106,2.753,-14.413,2.715,-14.475
31803,0.250000,0.032227,0.999146,0.250610,0.048233,0.965025,0.998201,-0.070000,-0.560000,0.420000,-0.052903,0.075185,0.046106,2.861,-14.540,2.714,-14.476
31859,0.250000,0.031006,0.999146,0.250610,0.047014,0.965025,0.998143,0.000000,-0.700000,0.350000,0.017097,-0.064815,-0.023894,2.789,-14.541,2.711,-14.478
31916,0.248047,0.029297,1.002319,0.248637,0.045312,0.968171,1.000614,0.140000,-0.770000,0.350000,0.157097,-0.134815,-0.023894,2.680,-14.388,2.707,-14.475
31973,0.248535,0.027710,1.003296,0.249115,0.043729,0.969139,1.001599,0.000000,-0.630000,0.350000,0.017097,0.005185,-0.023894,2.584,-14.402,2.708,-14.475
32030,0.249878,0.029297,1.001587,0.250468,0.045311,0.967445,1.000368,-0.140000,-0.560000,0.490000,-0.122903,0.075185,0.116106,2.682,-14.500,2.711,-14.477
32087,0.250000,0.031616,1.000244,0.250600,0.047625,0.966114,0.999222,-0.070000,-0.630000,0.420000,-0.052903,0.005185,0.046106,2.822,-14.525,2.713,-14.480
32143,0.249634,0.031616,1.000732,0.250231,0.047626,0.966598,0.999598,0.000000,-0.630000,0.350000,0.017097,0.005185,-0.023894,2.821,-14.497,2.711,-14.479
32200,0.248901,0.029541,1.000732,0.249502,0.045554,0.966598,0.999319,0.070000,-0.700000,0.420000,0.087097,-0.064815,0.046106,2.698,-14.458,2.708,-14.477
32257,0.249023,0.027222,1.003296,0.249602,0.043242,0.969139,1.001699,0.000000,-0.700000,0.350000,0.017097,-0.064815,-0.023894,2.555,-14.429,2.706,-14.476
32313,0.248291,0.029297,1.002686,0.248877,0.045313,0.968534,1.001025,-0.070000,-0.560000,0.420000,-0.052903,0.075185,0.046106,2.679,-14.396,2.706,-14.478
32371,0.249878,0.029785,1.000732,0.250475,0.045797,0.966598,0.999573,-0.070000,-0.630000,0.420000,-0.052903,0.005185,0.046106,2.713,-14.512,2.707,-14.480
32427,0.249756,0.030640,1.000000,0.250359,0.046649,0.965872,0.998882,-0.070000,-0.630000,0.420000,-0.052903,0.005185,0.046106,2.765,-14.515,2.706,-14.477
32484,0.249023,0.030640,1.002197,0.249610,0.046653,0.968050,1.000801,0.070000,-0.700000,0.350000,0.087097,-0.064815,-0.023894,2.759,-14.443,2.708,-14.478
32541,0.248535,0.029175,1.001953,0.249126,0.045190,0.967808,1.000379,0.000000,-0.630000,0.350000,0.017097,0.00585,-0.023894,2.673,-14.420,2.711,-14.477
32596,0.250244,0.030151,1.000854,0.250839,0.046163,0.966719,0.999798,-0.070000,-0.560000,0.420000,-0.052903,0.075185,0.046106,2.734,-14.530,2.711,-14.479
32654,0.250610,0.031006,1.001587,0.251197,0.047017,0.967445,1.000630,-0.070000,-0.630000,0.420000,-0.052903,0.005185,0.046106,2.782,-14.539,2.716,-14.479
32711,0.249512,0.030884,1.000977,0.250108,0.046895,0.966840,0.999766,0.000000,-0.630000,0.420000,0.017097,0.005185,0.046106,2.777,-14.487,2.717,-14.481
32768,0.249878,0.029907,1.000854,0.250474,0.045920,0.966719,0.999696,0.000000,-0.630000,0.350000,0.017097,0.005185,-0.023894,2.720,-14.510,2.718,-14.483
32825,0.249390,0.029663,1.001953,0.249978,0.045677,0.967808,1.000614,0.000000,-0.700000,0.350000,0.017097,-0.064815,-0.023894,2.702,-14.467,2.719,-14.486
32881,0.248901,0.028442,1.002319,0.249488,0.044459,0.968171,1.000788,0.000000,-0.700000,0.420000,0.017097,-0.064815,0.046106,2.629,-14.436,2.718,-14.485
32938,0.249023,0.030518,1.002075,0.249611,0.046531,0.967929,1.000679,0.000000,-0.630000,0.420000,0.017097,0.005185,0.046106,2.752,-14.445,2.721,-14.486
32995,0.250244,0.029785,1.001343,0.250835,0.045798,0.967203,1.000248,-0.070000,-0.630000,0.420000,-0.052903,0.005185,0.046106,2.711,-14.523,2.719,-14.488
33052,0.50977,0.030884,1.001221,0.251565,0.046895,0.967082,1.000366,0.000000,-0.700000,0.350000,0.017097,-0.064815,-0.023894,2.776,-14.565,2.719,-14.490
33106,0.249512,0.029419,1.001465,0.250104,0.045433,0.967324,1.000166,0.000000,-0.700000,0.420000,0.017097,-0.064815,0.046106,2.689,-14.481,2.717,-14.492
33156,0.249390,0.029541,1.002197,0.249976,0.045556,0.968050,1.000842,0.000000,-0.630000,0.420000,0.017097,0.005185,0.046106,2.694,-14.464,2.718,-14.491
33213,0.249390,0.029419,1.002563,0.249973,0.045435,0.968413,1.001186,0.000000,-0.630000,0.420000,0.017097,0.005185,0.046106,2.686,-14.458,2.716,-14.489
33269,0.249023,0.030151,1.001831,0.249614,0.046165,0.967687,1.000428,0.000000,-0.630000,0.350000,0.017097,0.005185,-0.023894,2.731,-14.448,2.715,-14.488
33326,0.249634,0.029541,1.001465,0.250225,0.045555,0.967324,1.000202,0.000000,-0.700000,0.420000,0.017097,-0.064815,0.046106,2.696,-14.488,2.716,-14.486
33383,0.249268,0.030396,1.002441,0.249852,0.046409,0.968292,1.001084,-0.070000,-0.630000,0.420000,-0.052903,0.005185,0.046106,2.744,-14.453,2.714,-14.483
33440,0.250000,0.029419,1.000854,0.250596,0.045432,0.966719,0.999704,0.070000,-0.630000,0.350000,0.087097,0.005185,-0.023894,2.691,-14.517,2.712,-14.484
33497,0.249146,0.028687,1.002563,0.249729,0.044703,0.968413,1.001093,0.000000,-0.700000,0.420000,0.017097,-0.064815,0.046106,2.643,-14.445,2.711,-14.482
33553,0.249878,0.028809,1.001953,0.50465,0.044824,0.967808,1.000697,0.000000,-0.700000,0.350000,0.017097,-0.064815,-0.023894,2.652,-14.495,2.708,-14.483
33608,0.250366,0.030640,1.001465,0.250955,0.046652,0.967324,1.000435,0.000000,-0.630000,0.420000,0.017097,0.005185,0.046106,2.761,-14.528,2.715,-14.487
33667,0.250122,0.029907,1.001465,0.250712,0.045920,0.967324,1.000340,-0.070000,-0.630000,0.420000,-0.052903,0.005185,0.046106,2.718,-14.515,2.717,-14.485
33724,0.249268,0.030273,1.001587,0.249859,0.046286,0.967445,1.000261,0.000000,-0.700000,0.420000,0.017097,-0.064815,0.046106,2.739,-14.465,2.716,-14.482
33780,0.249268,0.029663,1.001953,0.249856,0.045677,0.967808,1.000583,0.000000,-0.700000,0.350000,0.017097,-0.064815,-0.023894,2.702,-14.460,2.714,-14.481
33837,0.249146,0.029663,1.002563,0.249729,0.045678,0.968413,1.001137,0.000000,-0.630000,0.420000,0.017097,0.005185,0.046106,2.701,-14.445,2.714,-14.481
33894,0.249390,0.029175,1.002319,0.249975,0.045190,0.968171,1.000942,0.000000,-0.630000,0.420000,0.017097,0.005185,0.046106,2.672,-14.462,2.712,-14.481
33951,0.250366,0.029663,1.001099,0.250958,0.045676,0.966961,1.000040,-0.070000,-0.630000,0.420000,-0.052903,0.005185,0.046106,2.704,-14.534,2.714,-14.481
34008,0.249878,0.031738,1.002197,0.250462,0.047750,0.968050,1.001065,-0.070000,-0.630000,0.420000,-0.052903,0.005185,0.046106,2.824,-14.489,2.713,-14.482
34064,0.249390,0.030273,1.001221,0.249984,0.046286,0.967082,0.999941,0.000000,-0.630000,0.420000,0.017097,0.005185,0.046106,2.740,-14.477,2.714,-14.480
34121,0.249634,0.029419,1.001709,0.250223,0.045433,0.967566,1.000430,0.000000,-0.700000,0.350000,0.017097,-0.064815,-0.023894,2.688,-14.484,2.714,-14.480
34178,0.249634,0.029419,1.003540,0.250207,0.045436,0.969381,1.002182,0.000000,-0.630000,0.420000,0.017097,0.005185,0.046106,2.684,-14.458,2.713,-14.480
34235,0.249268,0.029663,1.002319,0.249853,0.045678,0.968171,1.000934,-0.070000,-0.560000,0.420000,-0.052903,0.075185,0.046106,2.701,-14.455,2.713,-14.482
34292,0.249756,0.030396,1.000854,0.250352,0.046407,0.966719,0.999688,0.000000,-0.560000,0.350000,0.017097,0.075185,-0.023894,2.748,-14.503,2.715,-14.480
34349,0.250122,0.030640,1.001587,0.250711,0.046652,0.967445,1.000491,0.000000,-0.700000,0.420000,0.017097,-0.064815,0.046106,2.761,-14.512,2.714,-14.479
34405,0.248657,0.029663,1.003174,0.249237,0.045679,0.969018,1.001600,0.070000,-0.700000,0.350000,0.087097,-0.064815,-0.023894,2.699,-14.409,2.714,-14.479
34462,0.249756,0.028320,1.002930,0.250335,0.044338,0.968776,1.001579,0.000000,-0.630000,0.350000,0.017097,0.005185,-0.023894,2.620,-14.474,2.713,-14.482
34518,0.250000,0.028564,1.001587,0.250589,0.044580,0.967445,1.000366,-0.070000,-0.630000,0.420000,-0.052903,0.005185,0.046106,2.638,-14.507,2.714,-14.483
34576,0.249512,0.030029,1.002075,0.250098,0.046043,0.967929,1.000778,-0.140000,-0.630000,0.420000,-0.122903,0.005185,0.046106,2.723,-14.472,2.715,-14.482
34632,0.248535,0.031372,1.001465,0.249130,0.047383,0.967324,1.000013,0.000000,-0.630000,0.420000,0.017097,0.005185,0.046106,2.804,-14.426,2.713,-14.482
34689,0.250000,0.030762,1.000488,0.250598,0.046772,0.966356,0.999415,0.000000,-0.630000,0.420000,0.017097,0.005185,0.046106,2.771,-14.522,2.711,-14.479
34746,0.250000,0.030029,1.001221,0.250592,0.046042,0.967082,1.000082,0.000000,-0.700000,0.420000,0.017097,-0.064815,0.046106,2.726,-14.511,2.711,-14.482
34802,0.248535,0.028809,1.003296,0.249115,0.044826,0.969139,1.001648,0.000000,-0.700000,0.350000,0.017097,-0.064815,-0.023894,2.648,-14.401,2.713,-14.480
34860,0.248413,0.029175,1.002686,0.248998,0.045191,0.968534,1.001050,-0.070000,-0.560000,0.420000,-0.052903,0.075185,0.046106,2.671,-14.403,2.711,-14.477
34916,0.250244,0.029663,1.001343,0.250835,0.045676,0.967203,1.000243,-0.070000,-0.560000,0.420000,-0.052903,0.075185,0.046106,2.704,-14.523,2.714,-14.479
34973,0.248901,0.031006,1.001587,0.249494,0.047017,0.967445,1.000204,-0.070000,-0.630000,0.420000,-0.052903,0.005185,0.046106,2.782,-14.445,2.714,-14.477
35029,0.249268,0.030640,1.001953,0.249856,0.046652,0.967808,1.000628,0.070000,-0.630000,0.350000,0.087097,0.005185,-0.023894,2.760,-14.460,2.713,-14.478
35087,0.249390,0.029663,1.001953,0.249978,0.045677,0.967808,1.000614,0.070000,-0.630000,0.350000,0.087097,0.005185,-0.023894,2.702,-14.467,2.714,-14.479
35143,0.249878,0.028931,1.001587,0.250468,0.044946,0.967445,1.000352,-0.070000,-0.700000,0.350000,-0.052903,-0.064815,-0.023894,2.660,-14.500,2.716,-14.477
35200,0.249878,0.029541,1.002563,0.250459,0.045556,0.968413,1.001314,-0.070000,-0.630000,0.420000,-0.052903,0.005185,0.046106,2.693,-14.485,2.715,-14.480
35257,0.250000,0.030884,1.001221,0.250592,0.046895,0.967082,1.000121,-0.070000,-0.560000,0.420000,-0.052903,0.075185,0.046106,2.776,-14.511,2.716,-14.482
35314,0.249878,0.030273,1.000610,0.250476,0.046285,0.966477,0.999479,0.000000,-0.630000,0.350000,0.017097,0.005185,-0.023894,2.742,-14.513,2.715,-14.482
35371,0.249512,0.029785,1.001587,0.250103,0.045799,0.967445,1.000299,0.000000,-0.700000,0.420000,0.017097,-0.064815,0.046106,2.710,-14.479,2.713,-14.481
35428,0.249146,0.028809,1.003052,0.249725,0.044826,0.968897,1.001566,0.000000,-0.630000,0.420000,0.017097,0.005185,0.046106,2.649,-14.438,2.711,-14.478
35484,0.249023,0.029785,1.003784,0.249597,0.045802,0.969623,1.002280,-0.070000,-0.630000,0.420000,-0.052903,0.005185,0.046106,2.704,-14.420,2.714,-14.479
35541,0.250610,0.031128,1.001343,0.251199,0.047139,0.967203,1.000402,-0.070000,-0.630000,0.420000,-0.052903,0.005185,0.046106,2.790,-14.543,2.715,-14.481
35597,0.250977,0.031128,1.001221,0.251565,0.047139,0.967082,1.000377,0.070000,-0.630000,0.350000,0.087097,0.005185,-0.023894,2.791,-14.565,2.716,-14.482
35655,0.250000,0.028687,1.001831,0.250587,0.044702,0.967687,1.000605,0.000000,-0.630000,0.350000,0.017097,0.005185,-0.023894,2.645,-14.503,2.712,-14.481
35711,0.249146,0.029175,1.002441,0.249730,0.045191,0.968292,1.000998,0.000000,-0.700000,0.420000,0.017097,-0.064815,0.046106,2.672,-14.447,2.712,-14.485
35768,0.249512,0.029785,1.002686,0.250093,0.045800,0.968534,1.001350,-0.070000,-0.630000,0.420000,-0.052903,0.005185,0.046106,2.707,-14.463,2.716,-14.488
35825,0.249512,0.030640,1.000732,0.250110,0.046651,0.966598,0.999521,-0.070000,-0.560000,0.420000,-0.052903,0.075185,0.046106,2.763,-14.491,2.716,-14.489
35882,0.250488,0.030273,1.000244,0.251087,0.046284,0.966114,0.999281,0.000000,-0.700000,0.350000,0.017097,-0.064815,-0.023894,2.743,-14.553,2.714,-14.488
35938,0.249634,0.029297,1.002686,0.250215,0.045313,0.968534,1.001359,0.000000,-0.700000,0.350000,0.017097,-0.064815,-0.023894,2.679,-14.470,2.710,-14.486
35995,0.248901,0.028320,1.003052,0.249482,0.044338,0.968897,1.001483,0.000000,-0.630000,0.420000,0.017097,0.005185,0.046106,2.620,-14.425,2.709,-14.486
36052,0.249512,0.029907,1.001221,0.250106,0.045920,0.967082,0.999955,-0.070000,-0.560000,0.420000,-0.052903,0.075185,0.046106,2.719,-14.484,2.712,-14.486
36109,0.249512,0.031128,0.999634,0.250119,0.047136,0.965509,0.998493,-0.070000,-0.630000,0.420000,-0.052903,0.005185,0.046106,2.795,-14.507,2.715,-14.486
36166,0.250366,0.030273,1.001221,0.250957,0.046286,0.967082,1.000185,0.000000,-0.700000,0.350000,0.017097,-0.064815,-0.023894,2.740,-14.531,2.713,-14.483
36222,0.249390,0.029053,1.002686,0.249972,0.045069,0.968534,1.001287,0.070000,-0.700000,0.420000,0.087097,-0.064815,0.046106,2.664,-14.457,2.713,-14.482
36279,0.249390,0.027832,1.003784,0.249962,0.043852,0.969623,1.002284,0.000000,-0.560000,0.420000,0.017097,0.075185,0.046106,2.589,-14.442,2.712,-14.483
36336,0.249146,0.029785,1.000854,0.249744,0.045798,0.966719,0.999507,-0.070000,-0.560000,0.420000,-0.052903,0.075185,0.046106,2.712,-14.470,2.717,-14.481
36393,0.250244,0.031982,0.999756,0.250848,0.047990,0.965630,0.998834,-0.070000,-0.700000,0.420000,-0.052903,-0.064815,0.046106,2.845,-14.545,2.716,-14.480
36449,0.250000,0.031494,1.001343,0.250591,0.047505,0.967203,1.000267,0.070000,-0.700000,0.350000,0.087097,-0.064815,-0.023894,2.812,-14.509,2.715,-14.480
36506,0.249268,0.029541,1.002686,0.249850,0.045557,0.968534,1.001279,0.070000,-0.770000,0.350000,0.087097,-0.134815,-0.023894,2.693,-14.450,2.715,-14.483
36563,0.248535,0.028320,1.003418,0.249114,0.044339,0.969260,1.001743,0.000000,-0.630000,0.350000,0.017097,0.05185,-0.023894,2.619,-14.399,2.716,-14.485
36617,0.249512,0.030273,1.000854,0.250109,0.046285,0.966719,0.999621,-0.140000,-0.560000,0.420000,-0.122903,0.075185,0.046106,2.741,-14.490,2.712,-14.482
36667,0.249634,0.031128,0.999878,0.250239,0.047137,0.965751,0.998757,0.000000,-0.700000,0.420000,0.017097,-0.064815,0.046106,2.794,-14.510,2.712,-14.480
36724,0.249634,0.030884,1.001221,0.250227,0.046895,0.967082,1.000030,0.070000,-0.770000,0.350000,0.087097,-0.134815,-0.023894,2.776,-14.491,2.709,-14.479
36781,0.249146,0.029297,1.002930,0.249726,0.045313,0.968776,1.001471,0.070000,-0.700000,0.350000,0.087097,-0.064815,-0.023894,2.678,-14.440,2.711,-14.480
36838,0.249023,0.029175,1.003174,0.249602,0.045192,0.969018,1.001668,-0.070000,-0.700000,0.350000,-0.052903,-0.064815,-0.023894,2.670,-14.429,2.713,-14.482
36894,0.249634,0.030396,1.002075,0.250220,0.046409,0.967929,1.000825,-0.140000,-0.630000,0.420000,-0.122903,0.005185,0.046106,2.745,-14.478,2.717,-14.483
36951,0.249390,0.031494,1.001099,0.249985,0.047504,0.966961,0.999881,-0.070000,-0.560000,0.420000,-0.052903,0.075185,0.046106,2.813,-14.478,2.720,-14.483
37008,0.249390,0.030518,1.000977,0.249986,0.046529,0.966840,0.999719,0.000000,-0.630000,0.420000,0.017097,0.005185,0.046106,2.755,-14.481,2.716,-14.482
37064,0.249512,0.030273,1.001221,0.250106,0.046286,0.967082,0.999971,0.070000,-0.700000,0.350000,0.087097,-0.064815,-0.023894,2.740,-14.484,2.710,-14.480
37121,0.249023,0.028320,1.002808,0.249606,0.044338,0.968655,1.001280,0.000000,-0.700000,0.420000,0.017097,-0.064815,0.046106,2.621,-14.435,2.710,-14.478
37178,0.248413,0.028320,1.003784,0.248989,0.044339,0.969623,1.002063,0.000000,-0.700000,0.420000,0.017097,-0.064815,0.046106,2.618,-14.387,2.711,-14.479
37235,0.248291,0.029663,1.002686,0.248877,0.045678,0.968534,1.001042,-0.070000,-0.560000,0.420000,-0.052903,0.075185,0.046106,2.700,-14.396,2.712,-14.478
37292,0.250122,0.031616,0.999268,0.250730,0.047623,0.965146,0.998319,0.000000,-0.630000,0.420000,0.017097,0.005185,0.046106,2.825,-14.546,2.718,-14.482
37349,0.250244,0.030273,1.000854,0.250839,0.046285,0.966719,0.999804,0.000000,-0.770000,0.350000,0.017097,-0.134815,-0.023894,2.741,-14.530,2.717,-14.480
37405,0.248779,0.029663,1.003540,0.249356,0.045680,0.969381,1.001980,0.000000,-0.700000,0.420000,0.017097,-0.064815,0.046106,2.698,-14.410,2.717,-14.476
37462,0.248901,0.029663,1.002441,0.249487,0.045678,0.968292,1.000959,0.070000,-0.560000,0.350000,0.087097,0.075185,-0.023894,2.701,-14.433,2.716,-14.479
37519,0.250244,0.028198,1.001465,0.250834,0.044214,0.967324,1.000294,0.000000,-0.630000,0.420000,0.017097,0.005185,0.046106,2.617,-14.523,2.714,-14.480
37576,0.249756,0.030029,1.001587,0.250346,0.046042,0.967445,1.000371,-0.070000,-0.700000,0.420000,-0.052903,-0.064815,0.046106,2.725,-14.492,2.714,-14.483
37632,0.249756,0.030884,1.002563,0.250337,0.046897,0.968413,1.001345,0.000000,-0.630000,0.420000,0.017097,0.005185,0.046106,2.772,-14.478,2.715,-14.487
37689,0.249390,0.029663,1.001831,0.249979,0.045677,0.967687,1.000497,0.000000,-0.630000,0.420000,0.017097,0.005185,0.046106,2.702,-14.469,2.715,-14.487
37746,0.249756,0.030151,1.001343,0.250348,0.046164,0.967203,1.000143,-0.070000,-0.630000,0.420000,-0.052903,0.005185,0.046106,2.733,-14.496,2.717,-14.485
37803,0.248169,0.030029,1.003418,0.248748,0.046045,0.969260,1.001729,0.000000,-0.700000,0.420000,0.017097,-0.064815,0.046106,2.720,-14.378,2.717,-14.482
37859,0.248901,0.030029,1.002197,0.249489,0.046043,0.968050,1.000743,0.070000,-0.630000,0.420000,0.087097,0.005185,0.046106,2.723,-14.436,2.714,-14.482
37916,0.249634,0.028564,1.000610,0.250233,0.044579,0.966477,0.999341,0.000000,-0.630000,0.420000,0.017097,0.005185,0.046106,2.641,-14.501,2.709,-14.484
37973,0.249634,0.029785,1.001343,0.250226,0.045798,0.967203,1.000096,-0.070000,-0.700000,0.420000,-0.052903,-0.064815,0.046106,2.711,-14.489,2.709,-14.482
38030,0.249878,0.029907,1.002197,0.250462,0.045921,0.968050,1.000980,0.000000,-0.630000,0.350000,0.017097,0.005185,-0.023894,2.716,-14.490,2.708,-14.484
38087,0.249390,0.029175,1.002075,0.249977,0.045190,0.967929,1.000708,0.000000,-0.630000,0.420000,0.017097,0.005185,0.046106,2.673,-14.466,2.710,-14.486
38143,0.249756,0.029785,1.001099,0.250350,0.045798,0.966961,0.999893,-0.070000,-0.630000,0.420000,-0.052903,0.005185,0.046106,2.712,-14.500,2.710,-14.489
38201,0.249878,0.030884,1.000610,0.250476,0.046894,0.966477,0.999507,0.000000,-0.630000,0.420000,0.017097,0.005185,0.046106,2.778,-14.513,2.712,-14.490
38257,0.248779,0.030884,1.002319,0.249366,0.046897,0.968171,1.000869,0.000000,-0.630000,0.420000,0.017097,0.005185,0.046106,2.773,-14.427,2.714,-14.487
38314,0.249756,0.030029,1.001953,0.250343,0.046043,0.967808,1.000722,0.000000,-0.630000,0.420000,0.017097,0.005185,0.046106,2.724,-14.487,2.716,-14.487
38370,0.250244,0.029907,1.000000,0.250846,0.045918,0.965872,0.998970,0.000000,-0.630000,0.350000,0.017097,0.005185,-0.023894,2.722,-14.543,2.716,-14.491
38427,0.249390,0.029175,1.001587,0.249981,0.045189,0.967445,1.000241,0.000000,-0.700000,0.420000,0.017097,-0.064815,0.046106,2.674,-14.473,2.711,-14.490
38484,0.249023,0.028809,1.002808,0.249606,0.044826,0.968655,1.001302,-0.070000,-0.700000,0.350000,-0.052903,-0.064815,-0.023894,2.650,-14.435,2.710,-14.489
38541,0.249878,0.029907,1.001221,0.250471,0.045920,0.967082,1.000046,-0.070000,-0.630000,0.420000,-0.052903,0.005185,0.046106,2.719,-14.505,2.712,-14.491
38598,0.249634,0.031250,1.000366,0.250234,0.047259,0.966235,0.999230,-0.070000,-0.560000,0.420000,-0.052903,0.075185,0.046106,2.800,-14.503,2.714,-14.489
38655,0.249878,0.031982,1.000244,0.250479,0.047990,0.966114,0.999209,0.000000,-0.630000,0.420000,0.017097,0.005185,0.046106,2.844,-14.518,2.715,-14.489
38711,0.250000,0.031250,1.000610,0.250597,0.047260,0.966477,0.999555,0.070000,-0.700000,0.350000,0.087097,-0.064815,-0.023894,2.799,-14.519,2.713,-14.486
38768,0.248535,0.027710,1.003052,0.249117,0.043729,0.968897,1.001366,0.070000,-0.700000,0.420000,0.087097,-0.064815,0.046106,2.584,-14.405,2.712,-14.481
38825,0.249146,0.028076,1.003296,0.249723,0.044095,0.969139,1.001767,-0.070000,-0.630000,0.420000,-0.052903,0.005185,0.046106,2.605,-14.435,2.714,-14.482
38882,0.250122,0.029785,1.000732,0.250718,0.045797,0.966598,0.999634,-0.140000,-0.490000,0.420000,-0.122903,0.145185,0.046106,2.713,-14.525,2.713,-14.487
38939,0.251099,0.032349,0.998169,0.251713,0.048353,0.964057,0.997548,0.000000,-0.630000,0.420000,0.017097,0.005185,0.046106,2.871,-14.616,2.714,-14.490
38996,0.250000,0.030518,0.999268,0.250609,0.046527,0.965146,0.998236,0.070000,-0.700000,0.350000,0.087097,-0.064815,-0.023894,2.760,-14.540,2.712,-14.489
39052,0.249756,0.027832,1.002197,0.250341,0.043850,0.968050,1.000857,0.070000,-0.840000,0.350000,0.087097,-0.204815,-0.023894,2.594,-14.485,2.711,-14.489
39109,0.247803,0.027588,1.005005,0.248370,0.043610,0.970833,1.003049,-0.070000,-0.630000,0.420000,-0.052903,0.005185,0.046106,2.572,-14.336,2.715,-14.488
39165,0.249390,0.029663,1.002075,0.249977,0.045678,0.967929,1.000731,-0.140000,-0.490000,0.420000,-0.122903,0.145185,0.046106,2.702,-14.465,2.717,-14.493
39223,0.250854,0.033081,0.998291,0.251468,0.049084,0.964178,0.997639,-0.070000,-0.560000,0.420000,-0.052903,0.075185,0.046106,2.914,-14.600,2.717,-14.495
39279,0.250977,0.031982,0.999512,0.251580,0.047989,0.965388,0.998784,0.000000,-0.770000,0.420000,0.017097,-0.134815,0.046106,2.846,-14.589,2.713,-14.493
39336,0.249146,0.028931,1.002319,0.249732,0.044947,0.968171,1.000870,0.070000,-0.770000,0.350000,0.087097,-0.134815,-0.023894,2.658,-14.449,2.708,-14.493
39393,0.248291,0.026978,1.004395,0.248862,0.043000,0.970228,1.002559,0.000000,-0.700000,0.350000,0.017097,-0.064815,-0.023894,2.538,-14.373,2.706,-14.494
39450,0.248535,0.028320,1.002075,0.249126,0.044337,0.967929,1.000458,-0.140000,-0.560000,0.420000,-0.122903,0.075185,0.046106,2.623,-14.419,2.710,-14.494
39506,0.250366,0.031494,0.999634,0.250971,0.047502,0.965509,0.998724,-0.070000,-0.560000,0.420000,-0.052903,0.075185,0.046106,2.817,-14.554,2.711,-14.497
39563,0.250610,0.031372,0.998413,0.251225,0.047378,0.964299,0.997612,0.070000,-0.700000,0.420000,0.087097,-0.064815,0.046106,2.813,-14.586,2.709,-14.499
39620,0.249634,0.030029,1.001343,0.250226,0.046042,0.967203,1.000107,0.070000,-0.770000,0.350000,0.087097,-0.134815,-0.023894,2.725,-14.489,2.706,-14.496
39676,0.248779,0.027466,1.004150,0.249351,0.043487,0.969986,1.002467,0.000000,-0.630000,0.350000,0.017097,0.005185,-0.023894,2.567,-14.403,2.705,-14.495
39734,0.249023,0.028564,1.001709,0.249615,0.044580,0.967566,1.000240,-0.070000,-0.630000,0.420000,-0.052903,0.005185,0.046106,2.638,-14.451,2.707,-14.495
39790,0.249268,0.029907,1.001221,0.249862,0.045920,0.967082,0.999894,-0.070000,-0.560000,0.420000,-0.052903,0.075185,0.046106,2.719,-14.471,2.710,-14.496
39847,0.249512,0.031616,0.999634,0.250119,0.047624,0.965509,0.998516,-0.070000,-0.630000,0.420000,-0.052903,0.005185,0.046106,2.824,-14.507,2.711,-14.493
39903,0.249634,0.030518,1.000122,0.250237,0.046528,0.965993,0.998962,0.070000,-0.700000,0.350000,0.087097,-0.064815,-0.023894,2.758,-14.507,2.707,-14.491
39961,0.249512,0.028198,1.002441,0.250096,0.044216,0.968292,1.001046,0.070000,-0.700000,0.350000,0.087097,-0.064815,-0.023894,2.615,-14.468,2.705,-14.493
40017,0.248657,0.028442,1.003052,0.249239,0.044460,0.968897,1.001428,0.000000,-0.630000,0.420000,0.017097,0.005185,0.046106,2.627,-14.411,2.705,-14.493
40074,0.248657,0.029175,1.001953,0.249248,0.045190,0.967808,1.000409,-0.070000,-0.560000,0.420000,-0.052903,0.075185,0.046106,2.673,-14.427,2.708,-14.491
40131,0.250244,0.030273,1.000610,0.250841,0.046285,0.966477,0.999570,-0.070000,-0.630000,0.420000,-0.052903,0.005185,0.046106,2.742,-14.534,2.708,-14.489
40188,0.250244,0.030273,1.000366,0.250843,0.046284,0.966235,0.999337,0.000000,-0.700000,0.420000,0.017097,-0.064815,0.046106,2.742,-14.537,2.707,-14.490
40245,0.249512,0.029663,1.001099,0.250107,0.045676,0.966961,0.999827,0.000000,-0.700000,0.350000,0.017097,-0.064815,-0.023894,2.704,-14.486,2.705,-14.490
40301,0.248657,0.028564,1.002563,0.249243,0.044581,0.968413,1.000966,0.000000,-0.630000,0.420000,0.017097,0.005185,0.046106,2.636,-14.418,2.705,-14.489
40358,0.250122,0.029541,1.001099,0.250715,0.045554,0.966961,0.999973,-0.070000,-0.630000,0.420000,-0.052903,0.005185,0.046106,2.697,-14.520,2.707,-14.493
40415,0.250488,0.030518,0.999634,0.251093,0.046527,0.965509,0.998709,-0.070000,-0.630000,0.420000,-0.052903,0.005185,0.046106,2.759,-14.561,2.708,-14.496
40472,0.249146,0.030029,1.002075,0.249733,0.046043,0.967929,1.000686,0.000000,-0.700000,0.420000,0.017097,-0.064815,0.046106,2.723,-14.452,2.710,-14.494
40528,0.248657,0.028687,1.002319,0.249245,0.044703,0.968171,1.000738,0.000000,-0.630000,0.350000,0.017097,0.005185,-0.023894,2.644,-14.422,2.709,-14.492
40586,0.249268,0.029785,1.002075,0.249855,0.045799,0.967929,1.000706,0.000000,-0.630000,0.420000,0.017097,0.005185,0.046106,2.709,-14.459,2.711,-14.490
40642,0.249634,0.030762,1.000000,0.250238,0.046771,0.965872,0.998857,0.000000,-0.630000,0.420000,0.017097,0.005185,0.046106,2.772,-14.509,2.714,-14.490
40698,0.249756,0.030884,1.000977,0.250351,0.046895,0.966840,0.999827,0.000000,-0.700000,0.420000,0.017097,-0.064815,0.046106,2.777,-14.501,2.716,-14.487
40756,0.249146,0.029297,1.003174,0.249724,0.045314,0.969018,1.001704,0.000000,-0.700000,0.420000,0.017097,-0.064815,0.046106,2.677,-14.436,2.714,-14.485
40812,0.249023,0.028931,1.001831,0.249614,0.044946,0.967687,1.000373,0.000000,-0.630000,0.350000,0.017097,0.005185,-0.023894,2.659,-14.449,2.713,-14.487
40869,0.250122,0.029175,1.000977,0.250716,0.045188,0.966840,0.999840,0.000000,-0.630000,0.420000,0.017097,0.005185,0.046106,2.676,-14.522,2.714,-14.488
40926,0.249634,0.030396,1.001221,0.250227,0.046408,0.967082,1.000007,0.000000,-0.630000,0.350000,0.017097,0.005185,-0.023894,2.747,-14.491,2.714,-14.487
40982,0.249634,0.029785,1.001099,0.250228,0.045798,0.966961,0.999863,0.000000,-0.630000,0.350000,0.017097,0.005185,-0.023894,2.712,-14.493,2.713,-14.487
41039,0.248535,0.028931,1.001465,0.249131,0.044945,0.967324,0.999901,0.070000,-0.630000,0.350000,0.087097,0.005185,-0.023894,2.660,-14.428,2.710,-14.486
41096,0.49023,0.028931,1.001709,0.249615,0.044946,0.967566,1.000256,0.000000,-0.700000,0.420000,0.017097,-0.064815,0.046106,2.660,-14.451,2.709,-14.483
41151,0.249756,0.029785,1.001587,0.250346,0.045799,0.967445,1.000360,-0.070000,-0.630000,0.420000,-0.052903,0.005185,0.046106,2.710,-14.493,2.707,-14.484
41210,0.250000,0.029541,1.001831,0.250587,0.045555,0.967687,1.000643,-0.070000,-0.630000,0.420000,-0.052903,0.005185,0.046106,2.695,-14.503,2.705,-14.483
41267,0.250610,0.030396,1.001587,0.251197,0.046408,0.967445,1.000602,0.000000,-0.630000,0.350000,0.017097,0.005185,-0.023894,2.746,-14.539,2.706,-14.485
41323,0.249146,0.029175,1.001221,0.249741,0.045189,0.967082,0.999830,0.000000,-0.630000,0.420000,0.017097,0.005185,0.046106,2.675,-14.465,2.707,-14.484
41380,0.249268,0.029419,1.001953,0.249856,0.045434,0.967808,1.000572,0.000000,-0.630000,0.420000,0.017097,0.005185,0.046106,2.688,-14.461,2.707,-14.484
41437,0.249634,0.030762,1.001465,0.250225,0.046773,0.967324,1.000258,0.000000,-0.630000,0.420000,0.017097,0.005185,0.046106,2.768,-14.487,2.708,-14.484
41494,0.249878,0.029663,1.000977,0.250473,0.045676,0.966840,0.999801,0.000000,-0.700000,0.350000,0.017097,-0.064815,-0.023894,2.705,-14.508,2.709,-14.485
41550,0.248901,0.029297,1.002197,0.249489,0.045312,0.968050,1.000709,0.000000,-0.630000,0.350000,0.017097,0.005185,-0.023894,2.680,-14.437,2.708,-14.481
41608,0.249390,0.029663,1.002930,0.249969,0.045679,0.968776,1.001548,0.000000,-0.630000,0.420000,0.017097,0.005185,0.046106,2.700,-14.453,2.704,-14.480
41664,0.249390,0.029785,1.002930,0.249969,0.045801,0.968776,1.001554,0.000000,-0.630000,0.420000,0.017097,0.005185,0.046106,2.707,-14.453,2.705,-14.480
41721,0.250244,0.030273,1.000732,0.250840,0.046285,0.966598,0.999687,-0.070000,-0.630000,0.420000,-0.052903,0.005185,0.046106,2.741,-14.532,2.705,-14.482
41778,0.250122,0.030396,1.000244,0.250722,0.046406,0.966114,0.999195,0.000000,-0.700000,0.350000,0.017097,-0.064815,-0.023894,2.750,-14.532,2.705,-14.481
41835,0.249146,0.029541,1.002686,0.249728,0.045557,0.968534,1.001248,0.000000,-0.700000,0.350000,0.017097,-0.064815,-0.023894,2.693,-14.443,2.704,-14.478
41891,0.248291,0.029419,1.003784,0.248867,0.045436,0.969623,1.002082,0.000000,-0.630000,0.350000,0.017097,0.005185,-0.023894,2.683,-14.380,2.704,-14.478
41948,0.249512,0.029053,1.001587,0.250103,0.045067,0.967445,1.000266,-0.070000,-0.560000,0.420000,-0.052903,0.075185,0.046106,2.667,-14.480,2.707,-14.480
42005,0.250244,0.029907,1.000000,0.250846,0.045918,0.965872,0.998970,-0.070000,-0.630000,0.420000,-0.052903,0.005185,0.046106,2.722,-14.543,2.708,-14.479
42061,0.249878,0.030762,1.002197,0.250462,0.046775,0.968050,1.001019,0.000000,-0.700000,0.420000,0.017097,-0.064815,0.046106,2.766,-14.490,2.707,-14.478
42118,0.249146,0.029419,1.002563,0.249729,0.045435,0.968413,1.001126,0.000000,-0.630000,0.350000,0.017097,0.005185,-0.023894,2.686,-14.445,2.706,-14.477
42175,0.249268,0.029297,1.001709,0.249858,0.045311,0.967566,1.000333,0.000000,-0.560000,0.420000,0.017097,0.075185,0.046106,2.681,-14.464,2.707,-14.480
42232,0.251221,0.029541,1.001465,0.251807,0.045555,0.967324,1.000599,-0.070000,-0.630000,0.420000,-0.052903,0.005185,0.046106,2.696,-14.576,2.710,-14.482
42289,0.249268,0.030518,1.001709,0.249858,0.046530,0.967566,1.000389,-0.070000,-0.700000,0.420000,-0.052903,-0.064815,0.046106,2.753,-14.463,2.708,-14.481
42346,0.249756,0.031128,1.002319,0.250339,0.047140,0.968171,1.001123,0.000000,-0.630000,0.420000,0.017097,0.005185,0.046106,2.788,-14.481,2.710,-14.481
42403,0.249512,0.029663,1.000610,0.250111,0.045675,0.966477,0.999360,0.000000,-0.560000,0.420000,0.017097,0.075185,0.046106,2.706,-14.494,2.709,-14.481
42459,0.250488,0.029907,1.000366,0.251086,0.045919,0.966235,0.999381,0.000000,-0.700000,0.350000,0.017097,-0.064815,-0.023894,2.721,-14.551,2.709,-14.485
42516,0.249756,0.029297,1.002563,0.250337,0.045313,0.968413,1.001272,-0.070000,-0.700000,0.420000,-0.052903,-0.064815,0.046106,2.679,-14.479,2.709,-14.482
42573,0.249146,0.029785,1.002197,0.249732,0.045800,0.968050,1.000792,0.000000,-0.630000,0.420000,0.017097,0.005185,0.046106,2.709,-14.450,2.710,-14.484
42629,0.250977,0.029663,1.000732,0.251570,0.045676,0.966598,0.999843,0.000000,-0.560000,0.420000,0.017097,0.075185,0.046106,2.705,-14.573,2.710,-14.487
42687,0.250366,0.029907,1.000732,0.250961,0.045919,0.966598,0.999701,-0.070000,-0.700000,0.420000,-0.052903,-0.064815,0.046106,2.720,-14.539,2.715,-14.486
42743,0.248169,0.030273,1.001709,0.248763,0.046286,0.967566,1.000105,0.000000,-0.700000,0.420000,0.017097,-0.064815,0.046106,2.739,-14.403,2.716,-14.481
42800,0.248413,0.028564,1.001953,0.249005,0.044581,0.967808,1.000322,0.000000,-0.630000,0.420000,0.017097,0.005185,0.046106,2.637,-14.414,2.714,-14.481
42857,0.249878,0.029053,1.001831,0.250466,0.045068,0.967687,1.000591,0.000000,-0.630000,0.420000,0.017097,0.005185,0.046106,2.666,-14.496,2.713,-14.480
42913,0.250000,0.029419,1.000854,0.250596,0.045432,0.966719,0.999704,-0.070000,-0.630000,0.420000,-0.052903,0.005185,0.046106,2.691,-14.517,2.712,-14.483
42970,0.249146,0.031372,0.999878,0.249752,0.047381,0.965751,0.998647,-0.070000,-0.630000,0.350000,-0.052903,0.005185,-0.023894,2.809,-14.483,2.715,-14.484
43027,0.248901,0.030884,1.001465,0.249495,0.046895,0.967324,1.000081,0.000000,-0.700000,0.350000,0.017097,-0.064815,-0.023894,2.775,-14.446,2.717,-14.484
43084,0.248779,0.028931,1.001709,0.249372,0.044946,0.967566,1.000195,0.000000,-0.630000,0.350000,0.017097,0.005185,-0.023894,2.660,-14.437,2.715,-14.484
43141,0.249146,0.029297,1.001709,0.249737,0.045311,0.967566,1.000303,0.000000,-0.630000,0.350000,0.017097,0.005185,-0.023894,2.681,-14.457,2.714,-14.480
43197,0.249878,0.030396,1.000854,0.250474,0.046407,0.966719,0.999718,0.000000,-0.630000,0.420000,0.017097,0.005185,0.046106,2.748,-14.510,2.718,-14.482
43254,0.250122,0.029785,1.001465,0.250712,0.045799,0.967324,1.000335,0.000000,-0.630000,0.350000,0.017097,0.005185,-0.023894,2.711,-14.515,2.719,-14.481
43311,0.249756,0.031128,1.000854,0.250352,0.047138,0.966719,0.999722,-0.070000,-0.630000,0.420000,-0.052903,0.005185,0.046106,2.792,-14.502,2.718,-14.482
43368,0.249634,0.029297,1.001709,0.250223,0.045311,0.967566,1.000424,0.000000,-0.630000,0.420000,0.017097,0.005185,0.046106,2.681,-14.484,2.715,-14.482
43424,0.249756,0.030884,1.000610,0.250354,0.046894,0.966477,0.999477,0.000000,-0.630000,0.350000,0.017097,0.005185,-0.023894,2.778,-14.506,2.715,-14.482
43482,0.250000,0.029419,1.000732,0.250597,0.045432,0.966598,0.999587,0.000000,-0.700000,0.350000,0.017097,-0.064815,-0.023894,2.691,-14.519,2.712,-14.482
43538,0.249268,0.029175,1.002808,0.249849,0.045191,0.968655,1.001379,0.000000,-0.700000,0.350000,0.017097,-0.064815,-0.023894,2.671,-14.448,2.712,-14.480
43595,0.248657,0.028564,1.003052,0.249239,0.044582,0.968897,1.001433,-0.070000,-0.560000,0.420000,-0.052903,0.075185,0.046106,2.635,-14.411,2.713,-14.479
43652,0.250122,0.030396,1.000244,0.250722,0.046406,0.966114,0.999195,-0.070000,-0.560000,0.420000,-0.052903,0.075185,0.046106,2.750,-14.532,2.712,-14.482
43708,0.250244,0.030029,1.000122,0.250845,0.046040,0.965993,0.999092,-0.070000,-0.700000,0.420000,-0.052903,-0.064815,0.046106,2.729,-14.541,2.709,-14.480
43765,0.248901,0.030640,1.002441,0.249487,0.046653,0.968292,1.001004,0.000000,-0.700000,0.350000,0.017097,-0.064815,-0.023894,2.758,-14.432,2.707,-14.480
43822,0.248169,0.028320,1.002808,0.248754,0.044338,0.968655,1.001068,0.070000,-0.630000,0.350000,0.087097,0.005185,-0.023894,2.621,-14.388,2.705,-14.478
43879,0.249634,0.028687,1.001099,0.250229,0.044701,0.966961,0.999813,-0.070000,-0.630000,0.420000,-0.052903,0.005185,0.046106,2.647,-14.494,2.705,-14.480
43936,0.249023,0.029663,1.000854,0.249622,0.045676,0.966719,0.999471,-0.070000,-0.630000,0.420000,-0.052903,0.005185,0.046106,2.705,-14.463,2.705,-14.479
43993,0.249146,0.032104,1.000244,0.249749,0.048112,0.966114,0.999032,0.000000,-0.630000,0.420000,0.017097,0.005185,0.046106,2.851,-14.477,2.707,-14.480
44049,0.249756,0.030884,1.000244,0.250357,0.046894,0.966114,0.999126,0.000000,-0.630000,0.350000,0.017097,0.005185,-0.023894,2.779,-14.512,2.710,-14.481
44106,0.249878,0.030151,1.000244,0.250479,0.046162,0.966114,0.999123,0.070000,-0.00000,0.350000,0.087097,-0.064815,-0.023894,2.736,-14.519,2.711,-14.482
44162,0.249146,0.028198,1.002319,0.249732,0.044215,0.968171,1.000838,0.070000,-0.700000,0.350000,0.087097,-0.064815,-0.023894,2.615,-14.449,2.705,-14.482
44220,0.249878,0.028687,1.003540,0.250451,0.044705,0.969381,1.002210,0.000000,-0.630000,0.350000,0.017097,0.005185,-0.023894,2.640,-14.472,2.708,-14.481
44276,0.248901,0.029907,1.001953,0.249491,0.045921,0.967808,1.000503,-0.070000,-0.630000,0.420000,-0.052903,0.005185,0.046106,2.717,-14.440,2.713,-14.481
44333,0.250366,0.030273,1.000244,0.250966,0.046284,0.966114,0.999251,-0.070000,-0.560000,0.420000,-0.052903,0.075185,0.046106,2.743,-14.546,2.714,-14.483
44390,0.250854,0.031494,1.000488,0.251450,0.047503,0.966356,0.999664,-0.070000,-0.630000,0.420000,-0.052903,0.005185,0.046106,2.814,-14.568,2.714,-14.483
44446,0.249756,0.030151,1.000854,0.250352,0.046163,0.966719,0.999676,0.000000,-0.700000,0.420000,0.017097,-0.064815,0.046106,2.734,-14.503,2.712,-14.482
44503,0.249512,0.029297,1.002930,0.250091,0.045313,0.968776,1.001562,0.070000,-0.700000,0.350000,0.087097,-0.064815,-0.023894,2.678,-14.460,2.714,-14.485
44560,0.249268,0.028320,1.002441,0.249852,0.044338,0.968292,1.000990,-0.070000,-0.630000,0.420000,-0.052903,0.005185,0.046106,2.622,-14.454,2.711,-14.488
44617,0.249512,0.030762,1.000977,0.250108,0.046773,0.966840,0.999761,-0.070000,-0.560000,0.420000,-0.052903,0.075185,0.046106,2.770,-14.487,2.713,-14.487
44674,0.250732,0.030518,1.000488,0.251328,0.046528,0.966356,0.999587,-0.070000,-0.630000,0.420000,-0.052903,0.005185,0.046106,2.757,-14.562,2.711,-14.489
44731,0.249268,0.031494,1.001831,0.249857,0.047505,0.967687,1.000551,0.070000,-0.700000,0.350000,0.087097,-0.064815,-0.023894,2.810,-14.461,2.712,-14.487
44788,0.249512,0.028076,1.002930,0.250091,0.044094,0.968776,1.001507,0.070000,-0.700000,0.350000,0.087097,-0.064815,-0.023894,2.606,-14.461,2.711,-14.486
44844,0.249023,0.029053,1.001587,0.249616,0.045067,0.967445,1.000145,0.000000,-0.630000,0.420000,0.017097,0.005185,0.046106,2.667,-14.453,2.712,-14.486
44901,0.249268,0.030273,1.001831,0.249857,0.046287,0.967687,1.000494,-0.070000,-0.630000,0.420000,-0.052903,0.005185,0.046106,2.738,-14.462,2.714,-14.485
44958,0.250000,0.030273,1.000854,0.250595,0.046285,0.966719,0.999743,0.000000,-0.630000,0.420000,0.017097,0.005185,0.046106,2.741,-14.517,2.714,-14.487
45015,0.249146,0.030762,1.001343,0.249739,0.046773,0.967203,1.000020,0.000000,-0.630000,0.350000,0.017097,0.005185,-0.023894,2.769,-14.462,2.712,-14.486
45072,0.250122,0.029419,1.001465,0.250712,0.045433,0.967324,1.000318,0.070000,-0.630000,0.350000,0.087097,0.005185,-0.023894,2.689,-14.515,2.714,-14.489
45128,0.249512,0.028931,1.002075,0.250099,0.044946,0.967929,1.000728,0.000000,-0.630000,0.420000,0.017097,0.005185,0.046106,2.659,-14.473,2.712,-14.488
45185,0.249390,0.028809,1.002197,0.249976,0.044825,0.968050,1.000809,0.000000,-0.630000,0.420000,0.017097,0.005185,0.046106,2.651,-14.464,2.712,-14.486
45242,0.248779,0.030273,1.001709,0.249371,0.046286,0.967566,1.000256,-0.070000,-0.630000,0.350000,-0.052903,0.005185,-0.023894,2.739,-14.437,2.712,-14.483
45298,0.250244,0.030518,1.001343,0.250834,0.046530,0.967203,1.000282,0.000000,-0.630000,0.420000,0.017097,0.005185,0.046106,2.754,-14.523,2.713,-14.483
45355,0.250122,0.030396,1.001953,0.250707,0.046409,0.967808,1.000830,0.000000,-0.700000,0.350000,0.017097,-0.064815,-0.023894,2.745,-14.507,2.713,-14.484
45412,0.248901,0.029297,1.002441,0.249487,0.045312,0.968292,1.000943,0.000000,-0.700000,0.350000,0.017097,-0.064815,-0.023894,2.679,-14.433,2.711,-14.484
45469,0.249634,0.028809,1.002441,0.250217,0.044825,0.968292,1.001103,-0.070000,-0.560000,0.420000,-0.052903,0.075185,0.046106,2.650,-14.474,2.709,-14.485
45526,0.249634,0.030029,1.000977,0.250229,0.046042,0.966840,0.999757,-0.070000,-0.630000,0.420000,-0.052903,0.005185,0.046106,2.726,-14.495,2.710,-14.486
45582,0.249878,0.029785,1.001953,0.250464,0.045799,0.967808,1.000741,-0.070000,-0.700000,0.350000,-0.052903,-0.064815,-0.023894,2.709,-14.494,2.708,-14.484
45639,0.249146,0.030151,1.002319,0.249731,0.046165,0.968171,1.000926,0.000000,-0.700000,0.350000,0.017097,-0.064815,-0.023894,2.730,-14.448,2.709,-14.483
45696,0.249146,0.029297,1.002441,0.249730,0.045312,0.968292,1.001004,0.000000,-0.630000,0.420000,0.017097,0.005185,0.046106,2.679,-14.447,2.709,-14.483
45752,0.249634,0.030151,1.001221,0.250227,0.046164,0.967082,0.999996,0.000000,-0.630000,0.350000,0.017097,0.005185,-0.023894,2.733,-14.491,2.711,-14.484
45810,0.249634,0.031006,1.001221,0.250227,0.047017,0.967082,1.000036,-0.070000,-0.700000,0.350000,-0.052903,-0.064815,-0.023894,2.783,-14.490,2.715,-14.485
45866,0.249634,0.031006,1.001587,0.250224,0.047017,0.967445,1.000386,0.000000,-0.630000,0.350000,0.017097,0.005185,-0.023894,2.782,-14.485,2.716,-14.486
45923,0.249756,0.029907,1.001343,0.250348,0.045920,0.967203,1.000132,0.000000,-0.630000,0.420000,0.017097,0.005185,0.046106,2.718,-14.496,2.716,-14.485
45980,0.249146,0.029175,1.002930,0.249726,0.045191,0.968776,1.001465,0.000000,-0.700000,0.420000,0.017097,-0.064815,0.046106,2.671,-14.440,2.717,-14.479
46037,0.248779,0.029175,1.002930,0.249361,0.045191,0.968776,1.001374,-0.070000,-0.630000,0.420000,-0.052903,0.005185,0.046106,2.671,-14.419,2.719,-14.479
46094,0.249634,0.030396,1.001953,0.250221,0.046409,0.967808,1.000708,0.000000,-0.560000,0.350000,0.017097,0.075185,-0.023894,2.745,-14.480,2.714,-14.480
46151,0.249634,0.031250,1.000122,0.250237,0.047259,0.965993,0.998996,0.000000,-0.700000,0.420000,0.017097,-0.064815,0.046106,2.801,-14.506,2.712,-14.482
46207,0.249756,0.030029,1.001221,0.250349,0.046042,0.967082,1.000021,0.000000,-0.700000,0.420000,0.017097,-0.064815,0.046106,2.726,-14.498,2.711,-14.482
46264,0.249390,0.029297,1.003418,0.249965,0.045314,0.969260,1.001999,0.070000,-0.700000,0.350000,0.087097,-0.064815,-0.023894,2.677,-14.446,2.711,-14.480
46321,0.248535,0.028442,1.003540,0.249113,0.044461,0.969381,1.001865,0.000000,-0.560000,0.420000,0.017097,0.075185,0.046106,2.626,-14.398,2.711,-14.481
46378,0.249878,0.030762,1.000854,0.250474,0.046773,0.966719,0.999735,-0.070000,-0.560000,0.420000,-0.052903,0.075185,0.046106,2.770,-14.509,2.714,-14.484
46434,0.250000,0.031616,1.001099,0.250593,0.047626,0.966961,1.000039,-0.070000,-0.630000,0.420000,-0.052903,0.005185,0.046106,2.820,-14.512,2.717,-14.486
46491,0.249023,0.031128,1.001221,0.249619,0.047139,0.967082,0.999890,0.000000,-0.630000,0.350000,0.017097,0.005185,-0.023894,2.791,-14.457,2.718,-14.487
46548,0.249634,0.028931,1.001343,0.250227,0.044945,0.967203,1.000057,0.070000,-0.700000,0.350000,0.087097,-0.064815,-0.023894,2.661,-14.490,2.716,-14.485
46605,0.249634,0.028320,1.002808,0.250214,0.044338,0.968655,1.001432,0.000000,-0.630000,0.420000,0.017097,0.005185,0.046106,2.621,-14.469,2.716,-14.483
46661,0.249268,0.029175,1.003784,0.249840,0.045193,0.969623,1.002313,-0.140000,-0.630000,0.420000,-0.122903,0.005185,0.046106,2.669,-14.434,2.720,-14.484
46718,0.249146,0.030884,1.001587,0.249737,0.046896,0.967445,1.000259,-0.070000,-0.630000,0.420000,-0.052903,0.005185,0.046106,2.775,-14.458,2.719,-14.488
46775,0.250366,0.030273,1.000732,0.250961,0.046285,0.966598,0.999718,0.000000,-0.630000,0.420000,0.017097,0.005185,0.046106,2.741,-14.539,2.717,-14.487
46831,0.250122,0.029907,1.002197,0.250705,0.045921,0.968050,1.001041,0.070000,-0.700000,0.420000,0.087097,-0.064815,0.046106,2.716,-14.504,2.716,-14.484
46889,0.249268,0.028809,1.003174,0.249846,0.044826,0.969018,1.001713,0.000000,-0.630000,0.420000,0.017097,0.005185,0.046106,2.649,-14.443,2.715,-14.485
46945,0.249512,0.029907,1.002686,0.250093,0.045922,0.968534,1.001356,0.000000,-0.630000,0.420000,0.017097,0.005185,0.046106,2.715,-14.463,2.718,-14.486
47002,0.250366,0.030273,1.001099,0.250958,0.046285,0.966961,1.000068,0.000000,-0.630000,0.420000,0.017097,0.005185,0.046106,2.740,-14.533,2.718,-14.488
47059,0.250244,0.031250,1.000854,0.250838,0.047260,0.966719,0.999849,0.000000,-0.700000,0.420000,0.017097,-0.064815,0.046106,2.799,-14.529,2.717,-14.487
47116,0.249268,0.029907,1.002686,0.249850,0.045922,0.968534,1.001295,0.000000,-0.630000,0.420000,0.017097,0.005185,0.046106,2.715,-14.449,2.714,-14.484
47172,0.249756,0.029053,1.002319,0.250340,0.045069,0.968171,1.001028,0.000000,-0.630000,0.350000,0.017097,0.005185,-0.023894,2.665,-14.482,2.712,-14.483
47229,0.249634,0.030273,1.002808,0.250213,0.046288,0.968655,1.001520,0.000000,-0.630000,0.420000,0.017097,0.005185,0.046106,2.736,-14.468,2.716,-14.486
47286,0.249512,0.029541,1.001831,0.250100,0.045555,0.967687,1.000522,0.000000,-0.560000,0.420000,0.017097,0.075185,0.046106,2.695,-14.476,2.716,-14.485
47343,0.250366,0.030029,1.001831,0.250952,0.046043,0.967687,1.000757,0.000000,-0.700000,0.350000,0.017097,-0.064815,-0.023894,2.724,-14.523,2.719,-14.483
47399,0.249146,0.029785,1.002930,0.249726,0.045801,0.968776,1.001493,0.000000,-0.700000,0.350000,0.017097,-0.064815,-0.023894,2.707,-14.439,2.716,-14.482
47456,0.249756,0.030518,1.002563,0.250337,0.046531,0.968413,1.001328,0.000000,-0.630000,0.350000,0.017097,0.005185,-0.023894,2.751,-14.478,2.715,-14.482
47513,0.249878,0.029541,1.001709,0.250466,0.045555,0.967566,1.000496,0.000000,-0.630000,0.420000,0.017097,0.005185,0.046106,2.696,-14.498,2.717,-14.480
47570,0.249146,0.029785,1.002197,0.249732,0.045800,0.968050,1.000792,0.000000,-0.700000,0.420000,0.017097,-0.064815,0.046106,2.709,-14.450,2.717,-14.478
47627,0.250122,0.030151,1.002319,0.250704,0.046165,0.968171,1.001169,0000000,-0.630000,0.420000,0.017097,0.005185,0.046106,2.730,-14.502,2.719,-14.480
47682,0.250122,0.030518,1.001831,0.250708,0.046530,0.967687,1.000719,-0.070000,-0.630000,0.420000,-0.052903,0.005185,0.046106,2.753,-14.509,2.720,-14.483
47740,0.249023,0.030029,1.002563,0.249607,0.046044,0.968413,1.001123,-0.070000,-0.700000,0.420000,-0.052903,-0.064815,0.046106,2.722,-14.438,2.720,-14.480
47797,0.250488,0.029907,1.002319,0.251069,0.045922,0.968171,1.001249,-0.070000,-0.630000,0.420000,-0.052903,0.005185,0.046106,2.716,-14.522,2.718,-14.482
47854,0.250122,0.029907,1.002197,0.250705,0.045921,0.968050,1.001041,0.000000,-0.700000,0.420000,0.017097,-0.064815,0.046106,2.716,-14.504,2.717,-14.483
47910,0.249390,0.031128,1.003052,0.249968,0.047141,0.968897,1.001732,-0.070000,-0.630000,0.420000,-0.052903,0.005185,0.046106,2.786,-14.450,2.720,-14.481
47967,0.249756,0.031372,1.001831,0.250343,0.047383,0.967687,1.000667,0.000000,-0.630000,0.350000,0.017097,0.005185,-0.023894,2.803,-14.488,2.720,-14.485
48024,0.249146,0.029541,1.001221,0.249741,0.045554,0.967082,0.999847,0.070000,-0.630000,0.350000,0.087097,0.005185,-0.023894,2.697,-14.464,2.717,-14.483
48081,0.249634,0.026855,1.003540,0.250208,0.042877,0.969381,1.002069,0.000000,-0.770000,0.420000,0.017097,-0.134815,0.046106,2.533,-14.459,2.712,-14.480
48138,0.248657,0.028809,1.005249,0.249219,0.044829,0.971075,1.003547,-0.140000,-0.700000,0.490000,-0.122903,-0.064815,0.116106,2.643,-14.379,2.718,-14.476
48194,0.249146,0.031738,1.003052,0.249724,0.047751,0.968897,1.001701,-0.210000,-0.490000,0.490000,-0.192903,0.145185,0.116106,2.821,-14.436,2.723,-14.480
48251,0.250488,0.033325,0.999023,0.251097,0.049329,0.964904,0.998260,0.000000,-0.560000,0.350000,0.017097,0.075185,-0.023894,2.927,-14.568,2.722,-14.482
48308,0.251343,0.032349,0.999268,0.251947,0.048355,0.965146,0.998660,0.140000,-0.770000,0.280000,0.157097,-0.134815,-0.093894,2.868,-14.613,2.722,-14.478
48365,0.248779,0.029053,1.003540,0.249356,0.045070,0.969381,1.001953,0.140000,-0.840000,0.280000,0.157097,-0.204815,-0.093894,2.662,-14.411,2.723,-14.475
48422,0.247681,0.026001,1.005859,0.248242,0.042027,0.971680,1.003769,0.070000,-0.630000,0.420000,0.087097,0.005185,0.046106,2.477,-14.318,2.723,-14.473
48478,0.248047,0.028198,1.003418,0.248627,0.044217,0.969260,1.001617,-0.140000,-0.490000,0.420000,-0.122903,0.145185,0.046106,2.612,-14.373,2.727,-14.477
48535,0.250977,0.032593,0.999512,0.251580,0.048599,0.965388,0.998813,-0.140000,-0.560000,0.420000,-0.122903,0.075185,0.046106,2.882,-14.589,2.730,-14.479
48592,0.250854,0.033203,0.998535,0.251466,0.049207,0.964420,0.997879,0.000000,-0.700000,0.350000,0.017097,-0.064815,-0.023894,2.921,-14.596,2.727,-14.480
48648,0.248169,0.030151,1.002197,0.248759,0.046165,0.968050,1.000566,0.210000,-0.770000,0.350000,0.227097,-0.134815,-0.023894,2.730,-14.396,2.723,-14.474
48705,0.248169,0.026123,1.004150,0.248743,0.042146,0.969986,1.002259,0.070000,-0.700000,0.420000,0.087097,-0.064815,0.046106,2.488,-14.370,2.721,-14.473
48762,0.249146,0.026978,1.003784,0.249719,0.042999,0.969623,1.002187,-0.070000,-0.490000,0.420000,-0.052903,0.145185,0.046106,2.539,-14.429,2.722,-14.477
48820,0.250244,0.030640,1.000977,0.250837,0.046651,0.966840,0.999938,-0.140000,-0.560000,0.420000,-0.122903,0.075185,0.046106,2.762,-14.528,2.726,-14.480
48876,0.250000,0.031982,0.999878,0.250603,0.047990,0.965751,0.998889,-0.070000,-0.630000,0.420000,-0.052903,0.005185,0.046106,2.845,-14.530,2.726,-14.480
48933,0.250488,0.031006,1.000244,0.251087,0.047015,0.966114,0.999315,0.070000,-0.770000,0.350000,0.087097,-0.134815,-0.023894,2.786,-14.552,2.723,-14.480
48990,0.248413,0.029663,1.003296,0.248993,0.045679,0.969139,1.001656,0.070000,-0.700000,0.350000,0.087097,-0.064815,-0.023894,2.699,-14.394,2.722,-14.479
49047,0.249390,0.027832,1.004028,0.249960,0.043852,0.969865,1.002518,-0.070000,-0.630000,0.350000,-0.052903,0.005185,-0.023894,2.589,-14.438,2.720,-14.480
49103,0.250122,0.030518,1.001709,0.250710,0.046530,0.967566,1.000602,-0.140000,-0.560000,0.420000,-0.122903,0.075185,0.046106,2.753,-14.511,2.723,-14.482
49160,0.250244,0.032104,1.000122,0.250844,0.048112,0.965993,0.999190,-0.070000,-0.560000,0.420000,-0.052903,0.075185,0.046106,2.851,-14.540,2.726,-14.483
49217,0.250000,0.031250,1.000000,0.250603,0.047259,0.965872,0.998971,0.000000,-0.700000,0.420000,0.017097,-0.064815,0.046106,2.801,-14.528,2.727,-14.483
49274,0.249878,0.030640,1.001343,0.250469,0.046651,0.967203,1.000196,0.000000,-0.700000,0.420000,0.017097,-0.064815,0.046106,2.761,-14.502,2.724,-14.485
49330,0.248901,0.027832,1.002930,0.249483,0.043851,0.968776,1.001345,0.000000,-0.700000,0.420000,0.017097,-0.064815,0.046106,2.592,-14.427,2.723,-14.482
49387,0.248535,0.029663,1.002441,0.249122,0.045678,0.968292,1.000868,0.000000,-0.630000,0.420000,0.017097,0.005185,0.046106,2.701,-14.413,2.725,-14.480
49443,0.249268,0.031128,1.001587,0.249859,0.047139,0.967445,1.000301,0.000000,-0.630000,0.420000,0.017097,0.005185,0.046106,2.790,-14.465,2.725,-14.479
49501,0.249146,0.031128,1.001465,0.249738,0.047139,0.967324,1.000154,0.000000,-0.630000,0.350000,0.017097,0.005185,-0.023894,2.790,-14.460,2.725,-14.478
49557,0.249756,0.029785,1.002441,0.250338,0.045800,0.968292,1.001178,0.070000,-0.700000,0.350000,0.087097,-0.064815,-0.023894,2.708,-14.480,2.724,-14.479
49614,0.250366,0.029297,1.001587,0.250954,0.045311,0.967445,1.000490,0.000000,-0.630000,0.350000,0.017097,0.005185,-0.023894,2.682,-14.527,2.722,-14.481
49671,0.250244,0.029053,1.001831,0.250831,0.045068,0.967687,1.000682,-0.070000,-0.630000,0.420000,-0.052903,0.005185,0.046106,2.666,-14.517,2.721,-14.487
49728,0.249268,0.030396,1.001587,0.249859,0.046408,0.967445,1.000267,0.000000,-0.700000,0.350000,0.017097,-0.064815,-0.023894,2.746,-14.465,2.721,-14.488
49785,0.249023,0.029663,1.002686,0.249606,0.045678,0.968534,1.001223,0.000000,-0.630000,0.420000,0.017097,0.005185,0.046106,2.700,-14.436,2.719,-14.487
49841,0.249512,0.030396,1.002930,0.250091,0.046410,0.968776,1.001612,0.000000,-0.630000,0.420000,0.017097,0.005185,0.046106,2.743,-14.459,2.722,-14.485
49898,0.249512,0.028809,1.002197,0.250098,0.044825,0.968050,1.000839,0.000000,-0.630000,0.420000,0.017097,0.005185,0.046106,2.651,-14.471,2.722,-14.487
49955,0.250000,0.029541,1.001465,0.250590,0.045555,0.967324,1.000293,0.000000,-0.700000,0.420000,0.017097,-0.064815,0.046106,2.696,-14.508,2.720,-14.488
50012,0.249756,0.029907,1.002075,0.250342,0.045921,0.967929,1.000833,0.000000,-0.630000,0.420000,0.017097,0.005185,0.046106,2.716,-14.485,2.722,-14.488
50069,0.249268,0.030884,1.003418,0.249843,0.046898,0.969260,1.002041,0.000000,-0.630000,0.420000,0.017097,0.005185,0.046106,2.770,-14.438,2.723,-14.488
50124,0.250122,0.030640,1.001831,0.250708,0.046652,0.967687,1.000724,0.070000,-0.630000,0.350000,0.087097,0.005185,-0.023894,2.760,-14.509,2.727,-14.489
50182,0.249878,0.030151,1.001221,0.250471,0.046164,0.967082,1.000057,0.000000,-0.630000,0.420000,0.017097,0.005185,0.046106,2.733,-14.505,2.729,-14.487
50239,0.250366,0.030884,1.002075,0.250949,0.046896,0.967929,1.001030,-0.070000,-0.630000,0.420000,-0.052903,0.005185,0.046106,2.774,-14.518,2.730,-14.491
50295,0.249390,0.030518,1.001099,0.249985,0.046529,0.966961,0.999835,0.000000,-0.630000,0.350000,0.017097,0.005185,-0.023894,2.755,-14.479,2.730,-14.491
50352,0.249146,0.029785,1.002075,0.249733,0.045799,0.967929,1.000675,0.070000,-0.630000,0.420000,0.087097,0.005185,0.046106,2.709,-14.452,2.732,-14.489
50409,0.249268,0.029175,1.002197,0.249854,0.045190,0.968050,1.000795,-0.070000,-0.630000,0.420000,-0.052903,0.005185,0.046106,2.673,-14.457,2.729,-14.490
50466,0.250000,0.031128,1.001709,0.250588,0.047139,0.967566,1.000600,-0.070000,-0.630000,0.420000,-0.052903,0.005185,0.046106,2.789,-14.503,2.731,-14.492
50522,0.249634,0.031250,1.001709,0.250223,0.047261,0.967566,1.000514,0.000000,-0.630000,0.420000,0.017097,0.005185,0.046106,2.796,-14.483,2.730,-14.492
50579,0.249390,0.030640,1.001831,0.249979,0.046652,0.967687,1.000542,0.070000,-0.630000,0.350000,0.087097,0.005185,-0.023894,2.760,-14.468,2.728,-14.492
50637,0.249634,0.029297,1.001587,0.250224,0.045311,0.967445,1.000308,0.000000,-0.700000,0.350000,0.017097,-0.064815,-0.023894,2.682,-14.486,2.725,-14.490
50694,0.249878,0.028564,1.003784,0.250449,0.044583,0.969623,1.002438,0.000000,-0.630000,0.420000,0.017097,0.005185,0.046106,2.633,-14.468,2.720,-14.488
50750,0.249146,0.029785,1.003662,0.249720,0.045802,0.969502,1.002194,-0.070000,-0.630000,0.420000,-0.052903,0.005185,0.046106,2.705,-14.429,2.718,-14.488
50807,0.249634,0.029785,1.001465,0.250225,0.045799,0.967324,1.000213,-0.070000,-0.630000,0.350000,-0.052903,0.005185,-0.023894,2.711,-14.488,2.719,-14.489
50864,0.250000,0.030884,1.000488,0.250598,0.046894,0.966356,0.999421,-0.070000,-0.630000,0.350000,-0.052903,0.005185,-0.023894,2.778,-14.522,2.719,-14.488
50920,0.249268,0.030029,1.002075,0.249855,0.046043,0.967929,1.000717,0.000000,-0.700000,0.420000,0.017097,-0.064815,0.046106,2.723,-14.458,2.716,-14.486
50977,0.249268,0.029175,1.003052,0.249847,0.045191,0.968897,1.001612,0.070000,-0.700000,0.350000,0.087097,-0.064815,-0.023894,2.670,-14.445,2.715,-14.487
51034,0.249146,0.028931,1.003418,0.249722,0.044948,0.969260,1.001922,0.000000,-0.630000,0.350000,0.017097,0.005185,-0.023894,2.655,-14.433,2.716,-14.486
51091,0.250610,0.029663,1.001587,0.251197,0.045677,0.967445,1.000568,0.000000,-0.630000,0.420000,0.017097,0.005185,0.046106,2.703,-14.540,2.717,-14.487
51147,0.249878,0.030640,1.001831,0.250465,0.046652,0.96787,1.000664,-0.070000,-0.700000,0.420000,-0.052903,-0.064815,0.046106,2.760,-14.495,2.720,-14.486
51201,0.249390,0.030762,1.002563,0.249972,0.046775,0.968413,1.001248,-0.070000,-0.630000,0.420000,-0.052903,0.005185,0.046106,2.765,-14.457,2.722,-14.483
51251,0.249512,0.028931,1.001953,0.250100,0.044946,0.967808,1.000611,0.000000,-0.630000,0.350000,0.017097,0.005185,-0.023894,2.659,-14.474,2.720,-14.484
51308,0.249756,0.030151,1.001221,0.250349,0.046164,0.967082,1.000027,0.000000,-0.700000,0.350000,0.017097,-0.064815,-0.023894,2.733,-14.498,2.722,-14.485
51365,0.250000,0.029907,1.002563,0.250581,0.045922,0.968413,1.001361,0.000000,-0.700000,0.420000,0.017097,-0.064815,0.046106,2.715,-14.492,2.720,-14.483
51422,0.248901,0.029419,1.002808,0.249484,0.045435,0.968655,1.001299,0.000000,-0.630000,0.420000,0.017097,0.005185,0.046106,2.685,-14.428,2.718,-14.483
51479,0.249390,0.030396,1.002075,0.249976,0.046409,0.967929,1.000764,0.000000,-0.630000,0.420000,0.017097,0.005185,0.046106,2.745,-14.465,2.722,-14.482
51536,0.250488,0.030396,1.001465,0.251077,0.046408,0.967324,1.000454,-0.070000,-0.630000,0.420000,-0.052903,0.005185,0.046106,2.747,-14.534,2.727,-14.484
51592,0.249390,0.030518,1.001343,0.249983,0.046530,0.967203,1.000069,0.000000,-0.700000,0.350000,0.017097,-0.064815,-0.023894,2.754,-14.475,2.727,-14.481
51649,0.249023,0.030029,1.002441,0.249608,0.046044,0.968292,1.00100,0.000000,-0.630000,0.420000,0.017097,0.005185,0.046106,2.722,-14.439,2.725,-14.479
51703,0.249634,0.030151,1.002441,0.250217,0.046166,0.968292,1.001164,0.000000,-0.630000,0.420000,0.017097,0.005185,0.046106,2.730,-14.473,2.726,-14.479
51753,0.249512,0.029297,1.001709,0.250102,0.045311,0.967566,1.000394,0.000000,-0.700000,0.420000,0.017097,-0.064815,0.046106,2.681,-14.478,2.726,-14.478
51810,0.250000,0.030762,1.001831,0.250587,0.046774,0.967687,1.000700,0.000000,-0.630000,0.420000,0.017097,0.005185,0.046106,2.767,-14.502,2.728,-14.479
51867,0.250488,0.030273,1.000244,0.251087,0.046284,0.966114,0.999281,0.000000,-0.700000,0.350000,0.017097,-0.064815,-0.023894,2.743,-14.553,2.726,-14.484
51924,0.249878,0.029541,1.002075,0.250463,0.045556,0.967929,1.000847,0.000000,-0.700000,0.350000,0.017097,-0.064815,-0.023894,2.695,-14.492,2.723,-14.486
51981,0.249268,0.029419,1.002686,0.249850,0.045435,0.968534,1.001273,0.000000,-0.630000,0.420000,0.017097,0.005185,0.046106,2.686,-14.450,2.725,-14.486
52037,0.249878,0.029541,1.001221,0.250471,0.045554,0.967082,1.000029,-0.070000,-0.560000,0.420000,-0.052903,0.075185,0.046106,2.697,-14.505,2.723,-14.487
52094,0.250000,0.030762,1.000977,0.250594,0.046773,0.966840,0.999882,-0.070000,-0.630000,0.420000,-0.052903,0.005185,0.046106,2.770,-14.514,2.720,-14.483
52151,0.250000,0.030640,1.001953,0.250586,0.046652,0.967808,1.000811,0.00000,-0.630000,0.420000,0.017097,0.005185,0.046106,2.760,-14.500,2.721,-14.482
52207,0.249756,0.029663,1.001831,0.250344,0.045677,0.967687,1.000588,0.000000,-0.630000,0.420000,0.017097,0.005185,0.046106,2.702,-14.489,2.720,-14.482
52264,0.249756,0.029297,1.002197,0.250341,0.045312,0.968050,1.000922,0.000000,-0.630000,0.420000,0.017097,0.005185,0.046106,2.680,-14.484,2.720,-14.482
52321,0.250610,0.029541,1.002075,0.251193,0.045556,0.967929,1.001029,-0.070000,-0.630000,0.420000,-0.052903,0.005185,0.046106,2.695,-14.533,2.721,-14.486
52377,0.249512,0.029907,1.001587,0.250103,0.045921,0.967445,1.000305,0.000000,-0.700000,0.420000,0.017097,-0.064815,0.046106,2.718,-14.479,2.721,-14.488
52434,0.249146,0.030640,1.002563,0.249729,0.046653,0.968413,1.001182,0.000000,-0.630000,0.420000,0.017097,0.005185,0.046106,2.758,-14.444,2.722,-14.486
52491,0.249634,0.030151,1.001709,0.250223,0.046164,0.967566,1.000463,0.000000,-0.700000,0.420000,0.017097,-0.064815,0.046106,2.732,-14.484,2.721,-14.489
52548,0.250122,0.029175,1.001831,0.250709,0.045190,0.967687,1.000657,0.000000,-0.630000,0.420000,0.017097,0.005185,0.046106,2.674,-14.510,2.721,-14.489
52605,0.248779,0.029907,1.002319,0.249366,0.045922,0.968171,1.000823,-0.070000,-0.630000,0.420000,-0.052903,0.005185,0.046106,2.716,-14.428,2.722,-14.487
52661,0.249023,0.030762,1.001343,0.249618,0.046773,0.967203,0.999989,0.000000,-0.630000,0.420000,0.017097,0.005185,0.046106,2.769,-14.455,2.721,-14.487
52719,0.249878,0.030762,1.001831,0.250465,0.046774,0.967687,1.000669,0.000000,-0.630000,0.350000,0.017097,0.005185,-0.023894,2.767,-14.495,2.722,-14.487
52775,0.249023,0.028564,1.001709,0.249615,0.044580,0.967566,1.000240,0.000000,-0.700000,0.350000,0.017097,-0.064815,-0.023894,2.638,-14.451,2.723,-14.487
52832,0.248413,0.030151,1.002808,0.248997,0.046166,0.968655,1.001211,0.000000,-0.630000,0.420000,0.017097,0.005185,0.046106,2.729,-14.400,2.721,-14.482
52888,0.249390,0.030396,1.002563,0.249972,0.046409,0.968413,1.001231,0.000000,-0.630000,0.350000,0.017097,0.005185,-0.023894,2.744,-14.458,2.722,-14.484
52945,0.250854,0.030640,1.000610,0.251449,0.046650,0.966477,0.999740,-0.070000,-0.630000,0.350000,-0.052903,0.005185,-0.023894,2.763,-14.567,2.723,-14.489
53002,0.250000,0.030640,1.001587,0.250589,0.046652,0.967445,1.000460,0.000000,-0.700000,0.350000,0.017097,-0.064815,-0.023894,2.761,-14.506,2.721,-14.488
53059,0.249512,0.029541,1.003418,0.250087,0.045558,0.969260,1.002040,0.000000,-0.700000,0.420000,0.017097,-0.064815,0.046106,2.691,-14.453,2.723,-14.488
53116,0.249023,0.028931,1.002930,0.249605,0.044948,0.968776,1.001424,0.000000,-0.630000,0.350000,0.017097,0.005185,-0.023894,2.656,-14.433,2.720,-14.489
53173,0.249878,0.029297,1.000732,0.250475,0.045310,0.966598,0.999551,-0.070000,-0.560000,0.420000,-0.052903,0.075185,0.046106,2.684,-14.512,2.722,-14.490
53229,0.249512,0.031006,1.001221,0.250105,0.047017,0.967082,1.000005,-0.070000,-0.630000,0.420000,-0.052903,0.005185,0.046106,2.783,-14.484,2.723,-14.488
53286,0.250854,0.030518,1.001587,0.251440,0.046530,0.967445,1.000668,0.000000,-0.700000,0.420000,0.017097,-0.064815,0.046106,2.754,-14.553,2.723,-14.488
53343,0.249390,0.029785,1.002075,0.249977,0.045799,0.967929,1.000736,0.070000,-0.700000,0.350000,0.087097,-0.064815,-0.023894,2.709,-14.465,2.719,-14.489
53400,0.249390,0.028687,1.002930,0.249970,0.044704,0.968776,1.001504,-0.070000,-0.700000,0.420000,-0.052903,-0.064815,0.046106,2.642,-14.453,2.720,-14.490
53457,0.249390,0.029419,1.002563,0.249973,0.045435,0.968413,1.001186,-0.070000,-0.630000,0.420000,-0.052903,0.005185,0.046106,2.686,-14.458,2.722,-14.492
53514,0.250244,0.030762,1.001221,0.250835,0.046773,0.967082,1.000177,0.000000,-0.560000,0.420000,0.017097,0.075185,0.046106,2.769,-14.524,2.724,-14.493
53570,0.250366,0.030518,1.000977,0.250959,0.046529,0.966840,0.999962,0.000000,-0.700000,0.420000,0.017097,-0.064815,0.046106,2.755,-14.535,2.724,-14.489
53627,0.249146,0.029785,1.002563,0.249729,0.045800,0.968413,1.001142,0.000000,-0.700000,0.420000,0.017097,-0.064815,0.046106,2.708,-14.445,2.727,-14.488
53683,0.249268,0.029907,1.002075,0.249855,0.045921,0.967929,1.000711,0.000000,-0.630000,0.350000,0.017097,0.005185,-0.023894,2.716,-14.458,2.728,-14.492
53741,0.249878,0.029053,1.001343,0.250470,0.045067,0.967203,1.000124,0.000000,-0.630000,0.420000,0.017097,0.005185,0.046106,2.668,-14.503,2.726,-14.493
53798,0.250610,0.030518,1.001831,0.251195,0.046530,0.967687,1.000841,-0.070000,-0.630000,0.420000,-0.052903,0.005185,0.046106,2.753,-14.536,2.728,-14.493
53854,0.249390,0.030518,1.001953,0.249977,0.046530,0.967808,1.000653,0.000000,-0.700000,0.420000,0.017097,-0.064815,0.046106,2.753,-14.467,2.724,-14.491
53911,0.250488,0.029907,1.000854,0.251082,0.045920,0.966719,0.999848,0.070000,-0.700000,0.420000,0.087097,-0.064815,0.046106,2.720,-14.544,2.724,-14.492
53968,0.249268,0.029785,1.001587,0.249859,0.045799,0.967445,1.000239,0.000000,-0.700000,0.420000,0.017097,-0.064815,0.046106,2.710,-14.466,2.723,-14.493
54025,0.248657,0.029541,1.002441,0.249244,0.045556,0.968292,1.000893,-0.070000,-0.630000,0.420000,-0.052903,0.005185,0.046106,2.694,-14.420,2.725,-14.493
54082,0.249878,0.030273,1.001343,0.250469,0.046286,0.967203,1.000179,0.000000,-0.630000,0.420000,0.017097,0.005185,0.046106,2.740,-14.503,2.725,-14.494
54138,0.250610,0.030762,1.000488,0.251207,0.046772,0.966356,0.999568,0.000000,-0.700000,0.350000,0.017097,-0.064815,-0.023894,2.771,-14.555,2.727,-14.493
54195,0.250610,0.029907,1.002930,0.251186,0.045923,0.968776,1.001863,-0.070000,-0.770000,0.420000,-0.052903,-0.134815,0.046106,2.714,-14.520,2.725,-14.491
54252,0.248535,0.030762,1.003784,0.249110,0.046777,0.969623,1.002204,-0.070000,-0.630000,0.420000,-0.052903,0.005185,0.046106,2.762,-14.392,2.725,-14.491
54309,0.250610,0.029297,1.001587,0.251198,0.045311,0.967445,1.000551,-0.070000,-0.560000,0.350000,-0.052903,0.075185,-0.023894,2.682,-14.540,2.723,-14.492
54365,0.250488,0.030762,0.999878,0.251090,0.046771,0.965751,0.998954,-0.070000,-0.630000,0.350000,-0.052903,0.005185,-0.023894,2.773,-14.558,2.725,-14.492
54422,0.250366,0.031006,1.001343,0.250956,0.047017,0.967203,1.000335,0.000000,-0.770000,0.350000,0.017097,-0.134815,-0.023894,2.783,-14.529,2.726,-14.490
54479,0.249878,0.030029,1.002686,0.250458,0.046044,0.968534,1.001453,0.000000,-0.700000,0.350000,0.017097,-0.064815,-0.023894,2.722,-14.483,2.723,-14.491
54535,0.249146,0.028442,1.002808,0.249727,0.044460,0.968655,1.001316,0.000000,-0.630000,0.350000,0.017097,0.005185,-0.023894,2.628,-14.442,2.724,-14.492
54593,0.249268,0.028687,1.001953,0.249856,0.044702,0.967808,1.000539,-0.070000,-0.630000,0.420000,-0.052903,0.005185,0.046106,2.645,-14.461,2.724,-14.492
54650,0.249390,0.031494,1.001099,0.249985,0.047504,0.966961,0.999881,-0.070000,-0.630000,0.420000,-0.052903,0.005185,0.046106,2.813,-14.478,2.727,-14.494
54706,0.250000,0.031372,1.001587,0.250589,0.047383,0.967445,1.000495,0.000000,-0.630000,0.420000,0.017097,0.005185,0.046106,2.804,-14.505,2.724,-14.496
54763,0.249878,0.030273,1.001587,0.250467,0.046286,0.967445,1.000413,0.000000,-0.630000,0.350000,0.017097,0.005185,-0.023894,2.739,-14.499,2.720,-14.494
54820,0.249268,0.028564,1.002563,0.249851,0.044581,0.968413,1.001118,0.000000,-0.700000,0.350000,0.017097,-0.064815,-0.023894,2.636,-14.452,2.719,-14.493
54877,0.248779,0.029175,1.002197,0.249368,0.045190,0.968050,1.000673,-0.070000,-0.630000,0.420000,-0.052903,0.005185,0.046106,2.673,-14.430,2.718,-14.491
54933,0.248779,0.030518,1.002563,0.249364,0.046531,0.968413,1.001085,-0.070000,-0.630000,0.420000,-0.052903,0.005185,0.046106,2.751,-14.424,2.723,-14.489
54990,0.250122,0.030151,1.000610,0.250719,0.046163,0.966477,0.999534,-0.070000,-0.560000,0.420000,-0.052903,0.075185,0.046106,2.735,-14.527,2.720,-14.492
55047,0.250122,0.030762,1.000854,0.250717,0.046773,0.966719,0.999796,0.000000,-0.700000,0.350000,0.017097,-0.064815,-0.023894,2.770,-14.523,2.720,-14.491
55103,0.249634,0.030029,1.002808,0.250213,0.046044,0.968655,1.001509,0.070000,-0.770000,0.350000,0.087097,-0.134815,-0.023894,2.721,-14.468,2.720,-14.488
55161,0.248901,0.028687,1.004028,0.249473,0.044705,0.969865,1.002434,0.000000,-0.630000,0.350000,0.017097,0.005185,-0.023894,2.639,-14.411,2.718,-14.489
55217,0.248779,0.027710,1.002808,0.249363,0.043729,0.968655,1.001193,-0.070000,-0.630000,0.420000,-0.052903,0.005185,0.046106,2.585,-14.422,2.717,-14.487
55274,0.250732,0.031982,1.000366,0.251329,0.047991,0.966235,0.999539,-0.140000,-0.630000,0.420000,-0.122903,0.005185,0.046106,2.843,-14.563,2.722,-14.492
55331,0.250366,0.031738,1.000488,0.250963,0.047747,0.966356,0.999553,0.000000,-0.700000,0.420000,0.017097,-0.064815,0.046106,2.829,-14.541,2.721,-14.491
55387,0.248779,0.030273,1.003052,0.249360,0.046288,0.968897,1.001541,0.070000,-0.770000,0.350000,0.087097,-0.134815,-0.023894,2.735,-14.417,2.720,-14.489
55444,0.249146,0.029297,1.003784,0.249719,0.045314,0.969623,1.002288,0.070000,-0.630000,0.350000,0.087097,0.005185,-0.023894,2.676,-14.427,2.722,-14.488
55501,0.249756,0.028320,1.002197,0.250341,0.044337,0.968050,1.000878,-0.070000,-0.630000,0.420000,-0.052903,0.005185,0.046106,2.622,-14.485,2.721,-14.491
55558,0.249268,0.030640,1.002075,0.249855,0.046653,0.967929,1.000745,-0.070000,-0.630000,0.420000,-0.052903,0.005185,0.046106,2.759,-14.458,2.723,-14.488
55615,0.249390,0.030762,1.001831,0.249978,0.046774,0.967687,1.000547,-0.070000,-0.630000,0.420000,-0.052903,0.005185,0.046106,2.767,-14.468,2.724,-14.488
55672,0.250488,0.031128,1.000610,0.251084,0.047138,0.966477,0.999671,0.070000,-0.630000,0.350000,0.087097,0.005185,-0.023894,2.792,-14.547,2.723,-14.489
55729,0.250610,0.029785,1.000977,0.251203,0.045798,0.966840,0.999990,0.000000,-0.700000,0.420000,0.017097,-0.064815,0.046106,2.712,-14.549,2.722,-14.488
55785,0.249268,0.029297,1.003174,0.249846,0.045314,0.969018,1.001735,0.000000,-0.700000,0.420000,0.017097,-0.064815,0.046106,2.677,-14.443,2.722,-14.487
55842,0.249146,0.029541,1.002441,0.249730,0.045556,0.968292,1.001015,-0.070000,-0.630000,0.420000,-0.052903,0.005185,0.046106,2.694,-14.447,2.721,-14.488
55899,0.249878,0.029541,1.000854,0.250474,0.045554,0.966719,0.999679,-0.070000,-0.560000,0.420000,-0.052903,0.075185,0.046106,2.698,-14.510,2.722,-14.492
55955,0.250122,0.030762,1.000610,0.250719,0.046772,0.966477,0.999563,-0.070000,-0.630000,0.420000,-0.052903,0.005185,0.046106,2.771,-14.527,2.722,-14.489
56012,0.250488,0.030762,1.001343,0.251078,0.046773,0.967203,1.000355,0.000000,-0.700000,0.420000,0.017097,-0.064815,0.046106,2.769,-14.536,2.720,-14.492
56069,0.250000,0.029419,1.002319,0.250583,0.045434,0.968171,1.001105,0.000000,-0.630000,0.350000,0.017097,0.005185,-0.023894,2.687,-14.496,2.722,-14.492
56126,0.249634,0.028809,1.001343,0.250227,0.044823,0.967203,1.000052,0.000000,-0.700000,0.420000,0.017097,-0.064815,0.046106,2.653,-14.490,2.720,-14.493
56182,0.249512,0.029785,1.001221,0.250106,0.045798,0.967082,0.999949,-0.070000,-0.630000,0.420000,-0.052903,0.005185,0.046106,2.711,-14.485,2.721,-14.491
56239,0.250244,0.030151,1.001343,0.250834,0.046164,0.967203,1.000265,0.000000,-0.630000,0.420000,0.017097,0.005185,0.046106,2.733,-14.523,2.722,-14.494
56296,0.249390,0.030396,1.001221,0.249984,0.046408,0.967082,0.999947,0.000000,-0.630000,0.350000,0.017097,0.005185,-0.023894,2.747,-14.477,2.720,-14.492
56353,0.250122,0.030029,1.001953,0.250708,0.046043,0.967808,1.000813,-0.070000,-0.630000,0.420000,-0.052903,0.005185,0.046106,2.724,-14.507,2.723,-14.494
56408,0.249146,0.029663,1.001587,0.249738,0.045677,0.967445,1.000203,0.000000,-0.630000,0.420000,0.017097,0.005185,0.046106,2.703,-14.459,2.723,-14.495
56467,0.250000,0.029907,1.001587,0.250589,0.045921,0.967445,1.000427,0.000000,-0.630000,0.350000,0.017097,0.005185,-0.023894,2.718,-14.506,2.723,-14.495
56523,0.249878,0.029785,1.001709,0.250466,0.045799,0.967566,1.000507,0.000000,-0.630000,0.420000,0.017097,0.005185,0.046106,2.710,-14.498,2.725,-14.494
56580,0.249023,0.029297,1.001831,0.249614,0.045312,0.967687,1.000389,0.000000,-0.630000,0.420000,0.017097,0.005185,0.046106,2.681,-14.449,2.724,-14.490
56636,0.249756,0.029785,1.001709,0.250345,0.045799,0.967566,1.000477,0.000000,-0.630000,0.350000,0.017097,0.005185,-0.023894,2.710,-14.491,2.724,-14.489
56694,0.249512,0.030029,1.001465,0.250104,0.046042,0.967324,1.000194,-0.070000,-0.630000,0.420000,-0.052903,0.005185,0.046106,2.725,-14.481,2.725,-14.491
56751,0.249878,0.030029,1.002075,0.250463,0.046043,0.967929,1.000869,0.000000,-0.700000,0.420000,0.017097,-0.064815,0.046106,2.723,-14.492,2.727,-14.490
56807,0.249146,0.030151,1.002075,0.249733,0.046165,0.967929,1.000692,0.000000,-0.700000,0.350000,0.017097,-0.064815,-0.023894,2.731,-14.452,2.723,-14.491
56864,0.249756,0.029419,1.001953,0.250343,0.045434,0.967808,1.000694,0.000000,-0.630000,0.420000,0.017097,0.005185,0.046106,2.688,-14.488,2.722,-14.492
56921,0.249390,0.030518,1.001953,0.249977,0.046530,0.967808,1.000653,0.000000,-0.630000,0.350000,0.017097,0.005185,-0.023894,2.753,-14.467,2.723,-14.491
56977,0.250488,0.029297,1.001953,0.251073,0.045312,0.967808,1.000871,0.000000,-0.700000,0.420000,0.017097,-0.064815,0.046106,2.681,-14.528,2.720,-14.490
57034,0.250000,0.029541,1.001709,0.250588,0.045555,0.967566,1.000527,-0.070000,-0.630000,0.350000,-0.052903,0.005185,-0.023894,2.696,-14.505,2.721,-14.492
57091,0.249756,0.030273,1.002075,0.250341,0.046287,0.967929,1.000850,-0.070000,-0.630000,0.420000,-0.052903,0.005185,0.046106,2.738,-14.485,2.721,-14.491
57148,0.249878,0.030151,1.001221,0.250471,0.046164,0.967082,1.000057,-0.070000,-0.700000,0.420000,-0.052903,-0.064815,0.046106,2.733,-14.505,2.721,-14.490
57205,0.249878,0.030396,1.001831,0.250465,0.046408,0.967687,1.000652,0.000000,-0.630000,0.420000,0.017097,0.005185,0.046106,2.746,-14.495,2.721,-14.489
57261,0.249268,0.030029,1.001343,0.249861,0.046042,0.967203,1.000016,0.000000,-0.630000,0.420000,0.017097,0.005185,0.046106,2.725,-14.469,2.721,-14.488
57318,0.250366,0.030396,1.001953,0.250951,0.046409,0.967808,1.000891,0.000000,-0.630000,0.420000,0.017097,0.005185,0.046106,2.745,-14.521,2.719,-14.488
57375,0.249146,0.028931,1.002563,0.249729,0.044947,0.968413,1.001104,-0.070000,-0.630000,0.420000,-0.052903,0.005185,0.046106,2.657,-14.445,2.718,-14.488
57431,0.248901,0.029785,1.002441,0.249487,0.045800,0.968292,1.000965,0.000000,-0.630000,0.420000,0.017097,0.005185,0.046106,2.708,-14.433,2.717,-14.488
57488,0.249878,0.029663,1.002686,0.250458,0.045678,0.968534,1.001436,0.000000,-0.630000,0.420000,0.017097,0.005185,0.046106,2.700,-14.483,2.716,-14.486
57546,0.248901,0.030151,1.001831,0.249492,0.046165,0.967687,1.000398,0.000000,-0.630000,0.420000,0.017097,0.005185,0.046106,2.731,-14.442,2.716,-14.483
57602,0.249634,0.030151,1.001953,0.250221,0.046165,0.967808,1.000697,0.000000,-0.700000,0.350000,0.017097,-0.064815,-0.023894,2.731,-14.480,2.716,-14.483
57659,0.249878,0.029907,1.002441,0.250460,0.045922,0.968292,1.001214,0.000000,-0.630000,0.350000,0.017097,0.005185,-0.023894,2.715,-14.487,2.719,-14.483
57715,0.249756,0.030151,1.002319,0.250339,0.046165,0.968171,1.001078,0.000000,-0.700000,0.420000,0.017097,-0.064815,0.046106,2.730,-14.482,2.722,-14.485
57773,0.249756,0.029785,1.001831,0.250344,0.045799,0.967687,1.000594,0.000000,-0.630000,0.420000,0.017097,0.005185,0.046106,2.710,-14.489,2.725,-14.486
57829,0.249756,0.030518,1.001587,0.250346,0.046530,0.967445,1.000394,-0.070000,-0.630000,0.420000,-0.052903,0.005185,0.046106,2.754,-14.492,2.725,-14.487
57886,0.249878,0.029907,1.002197,0.250462,0.045921,0.968050,1.000980,0.000000,-0.630000,0.350000,0.017097,0.005185,-0.023894,2.716,-14.490,2.722,-14.488
57943,0.249756,0.030273,1.001099,0.250350,0.046285,0.966961,0.999915,0.000000,-0.700000,0.350000,0.017097,-0.064815,-0.023894,2.740,-14.499,2.721,-14.488
57999,0.249390,0.030273,1.002319,0.249974,0.046287,0.968171,1.000992,-0.070000,-0.700000,0.420000,-0.052903,-0.064815,0.046106,2.737,-14.461,2.720,-14.484
58057,0.248779,0.029297,1.003540,0.249356,0.045314,0.969381,1.001964,-0.070000,-0.630000,0.350000,-0.052903,0.005185,-0.023894,2.676,-14.410,2.718,-14.484
58113,0.249634,0.030273,1.002197,0.250219,0.046287,0.968050,1.000936,-0.070000,-0.630000,0.420000,-0.052903,0.005185,0.046106,2.737,-14.477,2.720,-14.484
58170,0.250244,0.030396,1.001709,0.250831,0.046408,0.967566,1.000627,0.000000,-0.560000,0.420000,0.017097,0.075185,0.046106,2.746,-14.517,2.720,-14.483
58226,0.249512,0.029663,1.002075,0.250098,0.045678,0.967929,1.000761,0.000000,-0.700000,0.350000,0.017097,-0.064815,-0.023894,2.702,-14.472,2.718,-14.483
58284,0.250000,0.030396,1.002808,0.250578,0.046410,0.968655,1.001617,0.000000,-0.700000,0.420000,0.017097,-0.064815,0.046106,2.743,-14.488,2.718,-14.485
58340,0.249878,0.029785,1.002930,0.250456,0.045801,0.968776,1.001675,0.000000,-0.630000,0.350000,0.017097,0.005185,-0.023894,2.707,-14.480,2.717,-14.486
58397,0.249512,0.029053,1.002319,0.250096,0.045069,0.968171,1.000967,0.000000,-0.630000,0.420000,0.017097,0.005185,0.046106,2.665,-14.469,2.717,-14.486
58454,0.249878,0.029907,1.003052,0.250455,0.045923,0.968897,1.001797,-0.070000,-0.630000,0.420000,-0.052903,0.005185,0.046106,2.714,-14.478,2.717,-14.486
58511,0.249756,0.030518,1.002075,0.250341,0.046531,0.967929,1.000861,0.000000,-0.630000,0.420000,0.017097,0.005185,0.046106,2.752,-14.485,2.719,-14.484
58568,0.249756,0.029541,1.002686,0.250336,0.045557,0.968534,1.001400,0.000000,-0.630000,0.350000,0.017097,0.005185,-0.023894,2.693,-14.477,2.723,-14.484
58624,0.250122,0.030151,1.002319,0.250704,0.046165,0.968171,1.001169,0.000000,-0.630000,0.420000,0.017097,0.005185,0.046106,2.730,-14.502,2.721,-14.486
58681,0.249512,0.030762,1.001831,0.250100,0.046774,0.967687,1.000578,0.000000,-0.700000,0.420000,0.017097,-0.064815,0.046106,2.767,-14.475,2.722,-14485
58736,0.250610,0.029175,1.002563,0.251189,0.045191,0.968413,1.001480,0.000000,-0.630000,0.420000,0.017097,0.005185,0.046106,2.672,-14.526,2.718,-14.489
58794,0.249512,0.029663,1.002075,0.250098,0.045678,0.967929,1.000761,0.000000,-0.700000,0.420000,0.017097,-0.064815,0.046106,2.702,-14.472,2.718,-14.488
58851,0.249390,0.029541,1.002563,0.249972,0.045556,0.968413,1.001192,0.000000,-0.700000,0.420000,0.017097,-0.064815,0.046106,2.693,-14.458,2.719,-14.486
58908,0.250244,0.030029,1.002808,0.250822,0.046044,0.968655,1.001661,-0.070000,-0.630000,0.420000,-0.052903,0.005185,0.046106,2.721,-14.502,2.720,-14.487
58965,0.250000,0.030151,1.001953,0.250586,0.046165,0.967808,1.000788,0.000000,-0.560000,0.420000,0.017097,0.075185,0.046106,2.731,-14.501,2.720,-14.486
59022,0.250122,0.029785,1.001465,0.250712,0.045799,0.967324,1.000335,0.000000,-0.630000,0.350000,0.017097,0.005185,-0.023894,2.711,-14.515,2.720,-14.485
59079,0.249634,0.029907,1.002808,0.250214,0.045922,0.968655,1.001503,0.000000,-0.630000,0.350000,0.017097,0.005185,-0.023894,2.714,-14.468,2.716,-14.484
59136,0.249756,0.030029,1.003296,0.250331,0.046045,0.969139,1.002006,0.000000,-0.630000,0.420000,0.017097,0.005185,0.046106,2.720,-14.467,2.717,-14.484
59192,0.248779,0.029785,1.001953,0.24970,0.045799,0.967808,1.000467,0.000000,-0.630000,0.420000,0.017097,0.005185,0.046106,2.709,-14.433,2.719,-14.483
59247,0.250000,0.030151,1.001099,0.250593,0.046164,0.966961,0.999971,0.000000,-0.630000,0.350000,0.017097,0.005185,-0.023894,2.733,-14.513,2.722,-14.486
59306,0.250732,0.030762,1.001221,0.251322,0.046773,0.967082,1.000299,0.000000,-0.700000,0.420000,0.017097,-0.064815,0.046106,2.769,-14.551,2.720,-14.487
59362,0.249268,0.029297,1.002075,0.249855,0.045312,0.967929,1.000684,0.000000,-0.700000,0.350000,0.017097,-0.064815,-0.023894,2.680,-14.459,2.719,-14.486
59419,0.249268,0.029663,1.002686,0.249850,0.045678,0.968534,1.001284,0.000000,-0.630000,0.350000,0.017097,0.005185,-0.023894,2.700,-14.450,2.718,-14.489
59476,0.250244,0.029053,1.001953,0.250829,0.045068,0.967808,1.000799,-0.070000,-0.560000,0.420000,-0.052903,0.075185,0.046106,2.666,-14.515,2.719,-14.489
59532,0.250366,0.030029,1.001221,0.250957,0.046042,0.967082,1.000173,-0.070000,-0.630000,0.420000,-0.052903,0.005185,0.046106,2.726,-14.532,2.720,-14.489
59590,0.248901,0.031006,1.000854,0.249500,0.047016,0.966719,0.999503,0.000000,-0.630000,0.420000,0.017097,0.005185,0.046106,2.784,-14.455,2.717,-14.487
59646,0.249878,0.029663,1.001953,0.250464,0.045677,0.967808,1.000735,0.000000,-0.700000,0.350000,0.017097,-0.064815,-0.023894,2.702,-14.494,2.718,-14.487
59703,0.248779,0.029663,1.002197,0.249367,0.045678,0.968050,1.000695,0.000000,-0.700000,0.350000,0.017097,-0.064815,-0.023894,2.702,-14.430,2.718,-14.486
59760,0.249878,0.028809,1.002197,0.250462,0.044825,0.968050,1.000930,0.000000,-0.630000,0.420000,0.017097,0.005185,0.046106,2.651,-14.491,2.721,-14.487
59817,0.249512,0.031616,1.001831,0.250100,0.047627,0.967687,1.000618,-0.070000,-0.630000,0.350000,-0.052903,0.005185,-0.023894,2.818,-14.474,2.720,-14.487
59873,0.250244,0.030396,1.001831,0.250830,0.046408,0.967687,1.000744,0.000000,-0.700000,0.350000,0.017097,-0.064815,-0.023894,2.746,-14.516,2.720,-14.488
59930,0.249390,0.031250,1.002319,0.249974,0.047262,0.968171,1.001037,0.000000,-0.700000,0.420000,0.017097,-0.064815,0.046106,2.795,-14.461,2.721,-14.488
59987,0.249023,0.030151,1.002075,0.249612,0.046165,0.967929,1.000662,0.000000,-0.630000,0.350000,0.017097,0.005185,-0.023894,2.731,-14.445,2.722,-14.490
60044,0.248657,0.028809,1.001831,0.249249,0.044824,0.967687,1.000276,0.000000,-0.630000,0.420000,0.017097,0.005185,0.046106,2.652,-14.429,2.723,-14.488
60101,0.249756,0.030029,1.001465,0.250347,0.046042,0.967324,1.000255,0.000000,-0.630000,0.420000,0.017097,0.005185,0.046106,2.725,-14.494,2.725,-14.486
60158,0.250000,0.030151,1.001221,0.250592,0.046164,0.967082,1.000087,0.000000,-0.630000,0.420000,0.017097,0.005185,0.046106,2.733,-14.511,2.723,-14.484
60214,0.249390,0.029419,1.001831,0.249979,0.045433,0.967687,1.000486,0.000000,-0.630000,0.420000,0.017097,0.005185,0.046106,2.688,-14.469,2.722,-14.484
60271,0.249268,0.030640,1.001343,0.249861,0.046651,0.967203,1.000044,0.000000,-0.630000,0.420000,0.017097,0.005185,0.046106,2.761,-14.469,2.724,-14.484
60328,0.250244,0.029663,1.000977,0.250838,0.045676,0.966840,0.999893,0.000000,-0.630000,0.420000,0.017097,0.005185,0.046106,2.705,-14.529,2.726,-14.486
60385,0.250122,0.030029,1.000977,0.250716,0.046042,0.966840,0.999879,0.000000,-0.630000,0.350000,0.017097,0.005185,-0.023894,2.726,-14.522,2.727,-14.487
60442,0.249634,0.029785,1.001587,0.250224,0.045799,0.967445,1.000330,-0.070000,-0.630000,0.420000,-0.052903,0.005185,0.046106,2.710,-14.486,2.726,-14.486
60498,0.249512,0.029175,1.001465,0.250104,0.045189,0.967324,1.000155,0.000000,-0.630000,0.420000,0.017097,0.005185,0.046106,2.675,-14.481,2.725,-14.482
60555,0.249634,0.030273,1.001831,0.250222,0.046287,0.967687,1.000586,0.000000,-0.630000,0.420000,0.017097,0.005185,0.046106,2.738,-14.482,2.725,-14.482
60612,0.249390,0.030396,1.000977,0.249986,0.046407,0.966840,0.999713,0.000000,-0.630000,0.350000,0.017097,0.005185,-0.023894,2.748,-14.481,2.727,-14.483
60668,0.250488,0.029907,1.000854,0.251082,0.045920,0.966719,0.999848,0.000000,-0.630000,0.350000,0.017097,0.005185,-0.023894,2.720,-14.544,2.727,-14.487
60726,0.250610,0.030518,1.000977,0.251202,0.046529,0.966840,1.000024,0.000000,-0.700000,0.350000,0.017097,-0.064815,-0.023894,2.755,-14.548,2.729,-14.488
