5855,0.992065,-0.016235,0.011475,0.998721,-0.001596,-0.014068,0.998821,0.000000,-0.630000,0.350000,0.007210,-0.129150,0.275870
5905,0.991943,-0.016724,0.011108,0.998603,-0.002084,-0.014431,0.998709,0.000000,-0.630000,0.420000,0.007210,-0.129150,0.345870
5955,0.992554,-0.016846,0.010986,0.999212,-0.002206,-0.014552,0.999321,0.000000,-0.700000,0.350000,0.007210,-0.199150,0.275870
6005,0.993042,-0.014526,0.014160,0.999670,0.000114,-0.011405,0.999735,0.000000,-0.630000,0.420000,0.007210,-0.129150,0.345870
6056,0.992554,-0.016724,0.013672,0.999189,-0.002081,-0.011889,0.999262,0.000000,-0.630000,0.350000,0.007210,-0.129150,0.275870
6106,0.992187,-0.014526,0.012573,0.998833,0.000112,-0.012979,0.998917,0.000000,-0.560000,0.350000,0.007210,-0.059150,0.275870
6156,0.992432,-0.017700,0.010742,0.999093,-0.003060,-0.014794,0.999207,0.000000,-0.630000,0.420000,0.007210,-0.129150,0.345870
6208,0.992554,-0.016235,0.013306,0.999192,-0.001594,-0.012252,0.999268,0.000000,-0.630000,0.420000,0.007210,-0.129150,0.345870
6258,0.992798,-0.016846,0.011841,0.999448,-0.002205,-0.013705,0.999544,0.000000,-0.630000,0.420000,0.007210,-0.129150,0.345870
6308,0.991821,-0.016602,0.010864,0.998483,-0.001963,-0.014673,0.998593,0.000000,-0.630000,0.420000,0.007210,-0.129150,0.345870
6359,0.993164,-0.016235,0.013184,0.999801,-0.001594,-0.012373,0.999879,0.000000,-0.630000,0.350000,0.007210,-0.129150,0.275870
6409,0.992676,-0.015137,0.012939,0.999316,-0.000497,-0.012615,0.999396,0.000000,-0.630000,0.420000,0.007210,-0.129150,0.345870
6459,0.992554,-0.017700,0.009888,0.999222,-0.003061,-0.015641,0.999349,0.000000,-0.630000,0.350000,0.007210,-0.129150,0.275870
6509,0.992065,-0.016479,0.011230,0.998723,-0.001840,-0.014310,0.998827,0.000000,-0.630000,0.420000,0.007210,-0.129150,0.345870
6559,0.991821,-0.015991,0.011597,0.998477,-0.001352,-0.013947,0.998575,0.000000,-0.700000,0.350000,0.007210,-0.199150,0.275870
6609,0.992676,-0.014282,0.013794,0.999308,0.000357,-0.011768,0.999378,0.000000,-0.630000,0.420000,0.007210,-0.129150,0.345870
6659,0.992798,-0.016602,0.011719,0.999449,-0.001962,-0.013826,0.999547,-0.070000,-0.630000,0.350000,-0.062790,-0.129150,0.275870
6709,0.993042,-0.015503,0.011719,0.999692,-0.000865,-0.013826,0.999788,0.000000,-0.630000,0.420000,0.007210,-0.129150,0.345870
6759,0.992187,-0.016846,0.012817,0.998831,-0.002204,-0.012736,0.998915,0.000000,-0.630000,0.350000,0.007210,-0.129150,0.275870
6809,0.993286,-0.015503,0.011108,0.999940,-0.000866,-0.014431,1.000045,0.000000,-0.630000,0.350000,0.007210,-0.129150,0.275870
6859,0.992676,-0.016113,0.011841,0.999326,-0.001474,-0.013705,0.999421,0.000000,-0.630000,0.420000,0.007210,-0.129150,0.345870
6909,0.993164,-0.016479,0.011963,0.999812,-0.001839,-0.013584,0.999906,0.000000,-0.700000,0.420000,0.007210,-0.199150,0.345870
6959,0.994019,-0.016113,0.013428,1.000650,-0.001472,-0.012131,1.000725,0.000000,-0.630000,0.350000,0.007210,-0.129150,0.275870
7009,0.993042,-0.016724,0.012817,0.999683,-0.002082,-0.012736,0.999766,0.000000,-0.560000,0.420000,0.007210,-0.059150,0.345870
7059,0.992554,-0.015259,0.011475,0.999207,-0.000621,-0.014068,0.999307,0.000000,-0.560000,0.210000,0.007210,-0.059150,0.135870
7109,0.991333,-0.014160,0.012329,0.997983,0.000477,-0.013221,0.998071,0.000000,-0.630000,0.490000,0.007210,-0.129150,0.415870
7159,0.993042,-0.016724,0.012451,0.999686,-0.002082,-0.013100,0.999774,0.000000,-0.630000,0.350000,0.007210,-0.129150,0.275870
7209,0.992798,-0.013794,0.013062,0.999436,0.000843,-0.012494,0.999515,0.000000,-0.630000,0.490000,0.007210,-0.129150,0.415870
7259,0.992432,-0.017090,0.011841,0.999083,-0.002449,-0.013705,0.999180,0.000000,-0.630000,0.350000,0.007210,-0.129150,0.275870
7309,0.992432,-0.014893,0.011475,0.999086,-0.000256,-0.014068,0.999185,-0.070000,-0.630000,0.350000,-0.062790,-0.129150,0.275870
7359,0.992920,-0.015503,0.013184,0.999557,-0.000863,-0.012373,0.999634,-0.070000,-0.700000,0.420000,-0.062790,-0.199150,0.345870
7410,0.992187,-0.015747,0.012817,0.998831,-0.001107,-0.012736,0.998913,0.000000,-0.630000,0.280000,0.007210,-0.129150,0.205870
7460,0.992432,-0.016479,0.010010,0.999099,-0.001842,-0.015520,0.999221,0.000000,-0.630000,0.420000,0.007210,-0.129150,0.345870
7510,0.992798,-0.017700,0.011841,0.999448,-0.003058,-0.013705,0.999547,0.000000,-0.700000,0.350000,0.007210,-0.199150,0.275870
7561,0.991455,-0.015747,0.013062,0.998099,-0.001106,-0.012494,0.998178,0.000000,-0.700000,0.350000,0.007210,-0.199150,0.275870
7611,0.992432,-0.015625,0.014282,0.999061,-0.000983,-0.011284,0.999126,0.000000,-0.630000,0.420000,0.007210,-0.129150,0.345870
7661,0.992187,-0.015015,0.012695,0.998832,-0.000376,-0.012858,0.998915,0.000000,-0.560000,0.350000,0.007210,-0.059150,0.275870
7712,0.991943,-0.015869,0.013184,0.998584,-0.001228,-0.012373,0.998662,0.000000,-0.560000,0.420000,0.007210,-0.059150,0.345870
7762,0.992920,-0.016846,0.010620,0.999580,-0.002207,-0.014915,0.999694,-0.070000,-0.630000,0.350000,-0.062790,-0.129150,0.275870
7812,0.993408,-0.014893,0.011475,1.000059,-0.000256,-0.014068,1.000158,0.000000,-0.700000,0.420000,0.007210,-0.199150,0.345870
7864,0.993164,-0.016235,0.013428,0.999799,-0.001593,-0.012131,0.999874,-0.070000,-0.700000,0.420000,-0.062790,-0.199150,0.345870
7914,0.993042,-0.015015,0.013672,0.999675,-0.000374,-0.011889,0.999745,0.000000,-0.630000,0.350000,0.007210,-0.129150,0.275870
7964,0.993164,-0.015991,0.012329,0.999808,-0.001351,-0.013221,0.999897,0.000000,-0.560000,0.350000,0.007210,-0.059150,0.275870
8015,0.992065,-0.015747,0.011719,0.998719,-0.001108,-0.013826,0.998815,0.000000,-0.560000,0.350000,0.007210,-0.059150,0.275870
8065,0.992432,-0.015259,0.012573,0.999076,-0.000620,-0.012979,0.999161,0.000000,-0.630000,0.350000,0.007210,-0.129150,0.275870
8115,0.992920,-0.016602,0.012207,0.999566,-0.001961,-0.013342,0.999657,-0.070000,-0.630000,0.420000,-0.062790,-0.129150,0.345870
8165,0.992798,-0.015625,0.013672,0.999432,-0.000984,-0.011889,0.999503,-0.070000,-0.630000,0.350000,-0.062790,-0.129150,0.275870
8215,0.993042,-0.017212,0.011719,0.999692,-0.002571,-0.013826,0.999791,0.000000,-0.560000,0.420000,0.007210,-0.059150,0.345870
8265,0.991943,-0.015503,0.012573,0.998590,-0.000863,-0.012979,0.998674,0.000000,-0.630000,0.350000,0.007210,-0.129150,0.275870
8315,0.993286,-0.015381,0.012817,0.999926,-0.000741,-0.012736,1.000007,0.000000,-0.700000,0.350000,0.007210,-0.199150,0.275870
8365,0.992920,-0.016113,0.013306,0.999557,-0.001472,-0.012252,0.999633,0.000000,-0.630000,0.420000,0.007210,-0.129150,0.345870
8415,0.992798,-0.015503,0.012451,0.999442,-0.000864,-0.013100,0.999528,0.000000,-0.630000,0.350000,0.007210,-0.129150,0.275870
8465,0.992310,-0.015381,0.012573,0.998955,-0.000742,-0.012979,0.999039,0.000000,-0.630000,0.420000,0.007210,-0.129150,0.345870
8515,0.992187,-0.016724,0.011719,0.998841,-0.002083,-0.013826,0.998939,0.000000,-0.630000,0.350000,0.007210,-0.129150,0.275870
8565,0.992187,-0.015747,0.012939,0.998830,-0.001107,-0.012615,0.998910,-0.070000,-0.630000,0.420000,-0.062790,-0.129150,0.345870
8615,0.992065,-0.016724,0.012451,0.998713,-0.002082,-0.013100,0.998801,0.000000,-0.630000,0.350000,0.007210,-0.129150,0.275870
8665,0.991577,-0.015381,0.013672,0.998215,-0.000740,-0.011889,0.998286,0.000000,-0.630000,0.420000,0.007210,-0.129150,0.345870
8716,0.993042,-0.015869,0.013306,0.999678,-0.001228,-0.012252,0.999754,-0.070000,-0.630000,0.350000,-0.062790,-0.129150,0.275870
8766,0.992554,-0.015869,0.011841,0.999204,-0.001230,-0.013705,0.999299,0.000000,-0.560000,0.420000,0.007210,-0.059150,0.345870
8816,0.993042,-0.015747,0.011597,0.999693,-0.001109,-0.013947,0.999791,0.000000,-0.630000,0.350000,0.007210,-0.129150,0.275870
8867,0.992065,-0.016846,0.011841,0.998718,-0.002205,-0.013705,0.998815,0.000000,-0.630000,0.350000,0.007210,-0.129150,0.275870
8917,0.992798,-0.015991,0.013062,0.999437,-0.001350,-0.012494,0.999516,0.000000,-0.630000,0.350000,0.007210,-0.129150,0.275870
8967,0.992065,-0.016235,0.013062,0.998707,-0.001594,-0.012494,0.998787,0.000000,-0.630000,0.420000,0.007210,-0.129150,0.345870
9017,0.991821,-0.014526,0.011719,0.998475,0.000110,-0.013826,0.998571,-0.070000,-0.560000,0.350000,-0.062790,-0.059150,0.275870
9067,0.992554,-0.017090,0.011963,0.999204,-0.002449,-0.013584,0.999299,0.000000,-0.630000,0.420000,0.007210,-0.129150,0.345870
9117,0.992920,-0.015625,0.011719,0.999570,-0.000987,-0.013826,0.999666,-0.070000,-0.560000,0.350000,-0.062790,-0.059150,0.275870
9167,0.992310,-0.016602,0.012207,0.998958,-0.001961,-0.013342,0.999049,0.000000,-0.630000,0.420000,0.007210,-0.129150,0.345870
9217,0.992432,-0.015015,0.012207,0.999079,-0.000377,-0.013342,0.999168,-0.070000,-0.630000,0.350000,-0.062790,-0.129150,0.275870
9267,0.992187,-0.016479,0.013062,0.998829,-0.001838,-0.012494,0.998909,0.000000,-0.630000,0.490000,0.007210,-0.129150,0.415870
9317,0.991699,-0.016113,0.012207,0.998350,-0.001473,-0.013342,0.998440,0.000000,-0.700000,0.280000,0.007210,-0.199150,0.205870
9368,0.992310,-0.015381,0.013428,0.998947,-0.000740,-0.012131,0.999021,-0.070000,-0.560000,0.420000,-0.062790,-0.059150,0.345870
9418,0.992798,-0.016724,0.010986,0.999455,-0.002084,-0.014552,0.999564,0.000000,-0.630000,0.350000,0.007210,-0.129150,0.275870
9468,0.992310,-0.015869,0.012573,0.998955,-0.001229,-0.012979,0.999040,0.000000,-0.700000,0.350000,0.007210,-0.199150,0.275870
9519,0.992310,-0.016357,0.012573,0.998955,-0.001717,-0.012979,0.999041,0.000000,-0.630000,0.420000,0.007210,-0.129150,0.345870
9569,0.992065,-0.015625,0.012939,0.998708,-0.000985,-0.012615,0.998788,0.000000,-0.630000,0.350000,0.007210,-0.129150,0.275870
9619,0.992065,-0.014771,0.013306,0.998705,-0.000131,-0.012252,0.998780,-0.070000,-0.560000,0.420000,-0.062790,-0.059150,0.345870
9669,0.993164,-0.016479,0.011353,0.999817,-0.001840,-0.014189,0.999919,-0.070000,-0.630000,0.350000,-0.062790,-0.129150,0.275870
9719,0.992920,-0.014771,0.012207,0.999566,-0.000133,-0.013342,0.999655,0.000000,-0.630000,0.350000,0.007210,-0.129150,0.275870
9769,0.992065,-0.016357,0.011475,0.998721,-0.001718,-0.014068,0.998822,0.000000,-0.630000,0.420000,0.007210,-0.129150,0.345870
9819,0.992798,-0.015503,0.013062,0.999437,-0.000863,-0.012494,0.999515,0.000000,-0.700000,0.350000,0.007210,-0.199150,0.275870
9869,0.992310,-0.014771,0.013672,0.998945,-0.000131,-0.011889,0.999016,0.000000,-0.700000,0.420000,0.007210,-0.199150,0.345870
9919,0.993164,-0.017456,0.013306,0.999800,-0.002812,-0.012252,0.999879,0.000000,-0.630000,0.350000,0.007210,-0.129150,0.275870
9969,0.992310,-0.015259,0.011841,0.998961,-0.000621,-0.013705,0.999055,0.000000,-0.560000,0.350000,0.007210,-0.059150,0.275870
10019,0.991821,-0.016602,0.011719,0.998476,-0.001962,-0.013826,0.998573,0.000000,-0.630000,0.420000,0.007210,-0.129150,0.345870
10069,0.992432,-0.015381,0.012451,0.999077,-0.000742,-0.013100,0.999163,-0.070000,-0.700000,0.350000,-0.062790,-0.199150,0.275870
10119,0.992432,-0.016602,0.014160,0.999063,-0.001958,-0.011405,0.999130,-0.070000,-0.630000,0.420000,-0.062790,-0.129150,0.345870
10169,0.992310,-0.015991,0.011963,0.998960,-0.001352,-0.013584,0.999053,0.000000,-0.560000,0.280000,0.007210,-0.059150,0.205870
10219,0.992920,-0.015381,0.011353,0.999573,-0.000743,-0.014189,0.999674,-0.070000,-0.630000,0.420000,-0.062790,-0.129150,0.345870
10269,0.992432,-0.016602,0.012329,0.999079,-0.001961,-0.013221,0.999168,0.000000,-0.700000,0.350000,0.007210,-0.199150,0.275870
10319,0.993042,-0.015503,0.014038,0.999672,-0.000861,-0.011526,0.999738,-0.070000,-0.630000,0.350000,-0.062790,-0.129150,0.275870
10369,0.992310,-0.015991,0.010864,0.998970,-0.001353,-0.014673,0.999078,0.000000,-0.560000,0.350000,0.007210,-0.059150,0.275870
10419,0.993774,-0.016968,0.010376,1.000434,-0.002329,-0.015157,1.000551,0.000000,-0.630000,0.350000,0.007210,-0.129150,0.275870
10469,0.992432,-0.015625,0.011841,0.999083,-0.000986,-0.013705,0.999177,-0.070000,-0.700000,0.350000,-0.062790,-0.199150,0.275870
10519,0.992920,-0.017334,0.013062,0.999559,-0.002691,-0.012494,0.999641,0.000000,-0.700000,0.420000,0.007210,-0.199150,0.345870
10569,0.992676,-0.015625,0.012451,0.999321,-0.000986,-0.013100,0.999407,0.000000,-0.630000,0.350000,0.007210,-0.129150,0.275870
10619,0.992554,-0.016602,0.012329,0.999200,-0.001961,-0.013221,0.999290,-0.070000,-0.630000,0.420000,-0.062790,-0.129150,0.345870
10669,0.992676,-0.015625,0.012939,0.999316,-0.000985,-0.012615,0.999396,-0.070000,-0.630000,0.280000,-0.062790,-0.129150,0.205870
10719,0.992676,-0.015625,0.013550,0.999311,-0.000984,-0.012010,0.999384,0.000000,-0.560000,0.420000,0.007210,-0.059150,0.345870
10769,0.992676,-0.017212,0.011230,0.999332,-0.002572,-0.014310,0.999437,0.000000,-0.560000,0.350000,0.007210,-0.059150,0.275870
10819,0.991699,-0.016113,0.010986,0.998360,-0.001475,-0.014552,0.998468,0.000000,-0.630000,0.420000,0.007210,-0.129150,0.345870
10869,0.991943,-0.014771,0.013550,0.998581,-0.000131,-0.012010,0.998653,-0.070000,-0.700000,0.350000,-0.062790,-0.199150,0.275870
10919,0.992065,-0.016724,0.013306,0.998705,-0.002081,-0.012252,0.998783,0.000000,-0.630000,0.350000,0.007210,-0.129150,0.275870
10969,0.993042,-0.015991,0.013184,0.999679,-0.001350,-0.012373,0.999757,0.000000,-0.630000,0.350000,0.007210,-0.129150,0.275870
11019,0.992187,-0.016724,0.013428,0.998826,-0.002081,-0.012131,0.998902,0.000000,-0.560000,0.350000,0.007210,-0.059150,0.275870
11069,0.991699,-0.016235,0.011719,0.998354,-0.001596,-0.013826,0.998451,0.000000,-0.560000,0.350000,0.007210,-0.059150,0.275870
11120,0.992432,-0.016113,0.011597,0.999085,-0.001474,-0.013947,0.999183,0.000000,-0.630000,0.420000,0.007210,-0.129150,0.345870
11170,0.993408,-0.015625,0.011963,1.000055,-0.000986,-0.013584,1.000147,-0.070000,-0.630000,0.420000,-0.062790,-0.129150,0.345870
11220,0.992798,-0.015747,0.013306,0.999435,-0.001106,-0.012252,0.999511,0.000000,-0.630000,0.420000,0.007210,-0.129150,0.345870
11271,0.993652,-0.016602,0.011841,1.000299,-0.001961,-0.013705,1.000395,0.000000,-0.630000,0.350000,0.007210,-0.129150,0.275870
11321,0.992432,-0.016235,0.013916,0.999065,-0.001593,-0.011647,0.999134,0.000000,-0.630000,0.420000,0.007210,-0.129150,0.345870
11371,0.992432,-0.016479,0.011597,0.999085,-0.001840,-0.013947,0.999184,0.000000,-0.630000,0.280000,0.007210,-0.129150,0.205870
11421,0.991821,-0.016357,0.011597,0.998477,-0.001718,-0.013947,0.998576,-0.070000,-0.560000,0.420000,-0.062790,-0.059150,0.345870
11471,0.992065,-0.015869,0.011597,0.998720,-0.001230,-0.013947,0.998818,0.000000,-0.700000,0.350000,0.007210,-0.199150,0.275870
11521,0.992554,-0.015747,0.014160,0.999184,-0.001105,-0.011405,0.999250,-0.070000,-0.700000,0.420000,-0.062790,-0.199150,0.345870
11571,0.994019,-0.015015,0.013550,1.000649,-0.000375,-0.012010,1.000721,0.000000,-0.560000,0.280000,0.007210,-0.059150,0.205870
11621,0.992920,-0.016235,0.012573,0.999563,-0.001595,-0.012979,0.999649,0.000000,-0.560000,0.420000,0.007210,-0.059150,0.345870
11671,0.993286,-0.016235,0.010498,0.999946,-0.001598,-0.015036,1.000060,0.000000,-0.560000,0.350000,0.007210,-0.059150,0.275870
11721,0.992432,-0.016724,0.011353,0.999087,-0.002084,-0.014189,0.999190,0.000000,-0.700000,0.420000,0.007210,-0.199150,0.345870
11772,0.992554,-0.014893,0.012329,0.999200,-0.000254,-0.013221,0.999287,0.000000,-0.700000,0.420000,0.007210,-0.199150,0.345870
11822,0.992065,-0.016724,0.013916,0.998700,-0.002080,-0.011647,0.998770,0.000000,-0.630000,0.420000,0.007210,-0.129150,0.345870
11872,0.992554,-0.014526,0.011719,0.999205,0.000110,-0.013826,0.999301,0.000000,-0.630000,0.350000,0.007210,-0.129150,0.275870
11924,0.993164,-0.016602,0.012573,0.999806,-0.001960,-0.012979,0.999893,0.000000,-0.630000,0.420000,0.007210,-0.129150,0.345870
11974,0.993652,-0.015747,0.011475,1.000302,-0.001109,-0.014068,1.000402,0.000000,-0.630000,0.280000,0.007210,-0.129150,0.205870
12024,0.991943,-0.015869,0.012695,0.998589,-0.001229,-0.012858,0.998672,-0.070000,-0.700000,0.490000,-0.062790,-0.199150,0.415870
12074,0.992676,-0.016357,0.013428,0.999312,-0.001715,-0.012131,0.999387,-0.070000,-0.630000,0.350000,-0.062790,-0.129150,0.275870
12124,0.993042,-0.014648,0.013306,0.999678,-0.000009,-0.012252,0.999753,0.000000,-0.560000,0.420000,0.007210,-0.059150,0.345870
12174,0.992187,-0.016357,0.010986,0.998847,-0.001719,-0.014552,0.998955,-0.070000,-0.630000,0.350000,-0.062790,-0.129150,0.275870
12224,0.991577,-0.015259,0.011230,0.998236,-0.000622,-0.014310,0.998339,0.000000,-0.700000,0.350000,0.007210,-0.199150,0.275870
12274,0.993408,-0.016479,0.012085,1.000054,-0.001839,-0.013463,1.000146,0.000000,-0.700000,0.420000,0.007210,-0.199150,0.345870
12324,0.993164,-0.017212,0.013550,0.999798,-0.002568,-0.012010,0.999874,0.000000,-0.700000,0.350000,0.007210,-0.199150,0.275870
12374,0.992554,-0.015137,0.012451,0.999199,-0.000498,-0.013100,0.999285,0.000000,-0.560000,0.350000,0.007210,-0.059150,0.275870
12425,0.991699,-0.017090,0.012695,0.998346,-0.002448,-0.012858,0.998432,0.000000,-0.560000,0.420000,0.007210,-0.059150,0.345870
12475,0.992187,-0.015503,0.011841,0.998839,-0.000865,-0.013705,0.998934,0.000000,-0.630000,0.350000,0.007210,-0.129150,0.275870
12525,0.992676,-0.015869,0.013794,0.999309,-0.001227,-0.011768,0.999379,-0.070000,-0.630000,0.490000,-0.062790,-0.129150,0.415870
12576,0.992310,-0.015869,0.011841,0.998961,-0.001230,-0.013705,0.999056,0.000000,-0.630000,0.350000,0.007210,-0.129150,0.275870
12626,0.991821,-0.016113,0.011719,0.998476,-0.001474,-0.013826,0.998572,0.000000,-0.630000,0.420000,0.007210,-0.129150,0.345870
12676,0.993164,-0.015137,0.012817,0.999804,-0.000497,-0.012736,0.999885,0.000000,-0.700000,0.350000,0.007210,-0.199150,0.275870
12726,0.992554,-0.014648,0.012329,0.999200,-0.000011,-0.013221,0.999287,0.000000,-0.630000,0.420000,0.007210,-0.129150,0.345870
12776,0.993042,-0.015869,0.012817,0.999682,-0.001229,-0.012736,0.999764,0.000000,-0.630000,0.350000,0.007210,-0.129150,0.275870
12826,0.992065,-0.015991,0.011353,0.998722,-0.001353,-0.014189,0.998824,-0.070000,-0.630000,0.350000,-0.062790,-0.129150,0.275870
12876,0.992432,-0.016113,0.012329,0.999078,-0.001473,-0.013221,0.999167,0.000000,-0.630000,0.420000,0.007210,-0.129150,0.345870
12927,0.993530,-0.015991,0.012573,1.000171,-0.001351,-0.012979,1.000256,-0.070000,-0.630000,0.350000,-0.062790,-0.129150,0.275870
12977,0.993042,-0.014160,0.012573,0.999684,0.000477,-0.012979,0.999768,-0.070000,-0.630000,0.350000,-0.062790,-0.129150,0.275870
13027,0.992310,-0.015869,0.011353,0.998965,-0.001231,-0.014189,0.999067,0.000000,-0.700000,0.350000,0.007210,-0.199150,0.275870
13078,0.991821,-0.015259,0.011353,0.998479,-0.000622,-0.014189,0.998580,0.000000,-0.630000,0.350000,0.007210,-0.129150,0.275870
13128,0.992798,-0.016968,0.013672,0.999432,-0.002324,-0.011889,0.999505,0.000000,-0.700000,0.420000,0.007210,-0.199150,0.345870
13178,0.992920,-0.014771,0.012573,0.999563,-0.000132,-0.012979,0.999647,-0.070000,-0.630000,0.350000,-0.062790,-0.129150,0.275870
13229,0.992310,-0.016113,0.012451,0.998956,-0.001473,-0.013100,0.999043,0.000000,-0.630000,0.350000,0.007210,-0.129150,0.275870
13279,0.992065,-0.016113,0.012329,0.998714,-0.001473,-0.013221,0.998802,0.000000,-0.630000,0.350000,0.007210,-0.129150,0.275870
13329,0.992676,-0.016602,0.012329,0.999322,-0.001961,-0.013221,0.999411,0.000000,-0.630000,0.420000,0.007210,-0.129150,0.345870
13379,0.992554,-0.015991,0.012451,0.999199,-0.001351,-0.013100,0.999286,0.000000,-0.630000,0.350000,0.007210,-0.129150,0.275870
13429,0.992798,-0.015991,0.012817,0.999439,-0.001351,-0.012736,0.999521,-0.070000,-0.700000,0.350000,-0.062790,-0.199150,0.275870
13479,0.992432,-0.016113,0.012817,0.999074,-0.001472,-0.012736,0.999156,-0.070000,-0.630000,0.350000,-0.062790,-0.129150,0.275870
13529,0.992920,-0.016846,0.012329,0.999565,-0.002204,-0.013221,0.999655,0.000000,-0.560000,0.350000,0.007210,-0.059150,0.275870
13580,0.992432,-0.016113,0.012207,0.999080,-0.001473,-0.013342,0.999170,0.000000,-0.630000,0.420000,0.007210,-0.129150,0.345870
13630,0.992920,-0.016479,0.012695,0.999562,-0.001838,-0.012858,0.999646,0.000000,-0.630000,0.350000,0.007210,-0.129150,0.275870
13680,0.993774,-0.015503,0.013062,1.000410,-0.000863,-0.012494,1.000488,0.000000,-0.630000,0.350000,0.007210,-0.129150,0.275870
13731,0.991943,-0.016357,0.012573,0.998590,-0.001717,-0.012979,0.998676,-0.070000,-0.630000,0.350000,-0.062790,-0.129150,0.275870
13781,0.992798,-0.015869,0.010864,0.999456,-0.001232,-0.014673,0.999565,0.000000,-0.630000,0.350000,0.007210,-0.129150,0.275870
13831,0.992920,-0.015991,0.011963,0.999568,-0.001352,-0.013584,0.999662,0.000000,-0.700000,0.420000,0.007210,-0.199150,0.345870
13883,0.992310,-0.015625,0.012573,0.998955,-0.000985,-0.012979,0.999039,-0.070000,-0.630000,0.350000,-0.062790,-0.129150,0.275870
13933,0.993042,-0.013794,0.013428,0.999677,0.000844,-0.012131,0.999750,-0.070000,-0.630000,0.350000,-0.062790,-0.129150,0.275870
13983,0.991821,-0.016357,0.011475,0.998478,-0.001718,-0.014068,0.998578,-0.070000,-0.630000,0.420000,-0.062790,-0.129150,0.345870
14033,0.992432,-0.016235,0.011719,0.999084,-0.001596,-0.013826,0.999181,0.000000,-0.630000,0.350000,0.007210,-0.129150,0.275870
14083,0.992187,-0.016235,0.011963,0.998838,-0.001596,-0.013584,0.998932,0.000000,-0.630000,0.420000,0.007210,-0.129150,0.345870
14133,0.992676,-0.016113,0.013306,0.999313,-0.001472,-0.012252,0.999389,0.000000,-0.630000,0.350000,0.007210,-0.129150,0.275870
14183,0.992432,-0.016235,0.013062,0.999072,-0.001594,-0.012494,0.999152,0.000000,-0.560000,0.350000,0.007210,-0.059150,0.275870
14233,0.992920,-0.016235,0.012939,0.999560,-0.001594,-0.012615,0.999641,0.000000,-0.560000,0.350000,0.007210,-0.059150,0.275870
14283,0.991699,-0.015869,0.011597,0.998355,-0.001230,-0.013947,0.998453,0.000000,-0.630000,0.350000,0.007210,-0.129150,0.275870
14333,0.993774,-0.014038,0.012573,1.000414,0.000599,-0.012979,1.000498,0.000000,-0.630000,0.420000,0.007210,-0.129150,0.345870
14385,0.993042,-0.016357,0.012085,0.999689,-0.001717,-0.013463,0.999781,0.000000,-0.630000,0.280000,0.007210,-0.129150,0.205870
14435,0.992554,-0.016357,0.012451,0.999199,-0.001717,-0.013100,0.999287,-0.070000,-0.630000,0.350000,-0.062790,-0.129150,0.275870
14485,0.992554,-0.016846,0.012939,0.999195,-0.002203,-0.012615,0.999277,-0.070000,-0.700000,0.350000,-0.062790,-0.199150,0.275870
14535,0.992920,-0.015991,0.012817,0.999561,-0.001351,-0.012736,0.999643,0.000000,-0.630000,0.420000,0.007210,-0.129150,0.345870
14585,0.991699,-0.016724,0.011597,0.998355,-0.002084,-0.013947,0.998455,0.000000,-0.700000,0.420000,0.007210,-0.199150,0.345870
14635,0.992065,-0.016235,0.015259,0.998688,-0.001591,-0.010316,0.998743,0.000000,-0.630000,0.350000,0.007210,-0.129150,0.275870
14686,0.992432,-0.016724,0.011230,0.999088,-0.002084,-0.014310,0.999193,0.000000,-0.630000,0.350000,0.007210,-0.129150,0.275870
14736,0.992554,-0.016724,0.011475,0.999208,-0.002084,-0.014068,0.999309,0.000000,-0.630000,0.420000,0.007210,-0.129150,0.345870
14786,0.992676,-0.016479,0.013062,0.999316,-0.001838,-0.012494,0.999395,-0.070000,-0.630000,0.350000,-0.062790,-0.129150,0.275870
14836,0.992920,-0.015747,0.012329,0.999565,-0.001108,-0.013221,0.999653,0.000000,-0.560000,0.350000,0.007210,-0.059150,0.275870
14886,0.992676,-0.014893,0.011475,0.999329,-0.000256,-0.014068,0.999428,0.000000,-0.630000,0.280000,0.007210,-0.129150,0.205870
14936,0.992065,-0.015381,0.011353,0.998722,-0.000743,-0.014189,0.998823,0.000000,-0.630000,0.420000,0.007210,-0.129150,0.345870
14986,0.993042,-0.016479,0.012817,0.999683,-0.001838,-0.012736,0.999765,-0.070000,-0.630000,0.350000,-0.062790,-0.129150,0.275870
15036,0.992065,-0.014771,0.012329,0.998713,-0.000133,-0.013221,0.998801,0.000000,-0.630000,0.350000,0.007210,-0.129150,0.275870
15086,0.992065,-0.016113,0.010986,0.998725,-0.001475,-0.014552,0.998832,-0.070000,-0.560000,0.350000,-0.062790,-0.059150,0.275870
15136,0.992676,-0.015503,0.011963,0.999325,-0.000864,-0.013584,0.999418,-0.070000,-0.700000,0.350000,-0.062790,-0.199150,0.275870
15186,0.992187,-0.016602,0.013672,0.998824,-0.001959,-0.011889,0.998896,-0.070000,-0.700000,0.420000,-0.062790,-0.199150,0.345870
15237,0.992432,-0.016357,0.013306,0.999070,-0.001715,-0.012252,0.999147,-0.070000,-0.700000,0.420000,-0.062790,-0.199150,0.345870
15287,0.993652,-0.015991,0.013184,1.000287,-0.001350,-0.012373,1.000365,-0.070000,-0.630000,0.350000,-0.062790,-0.129150,0.275870
15337,0.992310,-0.016602,0.012207,0.99858,-0.001961,-0.013342,0.999049,0.000000,-0.630000,0.420000,0.007210,-0.129150,0.345870
15392,0.992187,-0.015869,0.010986,0.998847,-0.001231,-0.014552,0.998954,0.000000,-0.630000,0.350000,0.007210,-0.129150,0.275870
15442,0.992554,-0.016113,0.012817,0.999196,-0.001472,-0.012736,0.999278,-0.070000,-0.700000,0.420000,-0.062790,-0.199150,0.345870
15492,0.993286,-0.016602,0.013672,0.999918,-0.001959,-0.011889,0.999991,0.000000,-0.630000,0.280000,0.007210,-0.129150,0.205870
15542,0.993286,-0.015747,0.012329,0.999930,-0.001108,-0.013221,1.000018,-0.070000,-0.630000,0.350000,-0.062790,-0.129150,0.275870
15592,0.991699,-0.016602,0.013794,0.998336,-0.001959,-0.011768,0.998407,0.000000,-0.560000,0.420000,0.007210,-0.059150,0.345870
15643,0.992310,-0.016724,0.013428,0.998948,-0.002081,-0.012131,0.999023,0.000000,-0.630000,0.420000,0.007210,-0.129150,0.345870
15693,0.992187,-0.017212,0.011841,0.998840,-0.002571,-0.013705,0.998937,0.000000,-0.630000,0.350000,0.007210,-0.129150,0.275870
15743,0.992920,-0.016357,0.011963,0.999568,-0.001717,-0.013584,0.999662,-0.070000,-0.630000,0.350000,-0.062790,-0.129150,0.275870
15795,0.992310,-0.015381,0.013184,0.998949,-0.000741,-0.012373,0.999026,0.000000,-0.700000,0.420000,0.007210,-0.199150,0.345870
15845,0.993042,-0.016235,0.013550,0.999676,-0.001593,-0.012010,0.999750,0.000000,-0.560000,0.350000,0.007210,-0.059150,0.275870
15895,0.993042,-0.016113,0.010620,0.999702,-0.001476,-0.014915,0.999814,0.000000,-0.630000,0.350000,0.007210,-0.129150,0.275870
15945,0.992798,-0.015381,0.011597,0.999450,-0.000743,-0.013947,0.999547,0.000000,-0.630000,0.420000,0.007210,-0.129150,0.345870
15995,0.992187,-0.015503,0.013062,0.998829,-0.000863,-0.012494,0.998907,0.000000,-0.700000,0.350000,0.007210,-0.199150,0.275870
16045,0.992432,-0.014526,0.013306,0.999070,0.000113,-0.012252,0.999145,0.000000,-0.630000,0.420000,0.007210,-0.129150,0.345870
16095,0.991455,-0.015747,0.011841,0.998110,-0.001108,-0.013705,0.998204,0.000000,-0.630000,0.350000,0.007210,-0.129150,0.275870
16145,0.992676,-0.016357,0.012817,0.999318,-0.001716,-0.012736,0.999400,0.000000,-0.630000,0.420000,0.007210,-0.129150,0.345870
16195,0.993164,-0.015991,0.013672,0.999797,-0.001349,-0.011889,0.999868,-0.070000,-0.630000,0.350000,-0.062790,-0.129150,0.275870
16245,0.992310,-0.016113,0.010986,0.998969,-0.001475,-0.014552,0.999076,0.000000,-0.560000,0.350000,0.007210,-0.059150,0.275870
16296,0.992798,-0.016357,0.009888,0.999465,-0.001720,-0.015641,0.999589,-0.070000,-0.630000,0.350000,-0.062790,-0.129150,0.275870
16346,0.992554,-0.015015,0.012085,0.999202,-0.000377,-0.013463,0.999293,0.000000,-0.700000,0.420000,0.007210,-0.199150,0.345870
16396,0.992676,-0.016479,0.012939,0.999317,-0.001838,-0.012615,0.999398,0.000000,-0.630000,0.350000,0.007210,-0.129150,0.275870
16446,0.992310,-0.015137,0.013916,0.998943,-0.000496,-0.011647,0.999011,0.000000,-0.630000,0.420000,0.007210,-0.129150,0.345870
16496,0.992554,-0.015381,0.012329,0.999200,-0.000742,-0.013221,0.999288,-0.070000,-0.560000,0.350000,-0.062790,-0.059150,0.275870
16546,0.991333,-0.014893,0.011841,0.997988,-0.000255,-0.013705,0.998082,0.000000,-0.630000,0.350000,0.007210,-0.129150,0.275870
16596,0.992065,-0.016846,0.010742,0.998728,-0.002207,-0.014794,0.998840,0.000000,-0.630000,0.350000,0.007210,-0.129150,0.275870
16647,0.991943,-0.016602,0.011230,0.998602,-0.001962,-0.014310,0.998706,0.000000,-0.630000,0.420000,0.007210,-0.129150,0.345870
16697,0.992798,-0.014526,0.013550,0.999432,0.000113,-0.012010,0.999504,0.000000,-0.700000,0.350000,0.007210,-0.199150,0.275870
16747,0.992065,-0.015137,0.013184,0.998706,-0.000497,-0.012373,0.998783,0.000000,-0.630000,0.420000,0.007210,-0.129150,0.345870
16798,0.992798,-0.016479,0.012817,0.999439,-0.001838,-0.012736,0.999522,-0.070000,-0.630000,0.350000,-0.062790,-0.129150,0.275870
16848,0.992432,-0.15869,0.012329,0.999078,-0.001229,-0.013221,0.999167,0.000000,-0.630000,0.420000,0.007210,-0.129150,0.345870
16900,0.993042,-0.016357,0.011475,0.999694,-0.001718,-0.014068,0.999795,0.000000,-0.560000,0.350000,0.007210,-0.059150,0.275870
16950,0.992187,-0.016113,0.011108,0.998846,-0.001475,-0.014431,0.998951,-0.070000,-0.700000,0.420000,-0.062790,-0.199150,0.345870
17000,0.992187,-0.016968,0.011841,0.998840,-0.002327,-0.013705,0.998937,0.000000,-0.700000,0.420000,0.007210,-0.199150,0.345870
17050,0.993042,-0.015259,0.012817,0.999682,-0.000619,-0.012736,0.999764,0.000000,-0.630000,0.350000,0.007210,-0.129150,0.275870
17101,0.992065,-0.015015,0.013306,0.998705,-0.000375,-0.012252,0.998780,-0.070000,-0.630000,0.350000,-0.062790,-0.129150,0.275870
17151,0.992187,-0.016113,0.012207,0.998836,-0.001473,-0.013342,0.998926,0.000000,-0.630000,0.350000,0.007210,-0.129150,0.275870
17201,0.992187,-0.015747,0.011353,0.998844,-0.001109,-0.014189,0.998945,0.000000,-0.630000,0.350000,0.007210,-0.129150,0.275870
17252,0.993042,-0.017578,0.012329,0.999687,-0.002936,-0.013221,0.999779,0.000000,-0.700000,0.420000,0.007210,-0.199150,0.345870
17302,0.992065,-0.015259,0.013428,0.998704,-0.000618,-0.012131,0.998778,0.000000,-0.630000,0.350000,0.007210,-0.129150,0.275870
17352,.992310,-0.015503,0.012329,0.998957,-0.000864,-0.013221,0.999044,0.000000,-0.630000,0.420000,0.007210,-0.129150,0.345870
17404,0.992065,-0.016235,0.012451,0.998713,-0.001595,-0.013100,0.998800,-0.070000,-0.630000,0.350000,-0.062790,-0.129150,0.275870
17454,0.993042,-0.015991,0.010376,0.999704,-0.001354,-0.015157,0.999820,0.000000,-0.700000,0.420000,0.007210,-0.199150,0.345870
17504,0.992432,-0.016602,0.014282,0.999062,-0.001958,-0.011284,0.999127,0.000000,-0.700000,0.350000,0.007210,-0.199150,0.275870
17554,0.992432,-0.015991,0.012085,0.999081,-0.001352,-0.013463,0.999172,0.000000,-0.630000,0.350000,0.007210,-0.129150,0.275870
17604,0.992187,-0.015259,0.012695,0.998832,-0.000620,-0.012858,0.998915,-0.070000,-0.630000,0.420000,-0.062790,-0.129150,0.345870
17654,0.992554,-0.017090,0.012329,0.999200,-0.002448,-0.013221,0.999291,0.000000,-0.700000,0.420000,0.007210,-0.199150,0.345870
17704,0.993530,-0.014526,0.011230,1.000183,0.000110,-0.014310,1.000285,-0.070000,-0.560000,0.350000,-0.062790,-0.059150,0.275870
17754,0.991943,-0.018066,0.010132,0.998612,-0.003426,-0.015399,0.998736,0.000000,-0.630000,0.350000,0.007210,-0.129150,0.275870
17804,0.991821,-0.014404,0.011230,0.998479,0.000231,-0.014310,0.998582,0.000000,-0.700000,0.350000,0.007210,-0.199150,0.275870
17854,0.992310,-0.016235,0.012817,0.98953,-0.001594,-0.012736,0.999035,0.000000,-0.700000,0.420000,0.007210,-0.199150,0.345870
17905,0.992920,-0.015991,0.013428,0.999556,-0.001350,-0.012131,0.999630,0.000000,-0.630000,0.420000,0.007210,-0.129150,0.345870
17955,0.993164,-0.015625,0.012695,0.999805,-0.000985,-0.012858,0.999888,0.000000,-0.630000,0.350000,0.007210,-0.129150,0.275870
18005,0.992065,-0.016479,0.011719,0.998719,-0.001840,-0.013826,0.998816,0.000000,-0.630000,0.350000,0.007210,-0.129150,0.275870
18055,0.993042,-0.015381,0.011963,0.999690,-0.000742,-0.013584,0.999782,0.000000,-0.630000,0.280000,0.007210,-0.129150,0.205870
18105,0.993042,-0.016724,0.012451,0.999686,-0.002082,-0.013100,0.999774,-0.070000,-0.630000,0.490000,-0.062790,-0.129150,0.415870
18155,0.992187,-0.017212,0.012695,0.998832,-0.002569,-0.012858,0.998918,0.000000,-0.700000,0.350000,0.007210,-0.199150,0.275870
18205,0.993164,-0.015747,0.012695,0.999805,-0.001107,-0.012858,0.999888,0.000000,-0.560000,0.420000,0.007210,-0.059150,0.345870
18255,0.993652,-0.016846,0.012329,1.000295,-0.002204,-0.013221,1.000385,0.000000,-0.630000,0.280000,0.007210,-0.129150,0.205870
18305,0.992065,-0.014893,0.012329,0.998713,-0.000254,-0.013221,0.998801,0.000000,-0.630000,0.420000,0.007210,-0.129150,0.345870
18355,0.992065,-0.016357,0.011108,0.998724,-0.001719,0.014431,0.998830,0.000000,-0.630000,0.420000,0.007210,-0.129150,0.345870
18409,0.993164,-0.016113,0.011108,0.999819,-0.001475,-0.014431,0.999924,0.000000,-0.630000,0.420000,0.007210,-0.129150,0.345870
18459,0.992432,-0.015869,0.011841,0.999083,-0.001230,-0.013705,0.999177,0.000000,-0.630000,0.350000,0.007210,-0.129150,0.275870
18510,0.992554,-0.015259,0.011597,0.999206,-0.000621,-0.013947,0.999304,0.000000,-0.630000,0.350000,0.007210,-0.129150,0.275870
18560,0.991943,-0.015503,0.011475,0.998599,-0.000865,-0.014068,0.998699,-0.070000,-0.630000,0.350000,-0.062790,-0.129150,0.275870
18610,0.993042,-0.015381,0.011597,0.999693,-0.000743,-0.013947,0.999791,0.000000,-0.700000,0.490000,0.007210,-0.199150,0.415870
18661,0.992920,-0.015625,0.013550,0.999554,-0.000984,-0.012010,0.999627,0.000000,-0.630000,0.350000,0.007210,-0.129150,0.275870
18711,0.992432,-0.015747,0.011108,0.999089,-0.001109,-0.014431,0.999194,0.000000,-0.560000,0.420000,0.007210,-0.059150,0.345870
18761,0.991943,-0.015991,0.010254,0.998610,-0.001354,-0.015278,0.998728,0.000000,-0.630000,0.350000,0.007210,-0.129150,0.275870
18811,0.990479,-0.015869,0.012329,0.997132,-0.001229,-0.013221,0.997221,0.000000,-0.700000,0.420000,0.007210,-0.199150,0.345870
18861,0.992554,-0.016968,0.012207,0.999201,-0.002326,-0.013342,0.999293,0.000000,-0.630000,0.350000,0.007210,-0.129150,0.275870
18911,0.992798,-0.015991,0.012207,0.999444,-0.001351,-0.013342,0.999534,-0.070000,-0.630000,0.350000,-0.062790,-0.129150,0.275870
18961,0.992187,-0.014038,0.012573,0.998833,0.000599,-0.012979,0.998917,0.000000,-0.630000,0.420000,0.007210,-0.129150,0.345870
19011,0.993042,-0.015991,0.011597,0.999693,-0.001352,-0.013947,0.999791,0.000000,-0.630000,0.350000,0.007210,-0.129150,0.275870
19061,0.992798,-0.014526,0.011108,0.999454,0.000109,-0.014431,0.999558,0.000000,-0.560000,0.350000,0.007210,-0.059150,0.275870
19111,0.992432,-0.016724,0.011230,0.999088,-0.002084,-0.014310,0.999193,0.000000,-0.700000,0.420000,0.007210,-0.199150,0.345870
19161,0.992310,-0.015869,0.012207,0.998958,-0.001230,-0.013342,0.999048,0.000000,-0.630000,0.350000,0.007210,-0.129150,0.275870
19211,0.993042,-0.016968,0.012207,0.999688,-0.002326,-0.013342,0.999780,0.000000,-0.700000,0.420000,0.007210,-0.199150,0.345870
19261,0.992676,-0.016235,0.011108,0.999332,-0.001597,-0.014431,0.999438,0.000000,-0.630000,0.350000,0.007210,-0.129150,0.275870
19311,0.992676,-0.015747,0.012085,0.999324,-0.001108,-0.013463,0.999415,0.000000,-0.630000,0.350000,0.007210,-0.129150,0.275870
19361,0.993408,-0.016113,0.012939,1.000046,-0.001472,-0.012615,1.000127,0.000000,-0.700000,0.420000,0.007210,-0.199150,0.345870
19411,0.993896,-0.016357,0.011841,1.000543,-0.001718,-0.013705,1.000638,0.000000,-0.560000,0.350000,0.007210,-0.059150,0.275870
19461,0.991699,-0.015503,0.009644,0.998372,-0.000868,-0.015883,0.998499,0.000000,-0.630000,0.420000,0.007210,-0.129150,0.345870
19511,0.993164,-0.015869,0.011230,0.999818,-0.001231,-0.014310,0.999921,0.000000,-0.700000,0.350000,0.007210,-0.199150,0.275870
19561,0.992676,-0.015381,0.012329,0.999322,-0.000742,-0.013221,0.999409,0.000000,-0.700000,0.350000,0.007210,-0.199150,0.275870
19611,0.993408,-0.016602,0.014160,1.000036,-0.001958,-0.011405,1.000103,0.000000,-0.630000,0.420000,0.007210,-0.129150,0.345870
19661,0.992432,-0.015381,0.012085,0.999080,-0.000742,-0.013463,0.999171,0.000000,-0.490000,0.280000,0.007210,0.010850,0.205870
19711,0.992187,-0.015991,0.010742,0.998849,-0.001354,-0.014794,0.998960,0.000000,-0.560000,0.420000,0.007210,-0.059150,0.345870
19761,0.991699,-0.016846,0.010864,0.998362,-0.002207,-0.014673,0.998472,-0.070000,-0.630000,0.350000,-0.062790,-0.129150,0.275870
19811,0.993164,-0.016602,0.012573,0.999806,-0.001960,-0.012979,0.999893,-0.070000,-0.630000,0.420000,-0.062790,-0.129150,0.345870
19861,0.993042,-0.016113,0.012939,0.999681,-0.001472,-0.012615,0.999762,0.000000,-0.630000,0.420000,0.007210,-0.129150,0.345870
19912,0.992310,-0.015991,0.012695,0.998954,-0.001351,-0.012858,0.999037,0.000000,-0.630000,0.350000,0.007210,-0.129150,0.275870
19962,0.992310,-0.014771,0.012451,0.998955,-0.000132,-0.013100,0.999041,-0.070000,-0.560000,0.420000,-0.062790,-0.059150,0.345870
20012,0.992798,-0.016357,0.009644,0.999467,-0.001721,-0.015883,0.999595,-0.070000,-0.560000,0.350000,-0.062790,-0.059150,0.275870
20063,0.992310,-0.015869,0.010132,0.998976,-0.001233,-0.015399,0.999095,0.000000,-0.630000,0.420000,0.007210,-0.129150,0.345870
20113,0.992187,-0.015381,0.011475,0.998843,-0.000743,-0.014068,0.998942,0.000000,-0.700000,0.350000,0.007210,-0.199150,0.275870
20163,0.992554,-0.014160,0.013184,0.999192,0.000478,-0.012373,0.999269,-0.070000,-0.560000,0.420000,-0.062790,-0.059150,0.345870
20213,0.992798,-0.015747,0.012573,0.999441,-0.001107,-0.012979,0.999526,0.000000,-0.630000,0.350000,0.007210,-0.129150,0.275870
20263,0.994263,-0.015381,0.012451,1.000902,-0.000742,-0.013100,1.000988,0.000000,-0.560000,0.350000,0.007210,-0.059150,0.275870
20313,0.992798,-0.016235,0.010864,0.999456,-0.001597,-0.014673,0.999565,0.000000,-0.630000,0.350000,0.007210,-0.129150,0.275870
20363,0.992310,-0.015991,0.012451,0.998956,-0.001351,-0.013100,0.999043,0.000000,-0.700000,0.35000,0.007210,-0.199150,0.275870
20415,0.992798,-0.015625,0.012329,0.999443,-0.000986,-0.013221,0.999531,0.000000,-0.770000,0.420000,0.007210,-0.269150,0.345870
20465,0.993042,-0.016846,0.013306,0.999678,-0.002203,-0.012252,0.999756,0.000000,-0.630000,0.350000,0.007210,-0.129150,0.275870
20515,0.992187,-0.016479,0.011353,0.998844,-0.001840,-0.014189,0.998946,-0.070000,-0.560000,0.350000,-0.062790,-0.059150,0.275870
20565,0.992310,-0.017212,0.011597,0.998964,-0.002571,-0.013947,0.999064,-0.070000,-0.560000,0.420000,-0.062790,-0.059150,0.345870
20615,0.992798,-0.016602,0.010864,0.999456,-0.001963,-0.014673,0.999566,0.000000,-0.700000,0.350000,0.007210,-0.199150,0.275870
20665,0.992310,-0.014404,0.012573,0.998954,0.000233,-0.012979,0.999039,0.000000,-0.630000,0.420000,0.007210,-0.129150,0.345870
20715,0.992310,-0.017212,0.012329,0.998957,-0.002570,-0.013221,0.999048,0.000000,-0.630000,0.350000,0.007210,-0.129150,0.275870
20765,0.992676,-0.015137,0.012329,0.999321,-0.000498,-0.013221,0.999409,0.000000,-0.560000,0.350000,0.007210,-0.059150,0.275870
20815,0.991699,-0.016479,0.010376,0.998366,-0.001842,-0.015157,0.998483,0.000000,-0.630000,0.420000,0.007210,-0.129150,0.345870
20866,0.992432,-0.016357,0.010742,0.999092,-0.001719,-0.014794,0.999204,-0.070000,-0.630000,0.420000,-0.062790,-0.129150,0.345870
20916,0.992676,-0.016479,0.011719,0.999327,-0.001840,-0.013826,0.999425,0.000000,-0.700000,0.420000,0.007210,-0.199150,0.345870
20966,0.992554,-0.015991,0.012817,0.999196,-0.001351,-0.012736,0.999278,0.000000,-0.630000,0.350000,0.007210,-0.129150,0.275870
21016,0.992432,-0.015747,0.011719,0.999084,-0.001108,-0.013826,0.999180,-0.070000,-0.560000,0.350000,-0.062790,-0.059150,0.275870
21066,0.993164,-0.016479,0.011230,0.999818,-0.001840,-0.014310,0.999922,0.000000,-0.630000,0.350000,0.007210,-0.129150,0.275870
21116,0.991943,-0.016235,0.012451,0.998591,-0.001595,-0.013100,0.998678,0.000000,-0.630000,0.420000,0.007210,-0.129150,0.345870
21166,0.992310,-0.015137,0.011475,0.998964,-0.000499,-0.014068,0.999063,0.000000,-0.630000,0.350000,0.007210,-0.129150,0.275870
21216,0.992187,-0.015869,0.011719,0.998841,-0.001230,-0.013826,0.998937,0.000000,-0.630000,0.420000,0.007210,-0.129150,0.345870
21266,0.992798,-0.015991,0.009888,0.999465,-0.001355,-0.015641,0.999588,0.000000,-0.630000,0.350000,0.007210,-0.129150,0.275870
21316,0.992432,-0.014771,0.012085,0.999080,-0.000133,-0.013463,0.999171,0.000000,-0.700000,0.420000,0.007210,-0.199150,0.345870
21366,0.993408,-0.014771,0.011108,1.000062,-0.000134,-0.014431,1.000166,0.000000,-0.630000,0.350000,0.007210,-0.129150,0.25870
21420,0.993530,-0.015503,0.012573,1.000171,-0.000863,-0.012979,1.000255,0.000000,-0.630000,0.420000,0.007210,-0.129150,0.345870
21470,0.993408,-0.016235,0.010620,1.000067,-0.001598,-0.014915,1.000179,0.000000,-0.630000,0.280000,0.007210,-0.129150,0.205870
21521,0.992798,-0.015503,0.011475,0.999451,-0.000865,-0.014068,0.999550,0.000000,-0.630000,0.420000,0.007210,-0.129150,0.345870
21571,0.992187,-0.015991,0.010254,0.998853,-0.001354,-0.015278,0.998971,0.000000,-0.630000,0.350000,0.007210,-0.129150,0.275870
21621,0.991821,-0.015869,0.010620,0.998485,-0.001232,-0.014915,0.998597,-0.070000,-0.700000,0.350000,-0.062790,-0.199150,0.275870
21672,0.992798,-0.015503,0.011230,0.999453,-0.000865,-0.014310,0.999556,0.000000,-0.630000,0.350000,0.007210,-0.129150,0.275870
21722,0.993042,-0.016235,0.012207,0.999688,-0.001595,-0.013342,0.999778,-0.070000,-0.630000,0.350000,-0.062790,-0.129150,0.275870
21772,0.992432,-0.015137,0.011108,0.999089,-0.000500,-0.014431,0.999193,-0.070000,-0.630000,0.350000,-0.062790,-0.129150,0.275870
21822,0.992310,-0.016968,0.012451,0.998956,-0.002326,-0.013100,0.999045,-0.070000,-0.700000,0.420000,-0.062790,-0.199150,0.345870
21872,0.990845,-0.015747,0.012329,0.997497,-0.001108,-0.013221,0.997585,0.000000,-0.630000,0.350000,0.007210,-0.129150,0.275870
21922,0.992554,-0.016357,0.012329,0.999200,-0.001717,-0.013221,0.999289,0.000000,-0.700000,0.420000,0.007210,-0.199150,0.345870
21972,0.991943,-0.016357,0.011353,0.998601,-0.001718,-0.014189,0.998703,0.000000,-0.700000,0.350000,0.007210,-0.199150,0.275870
22022,0.992554,-0.016602,0.012329,0.999200,-0.001961,-0.013221,0.999290,-0.070000,-0.700000,0.420000,-0.062790,-0.199150,0.345870
22072,0.993164,-0.016602,0.012085,0.999811,-0.001961,-0.013463,0.999903,0.000000,-0.630000,0.350000,0.007210,-0.129150,0.275870
22122,0.991821,-0.015503,0.011841,0.998474,-0.000865,-0.013705,0.998569,0.000000,-0.560000,0.420000,0.007210,-0.059150,0.345870
22172,0.992554,-0.016357,0.010742,0.999214,-0.001719,-0.014794,0.999325,0.000000,-0.630000,0.350000,0.007210,-0.129150,0.275870
22222,0.992310,-0.016235,0.011353,0.998965,-0.001596,-0.014189,0.999067,0.000000,-0.700000,0.350000,0.007210,-0.199150,0.275870
22272,0.992676,-0.015625,0.011719,0.999327,-0.000987,-0.013826,0.999423,-0.070000,-0.630000,0.350000,-0.062790,-0.129150,0.275870
22322,0.993286,-0.015503,0.011841,0.999934,-0.000865,-0.013705,1.000028,-0.070000,-0.630000,0.420000,-0.062790,-0.129150,0.345870
22372,0.992798,-0.015747,0.011597,0.999450,-0.001109,-0.013947,0.999548,-0.070000,-0.630000,0.350000,-0.062790,-0.129150,0.27570
22424,0.993286,-0.017334,0.010132,0.999950,-0.002695,-0.015399,1.000072,0.000000,-0.630000,0.420000,0.007210,-0.129150,0.345870
22475,0.993042,-0.015869,0.011475,0.999694,-0.001231,-0.014068,0.999794,0.000000,-0.630000,0.350000,0.007210,-0.129150,0.275870
22525,0.993408,-0.017822,0.010742,1.000066,-0.003182,-0.014794,1.000180,0.000000,-0.630000,0.350000,0.007210,-0.129150,0.275870
22575,0.992676,-0.015991,0.014282,0.999305,-0.001348,-0.011284,0.999369,0.000000,-0.700000,0.350000,0.007210,-0.199150,0.275870
22625,0.992187,-0.016113,0.010620,0.998850,-0.001476,-0.014915,0.998963,-0.070000,-0.560000,0.420000,-0.062790,-0.059150,0.345870
22675,0.992676,-0.016968,0.011475,0.999330,-0.002328,-0.014068,0.999431,-0.070000,-0.560000,0.420000,-0.062790,-0.059150,0.345870
22725,0.992554,-0.015015,0.008911,0.999230,-0.000381,-0.016609,0.999368,0.000000,-0.630000,0.280000,0.007210,-0.129150,0.205870
22775,0.992676,-0.015747,0.012817,0.999317,-0.001107,-0.012736,0.999399,0.000000,-0.770000,0.490000,0.007210,-0.269150,0.415870
22826,0.993164,-0.015381,0.012329,0.999808,-0.000742,-0.013221,0.999896,0.000000,-0.630000,0.350000,0.007210,-0.129150,0.275870
22876,0.993286,-0.016235,0.012695,0.999927,-0.001595,-0.012858,1.000011,0.000000,-0.630000,0.490000,0.007210,-0.12950,0.415870
22928,0.992187,-0.018311,0.009766,0.998858,-0.003671,-0.015762,0.998989,0.000000,-0.630000,0.280000,0.007210,-0.129150,0.205870
22978,0.992187,-0.015625,0.014282,0.998818,-0.000983,-0.011284,0.998882,0.000000,-0.700000,0.420000,0.007210,-0.199150,0.345870
23028,0.992798,-0.016479,0.012085,0.999446,-0.001839,-0.013463,0.999538,0.000000,-0.630000,0.350000,0.007210,-0.129150,0.275870
23078,0.992920,-0.016357,0.011230,0.999575,-0.001719,-0.014310,0.999679,0.000000,-0.560000,0.490000,0.007210,-0.059150,0.415870
23129,0.992310,-0.016968,0.010376,0.998974,-0.002329,-0.015157,0.999092,0.000000,-0.560000,0.350000,0.007210,-0.059150,0.275870
23179,0.991699,-0.016235,0.010254,0.998367,-0.001598,-0.015278,0.998485,0.000000,-0.630000,0.350000,0.007210,-0.129150,0.275870
23229,0.991821,-0.014282,0.012329,0.998470,0.000355,-0.013221,0.998557,0.000000,-0.700000,0.350000,0.007210,-0.199150,0.275870
23281,0.993042,-0.016479,0.013550,0.999676,-0.001837,-0.012010,0.999750,-0.070000,-0.630000,0.420000,-0.062790,-0.129150,0.345870
23331,0.992920,-0.015991,0.012085,0.999567,-0.001352,-0.013463,0.999659,0.000000,-0.560000,0.350000,0.007210,-0.059150,0.275870
23381,0.992676,-0.016724,0.008545,0.999355,-0.002088,-0.016972,0.999501,-0.070000,-0.560000,0.420000,-0.062790,-0.059150,0.345870
23432,0.991333,-0.015137,0.008179,0.998020,-0.000504,-0.017335,0.998170,0.000000,-0.630000,0.280000,0.007210,-0.129150,0.205870
23482,0.993286,-0.016113,0.011719,0.999935,-0.001474,-0.013826,1.000032,0.000000,-0.700000,0.420000,0.007210,-0.199150,0.345870
23532,0.993042,-0.014893,0.012573,0.999684,-0.000254,-0.012979,0.999769,0.000000,-0.630000,0.350000,0.007210,-0.129150,0.275870
23582,0.991943,-0.015625,0.011108,0.998602,-0.000987,-0.014431,0.998707,0.000000,-0.630000,0.420000,0.007210,-0.129150,0.345870
23632,0.992798,-0.015015,0.013672,0.999431,-0.000374,-0.011889,0.999502,0.000000,-0.560000,0.350000,0.007210,-0.059150,0.275870
23682,0.991943,-0.016846,0.010986,0.998604,-0.002206,-0.014552,0.998712,-0.070000,-0.630000,0.280000,-0.062790,-0.129150,0.205870
23732,0.992187,-0.013794,0.010742,0.998848,0.000840,-0.014794,0.998958,0.000000,-0.630000,0.350000,0.007210,-0.129150,0.275870
23782,0.992676,-0.017456,0.010620,0.999337,-0.002816,-0.014915,0.999452,0.000000,-0.700000,0.420000,0.007210,-0.199150,0.345870
23832,0.992432,-0.015381,0.010864,0.999091,-0.000744,-0.014673,0.999199,0.000000,-0.630000,0.350000,0.007210,-0.129150,0.275870
23882,0.991943,-0.016968,0.012207,0.998593,-0.002326,-0.013342,0.998685,-0.070000,-0.63000,0.420000,-0.062790,-0.129150,0.345870
23936,0.992554,-0.014404,0.011353,0.999208,0.000232,-0.014189,0.999309,0.000000,-0.630000,0.280000,0.007210,-0.129150,0.205870
23986,0.992310,-0.015381,0.010498,0.998973,-0.000745,-0.015036,0.999086,0.000000,-0.630000,0.420000,0.007210,-0.129150,0.345870
24036,0.992676,-0.016846,0.012451,0.999321,-0.002204,-0.013100,0.999409,0.000000,-0.630000,0.420000,0.007210,-0.129150,0.345870
24086,0.992676,-0.016113,0.010376,0.999339,-0.001476,-0.015157,0.999455,0.000000,-0.700000,0.280000,0.007210,-0.199150,0.205870
24136,0.993042,-0.015137,0.012817,0.999682,-0.000497,-0.012736,0.999763,0.000000,-0.700000,0.420000,0.007210,-0.199150,0.345870
24186,0.992676,-0.016846,0.012085,0.999324,-0.002205,-0.013463,0.999417,-0.070000,-0.630000,0.350000,-0.062790,-0.129150,0.275870
24237,0.993408,-0.015625,0.011841,1.000056,-0.000986,-0.013705,1.000150,-0.070000,-0.630000,0.490000,-0.062790,-0.129150,0.415870
24287,0.992920,-0.018799,0.011597,0.999572,-0.004155,-0.013947,0.999678,0.000000,-0.630000,0.350000,0.007210,-0.129150,0.275870
24337,0.992798,-0.015381,0.012329,0.999443,-0.000742,-0.013221,0.999531,0.000000,-0.630000,0.350000,0.007210,-0.129150,0.275870
24388,0.993042,-0.015869,0.010864,0.999699,-0.001232-0.014673,0.999808,0.000000,-0.560000,0.420000,0.007210,-0.059150,0.345870
24442,0.991943,-0.015015,0.011353,0.998600,-0.000378,-0.014189,0.998701,0.000000,-0.630000,0.420000,0.007210,-0.129150,0.345870
24492,0.992065,-0.016602,0.010010,0.998734,-0.001964,-0.015520,0.998857,-0.070000,-0.630000,0.420000,-0.062790,-0.129150,0.345870
24542,0.992798,-0.016602,0.011475,0.999451,-0.001962,-0.014068,0.999552,0.000000,-0.700000,0.350000,0.007210,-0.199150,0.275870
24592,0.993042,-0.014648,0.014160,0.999670,-0.000008,-0.011405,0.999735,0.000000,-0.630000,0.350000,0.007210,-0.129150,0.275870
24644,0.993042,-0.016113,0.011963,0.999690,-0.001474,-0.013584,0.999783,0.000000,-0.560000,0.350000,0.007210,-0.059150,0.275870
24694,0.992554,-0.015869,0.008789,0.999231,-0.001235,-0.016730,0.999372,0.000000,-0.630000,0.350000,0.007210,-0.129150,0.275870
24744,0.992065,-0.016724,0.009644,0.998737,-0.002086,-0.015883,0.998866,-0.070000,-0.700000,0.420000,-0.062790,-0.199150,0.345870
24794,0.993042,-0.015625,0.011108,0.999697,-0.000987,-0.014431,0.999802,0.000000,-0.700000,0.350000,0.007210,-0.199150,0.275870
24844,0.992310,-0.015259,0.010986,0.998968,-0.000622,-0.014552,0.999074,0.000000,-0.630000,0.350000,0.007210,-0.129150,0.275870
24894,0.992920,-0.05503,0.011108,0.999576,-0.000866,-0.014431,0.999680,0.000000,-0.630000,0.350000,0.007210,-0.129150,0.275870
24947,0.993286,-0.016968,0.010498,0.999946,-0.002329,-0.015036,1.000062,0.000000,-0.700000,0.420000,0.007210,-0.199150,0.345870
24997,0.993042,-0.015991,0.012695,0.999684,-0.001351,-0.012858,0.999767,-0.070000,-0.630000,0.350000,-0.062790,-0.129150,0.275870
25047,0.992920,-0.015137,0.010742,0.999579,-0.000501,-0.014794,0.999688,0.000000,-0.560000,0.350000,0.007210,-0.059150,0.275870
25097,0.991211,-0.016479,0.009644,0.997886,-0.001843,-0.015883,0.998014,0.000000,-0.630000,0.350000,0.007210,-0.129150,0.275870
25147,0.991211,-0.015503,0.010498,0.997878,-0.000866,-0.015036,0.997992,0.000000,-0.700000,0.420000,0.007210,-0.199150,0.345870
25197,0.993652,-0.015625,0.011475,1.000302,-0.000987,-0.014068,1.000402,0.000000,-0.700000,0.420000,0.007210,-0.199150,0.345870
25247,0.993042,-0.016113,0.012939,0.999681,-0.001472,-0.012615,0.999762,-0.070000,-0.630000,0.350000,-0.062790,-0.129150,0.275870
25297,0.992798,-0.015747,0.013550,0.999433,-0.001106,-0.012010,0.999506,0.000000,-0.630000,0.350000,0.007210,-0.129150,0.275870
25347,0.992676,-0.016113,0.010986,0.999334,-0.001475,-0.014552,0.999441,0.000000,-0.630000,0.350000,0.007210,-0.129150,0.275870
25397,0.992676,-0.16357,0.010132,0.999341,-0.001720,-0.015399,0.999461,0.000000,-0.630000,0.420000,0.007210,-0.129150,0.345870
25450,0.992187,-0.016113,0.010010,0.998855,-0.001477,-0.015520,0.998977,0.000000,-0.630000,0.350000,0.007210,-0.129150,0.275870
25500,0.991943,-0.015381,0.010742,0.998606,-0.000744,-0.014794,0.998715,0.000000,-0.630000,0.350000,0.007210,-0.129150,0.275870
25551,0.993286,-0.015625,0.012329,0.999930,-0.000986,-0.013221,1.000018,0.000000,-0.700000,0.420000,0.007210,-0.199150,0.345870
25601,0.992920,-0.015259,0.012695,0.999562,-0.000620,-0.012858,0.999645,0.000000,-0.700000,0.350000,0.007210,-0.199150,0.275870
25651,0.993164,-0.015015,0.013062,0.999802,-0.000375,-0.012494,0.999880,0.000000,-0.560000,0.420000,0.007210,-0.059150,0.345870
25702,0.993042,-0.016357,0.010254,0.999705,-0.001720,-0.015278,0.999823,0.000000,-0.560000,0.280000,0.007210,-0.059150,0.205870
25752,0.992432,-0.015015,0.009033,0.999107,-0.000381,-0.016488,0.999243,-0.070000,-0.560000,0.420000,-0.062790,-0.059150,0.345870
25802,0.993164,-0.016357,0.009033,0.999837,-0.001722,-0.016488,0.999975,0.000000,-0.700000,0.420000,0.007210,-0.199150,0.345870
25852,0.992798,-0.014404,0.011108,0.999454,0.000231,-0.014431,0.999558,0.000000,-0.700000,0.350000,0.007210,-0.199150,0.275870
25902,0.992065,-0.015747,0.012207,0.998715,-0.001108,-0.013342,0.998804,0.000000,-0.700000,0.350000,0.007210,-0.199150,0.275870
25952,0.992310,-0.015503,0.011719,0.998962,-0.000865,-0.013826,0.999058,0.000000,-0.630000,0.350000,0.007210,-0.129150,0.275870
26002,0.991943,-0.015503,0.011475,0.998599,-0.000865,-0.014068,0.998699,0.000000,-0.560000,0.350000,0.007210,-0.059150,0.275870
26054,0.991577,-0.015625,0.009644,0.998250,-0.000990,-0.015883,0.998377,-0.070000,-0.560000,0.350000,-0.062790,-0.059150,0.275870
26104,0.991943,-0.016113,0.009888,0.998613,-0.001477,-0.015641,0.998737,0.000000,-0.700000,0.350000,0.007210,-0.199150,0.275870
26154,0.993530,-0.016968,0.011108,1.000184,-0.002328,-0.014431,1.000291,0.000000,-0.700000,0.420000,0.007210,-0.199150,0.345870
26205,0.993042,-0.014893,0.013184,0.999679,-0.000253,-0.012373,0.999756,0.000000,-0.700000,0.350000,0.007210,-0.199150,0.275870
26255,0.992798,-0.015747,0.012451,0.999442,-0.001107,-0.013100,0.999529,-0.070000,-0.630000,0.420000,-0.062790,-0.129150,0.345870
26305,0.992187,-0.016235,0.010742,0.998849,-0.001597,-0.014794,0.998960,0.000000,-0.560000,0.350000,0.007210,-0.059150,0.275870
26355,0.992187,-0.015991,0.009155,0.998863,-0.001356,-0.016367,0.998998,0.000000,-0.560000,0.350000,0.007210,-0.059150,0.275870
26405,0.992798,0.017090,0.010254,0.999462,-0.002451,-0.015278,0.999582,-0.070000,-0.700000,0.350000,-0.062790,-0.199150,0.275870
26459,0.993042,-0.015991,0.012817,0.999682,-0.001351,-0.012736,0.999765,0.000000,-0.700000,0.420000,0.007210,-0.199150,0.345870
26509,0.993896,-0.016113,0.011719,1.000544,-0.001474,-0.013826,1.000640,0.000000,-0.700000,0.350000,0.007210,-0.199150,0.275870
26559,0.992798,-0.015259,0.012085,0.999445,-0.000620,-0.013463,0.999536,0.000000,-0.560000,0.280000,0.007210,-0.059150,0.205870
26609,0.993042,-0.017700,0.008179,0.999723,-0.003064,-0.017335,0.999878,0.000000,-0.630000,0.420000,0.007210,-0.129150,0.345870
26660,0.993408,-0.016357,0.010132,1.000071,-0.001720,-0.015399,1.000191,0.000000,-0.700000,0.420000,0.007210,-0.199150,0.345870
26710,0.992920,-0.014771,0.012451,0.999564,-0.000132,-0.013100,0.999650,-0.070000,-0.700000,0.420000,-0.062790,-0.199150,0.345870
26760,0.992798,-0.016846,0.010986,0.999455,-0.002206,-0.014552,0.999564,0.000000,-0.560000,0.420000,0.007210,-0.059150,0.345870
26811,0.993530,-0.015869,0.012207,1.000174,-0.001230,-0.013342,1.000264,0.000000,-0.560000,0.350000,0.007210,-0.059150,0.275870
26861,0.992065,-0.016357,0.010620,0.998729,-0.001719,-0.014915,0.998841,-0.070000,-0.560000,0.350000,-0.062790,-0.059150,0.275870
26911,0.992676,-0.015259,0.009644,0.999345,-0.000624,-0.015883,0.999471,0.000000,-0.630000,0.350000,0.007210,-0.129150,0.275870
26961,0.992554,-0.015991,0.010254,0.999218,-0.001354,-0.015278,0.999336,-0.070000,-0.630000,0.420000,-0.062790,-0.129150,0.345870
27011,0.992432,-0.015625,0.010986,0.999090,-0.000988,-0.014552,0.999197,-0.070000,-0.700000,0.350000,-0.062790,-0.199150,0.275870
27061,0.993408,-0.015503,0.012451,1.000050,-0.000864,-0.013100,1.000136,0.000000,-0.630000,0.420000,0.007210,-0.129150,0.345870
27111,0.992310,-0.016235,0.010864,0.998970,-0.001597,-0.014673,0.999079,0.000000,-0.560000,0.350000,0.007210,-0.059150,0.275870
27162,0.991211,-0.016357,0.010986,0.997874,-0.001719,-0.014552,0.997981,0.000000,-0.560000,0.350000,0.007210,-0.059150,0.275870
27212,0.992187,-0.015503,0.009399,0.998861,-0.000868,-0.016125,0.998991,0.000000,-0.700000,0.420000,0.007210,-0.199150,0.345870
27262,0.992554,-0.015015,0.010376,0.999217,-0.000379,-0.015157,0.999332,0.000000,-0.700000,0.350000,0.007210,-0.199150,0.275870
27313,0.991943,-0.016357,0.010010,0.998612,-0.001720,-0.015520,0.998734,0.000000,-0.630000,0.420000,0.007210,-0.129150,0.345870
27363,0.993286,-0.015991,0.011719,0.999935,-0.001352,-0.013826,1.000032,0.000000,-0.700000,0.350000,0.007210,-0.199150,0.275870
27413,0.992432,-0.015259,0.013062,0.999072,-0.000619,-0.012494,0.999150,0.000000,-0.700000,0.350000,0.007210,-0.199150,0.275870
27463,0.992310,-0.016602,0.011108,0.998968,-0.001962,-0.014431,0.999074,0.000000,-0.630000,0.350000,0.007210,-0.129150,0.275870
27513,0.992432,-0.016602,0.010498,0.999095,-0.001963,-0.015036,0.999210,-0.070000,-0.630000,0.350000,-0.062790,-0.129150,0.275870
27563,0.992676,-0.015747,0.010254,0.999340,-0.001111,-0.015278,0.999457,0.000000,-0.560000,0.350000,0.007210,-0.059150,0.275870
27613,0.992065,-0.017090,0.009277,0.998740,-0.002453,-0.016246,0.998876,-0.070000,-0.560000,0.350000,-0.062790,-0.059150,0.275870
27663,0.991821,-0.016357,0.008667,0.998502,-0.001722,-0.016851,0.998646,0.000000,-0.700000,0.350000,0.007210,-0.199150,0.275870
27713,0.993896,-0.016113,0.011719,1.000544,-0.001474,-0.013826,1.000640,-0.070000,-0.700000,0.350000,-0.062790,-0.199150,0.275870
27763,0.992554,-0.016602,0.010864,0.999213,-0.001963,-0.014673,0.999323,0.000000,-0.560000,0.350000,0.007210,-0.059150,0.275870
27814,0.991943,-0.016235,0.010864,0.998605,-0.001597,-0.014673,0.998714,0.000000,-0.630000,0.350000,0.007210,-0.129150,0.275870
27864,0.993164,-0.016357,0.009888,0.999830,-0.001720,-0.015641,0.999954,0.000000,-0.560000,0.350000,0.007210,-0.059150,0.275870
27914,0.992187,-0.015503,0.009888,0.998856,-0.000867,-0.015641,0.998979,0.000000,-0.630000,0.350000,0.007210,-0.129150,0.275870
27964,0.992432,-0.014160,0.013062,0.999071,0.000478,-0.012494,0.999150,0.000000,-0.630000,0.420000,0.007210,-0.129150,0.345870
28014,0.993530,-0.017334,0.009888,1.000195,-0.002695,-0.015641,1.000321,0.000000,-0.630000,0.350000,0.007210,-0.129150,0.275870
28064,0.993530,-0.014648,0.012207,1.000174,-0.000011,-0.013342,1.000263,-0.070000,-0.700000,0.350000,-0.062790,-0.199150,0.275870
28114,0.992432,-0.016724,0.012817,0.999074,-0.002082,-0.012736,0.999158,-0.070000,-0.560000,0.420000,-0.062790,-0.059150,0.345870
28165,0.992920,-0.015869,0.010742,0.999579,-0.001232,-0.014794,0.999689,0.000000,-0.630000,0.350000,0.007210,-0.129150,0.275870
28215,0.992310,-0.016479,0.009521,0.998981,-0.001843,-0.016004,0.999111,-0.070000,-0.630000,0.420000,-0.062790,-0.129150,0.345870
28265,0.992187,-0.017090,0.011230,0.998845,-0.002450,-0.014310,0.998951,0.000000,-0.630000,0.350000,0.007210,-0.129150,0.275870
28316,0.993042,-0.014160,0.011475,0.999694,0.000476,-0.014068,0.999793,0.000000,-0.700000,0.350000,0.007210,-0.199150,0.275870
28366,0.992554,-0.017212,0.011475,0.999208,-0.002571,-0.014068,0.999310,0.000000,-0.630000,0.420000,0.007210,-0.129150,0.345870
28416,0.993286,-0.016113,0.010742,0.999944,-0.001475,-0.014794,1.000054,0.000000,-0.630000,0.280000,0.007210,-0.129150,0.205870
28467,0.992554,-0.016846,0.011230,0.999210,-0.002206,-0.014310,0.999315,0.000000,-0.630000,0.420000,0.007210,-0.129150,0.345870
28517,0.992554,-0.016235,0.010132,0.999219,-0.001598,-0.015399,0.999339,0.000000,-0.630000,0.280000,0.007210,-0.129150,0.205870
28567,0.992920,-0.014648,0.010864,0.999577,-0.000013,-0.014673,0.999685,0.000000,-0.630000,0.420000,0.007210,-0.129150,0.345870
28617,0.992187,-0.017090,0.011353,0.998844,-0.002450,-0.014189,0.998948,0.000000,-0.630000,0.350000,0.007210,-0.129150,0.275870
28667,0.992432,-0.015503,0.010620,0.999093,-0.000866,-0.014915,0.999205,0.000000,-0.630000,0.420000,0.007210,-0.129150,0.345870
28717,0.992920,-0.017090,0.010254,0.999583,-0.002451,-0.015278,0.999703,-0.070000,-0.630000,0.420000,-0.062790,-0.129150,0.345870
28767,0.993286,-0.015259,0.010254,0.999948,-0.000623,-0.015278,1.000065,0.000000,-0.630000,0.280000,0.007210,-0.129150,0.205870
28817,0.992310,-0.016357,0.010742,0.998971,-0.001719,-0.014794,0.999082,-0.070000,-0.700000,0.420000,-0.062790,-0.199150,0.345870
28867,0.991455,-0.015869,0.011597,0.998112,-0.001230,-0.013947,0.998210,0.000000,-0.630000,0.280000,0.007210,-0.129150,0.205870
28917,0.992310,-0.015259,0.011597,0.998963,-0.000621,-0.013947,0.999061,0.000000,-0.630000,0.350000,0.007210,-0.129150,0.275870
28969,0.993774,-0.017456,0.011597,1.000423,-0.002815,-0.013947,1.000525,-0.070000,-0.630000,0.350000,-0.062790,-0.129150,0.275870
29019,0.992798,-0.016479,0.009888,0.999465,-0.001842,-0.015641,0.999589,0.000000,-0.630000,0.350000,0.007210,-0.129150,0.275870
29069,0.991943,-0.016479,0.010986,0.998604,-0.001841,-0.014552,0.998712,0.000000,-0.700000,0.420000,0.007210,-0.199150,0.345870
29119,0.992554,-0.017578,0.011230,0.999210,-0.002937,-0.014310,0.999317,0.000000,-0.630000,0.350000,0.007210,-0.129150,0.275870
29169,0.993164,-0.014526,0.011597,0.999814,0.000110,-0.013947,0.999912,0.000000,-0.700000,0.420000,0.007210,-0.199150,0.345870
29219,0.992187,-0.018311,0.010620,0.998851,-0.003669,-0.014915,0.998969,0.000000,-0.630000,0.420000,0.007210,-0.129150,0.345870
29269,0.991699,-0.015015,0.009277,0.998375,-0.000381,-0.016246,0.998507,0.000000,-0.630000,0.280000,0.007210,-0.129150,0.205870
29319,0.992920,-0.017822,0.010376,0.999583,-0.003182,-0.015157,0.999703,0.000000,-0.700000,0.420000,0.007210,-0.199150,0.345870
29369,0.993652,-0.015137,0.012573,1.000292,-0.000498,-0.012979,1.000377,0.000000,-0.630000,0.350000,0.007210,-0.129150,0.275870
29419,0.992187,-0.016235,0.010376,0.998852,-0.001598,-0.015157,0.998969,0.000000,-0.630000,0.420000,0.007210,-0.129150,0.345870
29469,0.992310,-0.016357,0.009277,0.998984,-0.001721,-0.016246,0.999117,0.000000,-0.630000,0.350000,0.007210,-0.129150,0.275870
29519,0.992065,-0.015625,0.010864,0.998726,-0.000988,-0.014673,0.998834,0.000000,-0.630000,0.420000,0.007210,-0.129150,0.345870
29569,0.992554,-0.016846,0.010010,0.999221,-0.002208,-0.015520,0.999344,0.000000,-0.630000,0.350000,0.007210,-0.129150,0.275870
29619,0.992310,-0.016479,0.010254,0.998975,-0.001842,-0.015278,0.999094,-0.070000,-0.630000,0.350000,-0.062790,-0.129150,0.275870
29669,0.992432,-0.015625,0.009155,0.999106,-0.000990,-0.016367,0.999241,-0.070000,-0.630000,0.420000,-0.062790,-0.129150,0.345870
29719,0.992187,-0.017578,0.010498,0.998852,-0.002938,-0.015036,0.998969,0.000000,-0.630000,0.350000,0.007210,-0.129150,0.275870
29769,0.992798,-0.014771,0.011353,0.999452,-0.000134,-0.014189,0.999552,0.000000,-0.700000,0.420000,0.007210,-0.199150,0.345870
29821,0.992920,-0.016357,0.011230,0.999575,-0.001719,-0.014310,0.999679,0.000000,-0.630000,0.350000,0.007210,-0.129150,0.275870
29871,0.993530,-0.015625,0.010132,1.000192,-0.000989,-0.015399,1.000311,0.000000,-0.630000,0.420000,0.007210,-0.129150,0.345870
29921,0.992798,-0.017212,0.009277,0.999470,-0.002574,-0.016246,0.999606,0.000000,-0.630000,0.350000,0.007210,-0.129150,0.275870
29972,0.992065,-0.015259,0.010254,0.998731,-0.000623,-0.015278,0.998848,-0.070000,-0.630000,0.280000,-0.062790,-0.129150,0.205870
30022,0.992920,-0.016113,0.011475,0.999573,-0.001474,-0.014068,0.999673,0.000000,-0.630000,0.420000,0.007210,-0.129150,0.345870
30072,0.993286,-0.016357,0.010010,0.999950,-0.001720,-0.015520,1.000072,0.000000,-0.630000,0.350000,0.007210,-0.129150,0.275870
30122,0.993042,-0.015503,0.010010,0.999707,-0.000867,-0.015520,0.999828,0.000000,-0.630000,0.420000,0.007210,-0.129150,0.345870
30172,0.992676,-0.016724,0.010254,0.999340,-0.002086,-0.015278,0.999459,0.000000,-0.630000,0.350000,0.007210,-0.129150,0.275870
30222,0.992920,-0.016968,0.009277,0.999592,-0.002331,-0.016246,0.999727,-0.070000,-0.630000,0.350000,-0.062790,-0.129150,0.275870
30272,0.992554,-0.014893,0.010254,0.999218,-0.000257,-0.015278,0.999335,0.000000,-0.630000,0.420000,0.007210,-0.129150,0.345870
30322,0.992432,-0.016968,0.010376,0.999096,-0.002329,-0.015157,0.999213,0.000000,-0.630000,0.350000,0.007210,-0.129150,0.275870
30372,0.992798,-0.015503,0.011841,0.999448,-0.000865,-0.013705,0.999542,0.000000,-0.630000,0.350000,0.007210,-0.129150,0.275870
30422,0.993408,-0.016846,0.011475,1.000059,-0.002206,-0.014068,1.000161,-0.070000,-0.630000,0.350000,-0.062790,-0.129150,0.275870
30474,0.993042,-0.014526,0.010620,0.999701,0.000109,-0.014915,0.999812,0.000000,-0.560000,0.350000,0.007210,-0.059150,0.275870
30524,0.992554,-0.017578,0.008667,0.999233,-0.002941,-0.016851,0.999379,-0.070000,-0.630000,0.420000,-0.062790,-0.129150,0.345870
30574,0.992676,-0.015747,0.010254,0.999340,-0.001111,-0.015278,0.999457,0.000000,-0.630000,0.350000,0.007210,-0.129150,0.275870
30624,0.992676,-0.015381,0.010864,0.999334,-0.000744,-0.014673,0.999442,0.000000,-0.630000,0.420000,0.007210,-0.129150,0.345870
30674,0.992310,-0.015869,0.011597,0.998963,-0.001230,-0.013947,0.999061,0.000000,-0.630000,0.350000,0.007210,-0.129150,0.275870
30724,0.993164,-0.016724,0.011475,0.999816,-0.002084,-0.014068,0.999917,0.000000,-0.630000,0.350000,0.007210,-0.129150,0.275870
30774,0.991943,-0.017456,0.009521,0.998617,-0.002818,-0.016004,0.998749,0.000000,-0.630000,0.350000,0.007210,-0.129150,0.275870
30824,0.992310,-0.015625,0.008789,0.998988,-0.000991,-0.016730,0.999128,-0.070000,-0.560000,0.350000,-0.062790,-0.059150,0.275870
30874,0.993774,-0.016724,0.010498,1.000433,-0.002085,-0.015036,1.000548,0.000000,-0.700000,0.420000,0.007210,-0.199150,0.345870
30924,0.993164,-0.015137,0.012329,0.999808,-0.000498,-0.013221,0.999896,0.000000,-0.630000,0.35000,0.007210,-0.129150,0.275870
30977,0.992432,-0.016724,0.010742,0.999093,-0.002085,-0.014794,0.999204,0.000000,-0.630000,0.420000,0.007210,-0.129150,0.345870
31027,0.992554,-0.017578,0.008423,0.999235,-0.002941,-0.017093,0.999385,0.000000,-0.630000,0.280000,0.007210,-0.129150,0.205870
31077,0.993652,-0.015259,0.011108,1.000305,-0.000622,-0.014431,1.000410,-0.070000,-0.630000,0.420000,-0.062790,-0.129150,0.345870
31127,0.993408,-0.017212,0.010742,1.000066,-0.002572,-0.014794,1.000179,0.000000,-0.630000,0.350000,0.007210,-0.129150,0.275870
31177,0.992310,-0.015381,0.010986,0.998968,-0.000744,-0.014552,0.999075,-0.070000,-0.700000,0.350000,-0.062790,-0.199150,0.275870
31227,0.992798,-0.016724,0.012451,0.999443,-0.002082,-0.013100,0.999531,0.000000,-0.630000,0.420000,0.007210,-0.129150,0.345870
31278,0.992798,-0.015625,0.012329,0.999443,-0.000986,-0.013221,0.999531,0.000000,-0.560000,0.350000,0.007210,-0.059150,0.275870
31328,0.991943,-0.015625,0.008789,0.998623,-0.000991,-0.016730,0.998763,-0.070000,-0.560000,0.420000,-0.062790,-0.059150,0.345870
31378,0.992432,-0.016968,0.010498,0.999095,-0.002329,-0.015036,0.999211,0.000000,-0.700000,0.420000,0.007210,-0.199150,0.345870
31428,0.992798,-0.015015,0.012695,0.999440,-0.000376,-0.012858,0.999523,0.000000,-0.700000,0.350000,0.007210,-0.199150,0.275870
31478,0.993042,-0.015869,0.012939,0.999681,-0.001229,-0.012615,0.999762,0.000000,-0.630000,0.350000,0.007210,-0.129150,0.275870
31528,0.993408,-0.015503,0.010742,1.000065,-0.000866,-0.014794,1.000175,0.000000,-0.560000,0.350000,0.007210,-0.059150,0.275870
31578,0.992310,-0.015503,0.010864,0.998969,-0.000866,-0.014673,0.999078,0.000000,-0.630000,0.420000,0.007210,-0.129150,0.345870
31629,0.992676,-0.016479,0.011719,0.999327,-0.001840,-0.013826,0.999425,-0.070000,-0.630000,0.350000,-0.062790,-0.129150,0.275870
31679,0.992554,-0.015381,0.009277,0.999227,-0.000746,-0.016246,0.999359,0.000000,-0.630000,0.350000,0.007210,-0.129150,0.275870
31729,0.992065,-0.015259,0.011353,0.998722,-0.000622,-0.014189,0.998823,-0.070000,-0.770000,0.420000,-0.062790,-0.269150,0.345870
31780,0.993774,-0.015747,0.011475,1.000424,-0.001109,-0.014068,1.000524,0.000000,-0.700000,0.350000,0.007210,-0.199150,0.275870
31830,0.992187,-0.015991,0.013184,0.998828,-0.001350,-0.012373,0.998905,0.000000,-0.630000,0.350000,0.007210,-0.129150,0.275870
31880,0.992187,-0.017212,0.010498,0.998852,-0.002573,-0.015036,0.998968,0.000000,-0.630000,0.350000,0.007210,-0.129150,0.275870
31930,0.992554,-0.016846,0.009888,0.999222,-0.002208,-0.015641,0.999346,0.000000,-0.630000,0.420000,0.007210,-0.129150,0.345870
31980,0.992676,-0.016602,0.010010,0.999342,-0.001964,-0.015520,0.999465,0.000000,-0.700000,0.420000,0.007210,-0.199150,0.345870
32030,0.992187,-0.016602,0.011963,0.998839,-0.001961,-0.013584,0.998933,0.000000,-0.630000,0.350000,0.007210,-0.129150,0.275870
32080,0.992920,-0.016357,0.012329,0.999565,-0.001717,-0.013221,0.999654,0.000000,-0.700000,0.350000,0.007210,-0.199150,0.275870
32130,0.993652,-0.016235,0.012695,1.000292,-0.001595,-0.012858,1.000376,-0.070000,-0.630000,0.420000,-0.062790,-0.129150,0.345870
32180,0.992676,-0.016235,0.011475,0.999329,-0.001596,-0.014068,0.999430,0.000000,-0.560000,0.350000,0.007210,-0.059150,0.275870
32230,0.992676,-0.016113,0.009033,0.999351,-0.001478,-0.016488,0.999488,0.000000,-0.560000,0.350000,0.007210,-0.059150,0.275870
32280,0.992310,-0.015625,0.010376,0.998974,-0.000989,-0.015157,0.999089,0.000000,-0.630000,0.350000,0.007210,-0.129150,0.275870
32330,0.992676,-0.015381,0.011719,0.999327,-0.000743,-0.013826,0.999423,-0.070000,-0.700000,0.420000,-0.062790,-0.199150,0.345870
32380,0.992798,-0.016357,0.014038,0.999429,-0.001714,-0.011526,0.999497,0.000000,-0.630000,0.350000,0.007210,-0.129150,0.275870
32430,0.992554,-0.015991,0.011719,0.999205,-0.001352,-0.013826,0.999302,0.000000,-0.560000,0.420000,0.007210,-0.059150,0.345870
32480,0.993286,-0.016357,0.010864,0.999943,-0.001719,-0.014673,1.000052,0.000000,-0.630000,0.350000,0.007210,-0.129150,0.275870
32530,0.992676,-0.016479,0.011475,0.999329,-0.001840,-0.014068,0.999430,0.000000,-0.630000,0.420000,0.007210,-0.129150,0.345870
32580,0.992554,-0.016235,0.010132,0.999219,-0.001598,-0.015399,0.999339,0.000000,-0.630000,0.350000,0.007210,-0.129150,0.275870
32631,0.992798,-0.016113,0.009888,0.999465,-0.001477,-0.015641,0.999588,-0.070000,-0.630000,0.420000,-0.062790,-0.129150,0.345870
32681,0.993042,-0.015503,0.011963,0.999690,-0.000864,-0.013584,0.999782,0.000000,-0.700000,0.350000,0.007210,-0.199150,0.275870
32731,0.993164,-0.015869,0.012939,0.999803,-0.001229,-0.012615,0.999883,-0.070000,-0.700000,0.420000,-0.062790,-0.199150,0.345870
32782,0.993408,-0.017090,0.010620,1.000067,-0.002451,-0.014915,1.000181,0.000000,-0.560000,0.350000,0.007210,-0.059150,0.275870
32832,0.992065,-0.016113,0.010498,0.998730,-0.001476,-0.015036,0.998844,-0.070000,-0.560000,0.350000,-0.062790,-0.059150,0.275870
32882,0.992798,-0.016602,0.010376,0.999461,-0.001964,-0.015157,0.999578,0.000000,-0.630000,0.350000,0.007210,-0.129150,0.275870
32932,0.993286,-0.016602,0.011719,0.999936,-0.001962,-0.013826,1.000033,0.000000,-0.700000,0.420000,0.007210,-0.199150,0.345870
32982,0.991943,-0.014526,0.011841,0.998596,0.000110,-0.013705,0.998690,-0.070000,-0.630000,0.420000,-0.062790,-0.129150,0.345870
33032,0.992920,-0.016479,0.011719,0.999571,-0.001840,-0.013826,0.999668,0.000000,-0.560000,0.420000,0.007210,-0.059150,0.345870
33082,0.993164,-0.015869,0.010376,0.999825,-0.001232,-0.015157,0.999941,0.000000,-0.560000,0.280000,0.007210,-0.059150,0.205870
33132,0.992310,-0.016846,0.010620,0.998972,-0.002207,-0.014915,0.999086,0.000000,-0.630000,0.420000,0.007210,-0.129150,0.345870
33182,0.992554,-0.015869,0.010498,0.999216,-0.001232,-0.015036,0.999330,0.000000,-0.630000,0.350000,0.007210,-0.129150,0.275870
33232,0.993530,-0.015503,0.013428,1.000164,-0.000862,-0.012131,1.000237,0.000000,-0.630000,0.420000,0.007210,-0.129150,0.345870
33283,0.993530,-0.016235,0.013062,1.000167,-0.001594,-0.012494,1.000246,0.000000,-0.630000,0.350000,0.007210,-0.129150,0.275870
33333,0.993286,-0.015747,0.012451,0.999929,-0.001107,-0.013100,1.000015,-0.070000,-0.560000,0.350000,-0.062790,-0.059150,0.275870
33383,0.992554,-0.016235,0.010254,0.999218,-0.001598,-0.015278,0.999336,0.000000,-0.630000,0.420000,0.007210,-0.129150,0.345870
33433,0.993286,-0.016846,0.011841,0.999934,-0.002205,-0.013705,1.000031,0.000000,-0.700000,0.420000,0.007210,-0.199150,0.345870
33484,0.991699,-0.015259,0.012817,0.998344,-0.000619,-0.012736,0.998426,0.000000,-0.700000,0.350000,0.007210,-0.199150,0.275870
33534,0.993286,-0.016479,0.011353,0.999939,-0.001840,-0.014189,1.000041,0.000000,-0.630000,0.420000,0.007210,-0.129150,0.345870
33584,0.992676,-0.015869,0.013062,0.999315,-0.001228,-0.012494,0.999394,-0.070000,-0.630000,0.350000,-0.062790,-0.129150,0.275870
33634,0.993652,-0.016968,0.013062,1.000289,-0.002325,-0.012494,1.000370,0.000000,-0.630000,0.420000,0.007210,-0.129150,0.345870
33684,0.993164,-0.015869,0.012085,0.999810,-0.001230,-0.013463,0.999902,0.000000,-0.630000,0.280000,0.007210,-0.129150,0.205870
33734,0.992187,-0.015625,0.011353,0.998844,-0.000987,-0.014189,0.998945,0.000000,-0.630000,0.420000,0.007210,-0.129150,0.345870
33785,0.992798,-0.016602,0.010742,0.999457,-0.001963,-0.014794,0.999569,0.000000,-0.630000,0.350000,0.007210,-0.129150,0.275870
33835,0.992920,-0.015869,0.012207,0.999566,-0.001230,-0.013342,0.999656,0.000000,-0.700000,0.420000,0.007210,-0.199150,0.345870
33885,0.993530,-0.016113,0.011841,1.000178,-0.001474,-0.013705,1.000273,0.000000,-0.560000,0.350000,0.007210,-0.059150,0.275870
33935,0.991821,-0.015259,0.011230,0.998480,-0.000622,-0.014310,0.998582,0.000000,-0.630000,0.350000,0.007210,-0.129150,0.275870
33985,0.993042,-0.015137,0.011841,0.999691,-0.000499,-0.013705,0.999785,0.000000,-0.630000,0.350000,0.007210,-0.129150,0.275870
34035,0.992554,-0.016235,0.012817,0.999196,-0.001594,-0.012736,0.999278,0.000000,-0.700000,0.420000,0.007210,-0.199150,0.345870
34085,0.992554,-0.016724,0.011841,0.999205,-0.002083,-0.013705,0.999301,0.000000,-0.630000,0.350000,0.007210,-0.129150,0.275870
34136,0.993286,-0.015991,0.013184,0.999923,-0.001350,-0.012373,1.000000,-0.070000,-0.630000,0.420000,-0.062790,-0.129150,0.345870
34186,0.992920,-0.016113,0.011597,0.999572,-0.001474,-0.013947,0.999670,0.000000,-0.630000,0.350000,0.007210,-0.129150,0.275870
34236,0.993164,-0.015991,0.012207,0.999809,-0.001351,-0.013342,0.999899,0.000000,-0.630000,0.420000,0.007210,-0.129150,0.345870
34287,0.992554,-0.016357,0.011475,0.999208,-0.001718,-0.014068,0.999308,0.000000,-0.630000,0.350000,0.007210,-0.129150,0.275870
34337,0.992676,-0.015625,0.011719,0.999327,-0.000987,-0.013826,0.999423,0.000000,-0.630000,0.350000,0.007210,-0.129150,0.275870
34387,0.992187,-0.016357,0.012329,0.998835,-0.001717,-0.013221,0.998924,0.000000,-0.700000,0.420000,0.007210,-0.199150,0.345870
34438,0.992920,-0.015503,0.013062,0.999559,-0.000863,-0.012494,0.999637,0.000000,-0.630000,0.350000,0.007210,-0.129150,0.275870
34488,0.992554,-0.015991,0.012085,0.999202,-0.001352,-0.013463,0.999294,-0.070000,-0.560000,0.350000,-0.062790,-0.059150,0.275870
34538,0.993286,-0.016846,0.010986,0.999942,-0.002206,-0.014552,1.000050,0.000000,-0.630000,0.350000,0.007210,-0.129150,0.275870
34589,0.991943,-0.015625,0.011475,0.998599,-0.000987,-0.014068,0.998699,0.000000,-0.630000,0.350000,0.007210,-0.129150,0.275870
34639,0.992310,-0.016113,0.012451,0.998956,-0.001473,-0.013100,0.999043,0.000000,-0.700000,0.420000,0.007210,-0.199150,0.345870
34689,0.993164,-0.015381,0.012573,0.999806,-0.000742,-0.012979,0.999891,0.000000,-0.630000,0.350000,0.007210,-0.129150,0.275870
34739,0.992432,-0.015259,0.011353,0.999087,-0.000622,-0.014189,0.999188,-0.070000,-0.630000,0.420000,-0.062790,-0.129150,0.345870
34790,0.992798,-0.016357,0.012451,0.999443,-0.001717,-0.013100,0.999530,0.000000,-0.630000,0.350000,0.007210,-0.129150,0.275870
34840,0.992187,-0.015625,0.011230,0.998845,-0.000987,-0.014310,0.998948,-0.070000,-0.630000,0.350000,-0.062790,-0.129150,0.275870
34890,0.993042,-0.016357,0.010254,0.999705,-0.001720,-0.015278,0.999823,0.000000,-0.630000,0.350000,0.007210,-0.129150,0.275870
34941,0.992432,-0.015991,0.010742,0.999092,-0.001354,-0.014794,0.999203,0.000000,-0.700000,0.350000,0.007210,-0.199150,0.275870
34991,0.992920,-0.015991,0.012085,0.999567,-0.001352,-0.013463,0.999659,0.000000,-0.700000,0.350000,0.007210,-0.199150,0.275870
35041,0.992432,-0.016846,0.012939,0.999073,-0.002203,-0.012615,0.999155,0.000000,-0.630000,0.420000,0.007210,-0.129150,0.345870
35092,0.992676,-0.015747,0.011230,0.999331,-0.001109,-0.014310,0.999434,-0.070000,-0.560000,0.350000,-0.062790,-0.059150,0.275870
35142,0.992187,-0.016357,0.010376,0.998852,-0.001720,-0.015157,0.998969,-0.070000,-0.630000,0.350000,-0.062790,-0.129150,0.275870
35192,0.993408,-0.015869,0.010620,1.000067,-0.001232,-0.014915,1.000178,0.000000,-0.630000,0.350000,0.007210,-0.129150,0.275870
35242,0.992676,-0.016113,0.012695,0.999319,-0.001473,-0.012858,0.999402,0.000000,-0.700000,0.420000,0.007210,-0.199150,0.345870
35292,0.993286,-0.015381,0.011719,0.999935,-0.000743,-0.013826,1.000031,0.000000,-0.630000,0.350000,0.007210,-0.129150,0.275870
35342,0.993042,-0.015381,0.010864,0.999699,-0.000744,-0.014673,0.999807,-0.070000,-0.630000,0.420000,-0.062790,-0.129150,0.345870
35392,0.992676,-0.015625,0.011841,0.999326,-0.000986,-0.013705,0.999420,0.000000,-0.630000,0.350000,0.007210,-0.129150,0.275870
35442,0.992798,-0.015625,0.011841,0.999448,-0.000986,-0.013705,0.999542,0.000000,-0.630000,0.420000,0.007210,-0.129150,0.345870
35492,0.991943,-0.015747,0.010498,0.998608,-0.001110,-0.015036,0.998722,-0.070000,-0.630000,0.350000,-0.062790,-0.129150,0.275870
35542,0.992065,-0.015991,0.011108,0.998724,-0.001353,-0.014431,0.998829,0.000000,-0.630000,0.350000,0.007210,-0.129150,0.275870
35594,0.992310,-0.015869,0.011841,0.998961,-0.001230,-0.013705,0.999056,0.000000,-0.630000,0.350000,0.007210,-0.129150,0.275870
35644,0.994629,-0.015503,0.011108,1.001279,-0.000866,-0.014431,1.001383,-0.070000,-0.630000,0.420000,-0.062790,-0.129150,0.345870
35694,0.993774,-0.017090,0.011597,1.000423,-0.002449,-0.013947,1.000524,0.000000,-0.560000,0.350000,0.007210,-0.059150,0.275870
35745,0.992676,-0.015503,0.011475,0.999329,-0.000865,-0.014068,0.999429,0.000000,-0.560000,0.420000,0.007210,-0.059150,0.345870
35795,0.993286,-0.016724,0.010376,0.999947,-0.002085,-0.015157,1.000064,0.000000,-0.630000,0.350000,0.007210,-0.129150,0.275870
35845,0.992432,-0.015991,0.010620,0.999093,-0.001354,-0.014915,0.999206,-0.070000,-0.630000,0.350000,-0.062790,-0.129150,0.275870
35897,0.992798,-0.014771,0.010376,0.999460,-0.000135,-0.015157,0.999575,0.000000,-0.630000,0.350000,0.007210,-0.129150,0.275870
35947,0.992310,-0.015503,0.010986,0.998968,-0.000866,-0.014552,0.999075,0.000000,-0.630000,0.420000,0.007210,-0.129150,0.345870
35997,0.992676,-0.015381,0.012207,0.999323,-0.000742,-0.013342,0.999412,0.000000,-0.630000,0.420000,0.007210,-0.129150,0.345870
36047,0.992554,-0.015381,0.010864,0.999213,-0.000744,-0.014673,0.999321,0.000000,-0.630000,0.350000,0.007210,-0.129150,0.275870
36097,0.992432,-0.016968,0.010498,0.999095,-0.002329,-0.015036,0.999211,-0.070000,-0.630000,0.350000,-0.062790,-0.129150,0.275870
36147,0.992676,-0.014893,0.012695,0.999318,-0.000254,-0.012858,0.999401,0.000000,-0.630000,0.420000,0.007210,-0.129150,0.345870
36198,0.992554,-0.015869,0.010010,0.999220,-0.001233,-0.015520,0.999342,0.000000,-0.560000,0.350000,0.007210,-0.059150,0.275870
36248,0.992432,-0.016235,0.008423,0.999113,-0.001601,-0.017093,0.999260,0.000000,-0.630000,0.350000,0.007210,-0.129150,0.275870
36298,0.992187,-0.015991,0.010620,0.998850,-0.001354,-0.014915,0.998962,0.000000,-0.700000,0.420000,0.007210,-0.199150,0.345870
36348,0.993042,-0.015137,0.012817,0.999682,-0.000497,-0.012736,0.999763,0.000000,-0.560000,0.420000,0.007210,-0.059150,0.345870
36398,0.993286,-0.015991,0.012207,0.999931,-0.001351,-0.013342,1.000021,-0.070000,-0.630000,0.350000,-0.062790,-0.129150,0.275870
36448,0.993042,-0.015503,0.010620,0.999701,-0.000866,-0.014915,0.999813,0.000000,-0.560000,0.350000,0.007210,-0.059150,0.275870
36498,0.992920,-0.016724,0.009766,0.999588,-0.002086,-0.015762,0.999714,0.000000,-0.630000,0.420000,0.007210,-0.129150,0.345870
36548,0.993896,-0.015137,0.013306,1.000529,-0.000497,-0.012252,1.000605,0.000000,-0.700000,0.350000,0.007210,-0.199150,0.275870
36598,0.993286,-0.015381,0.012695,0.999927,-0.000741,-0.012858,1.000010,-0.070000,-0.560000,0.420000,-0.062790,-0.059150,0.345870
36648,0.991821,-0.015259,0.010376,0.998487,-0.000623,-0.015157,0.998602,0.000000,-0.630000,0.350000,0.007210,-0.129150,0.275870
36698,0.992554,-0.015991,0.010010,0.999220,-0.001355,-0.015520,0.999342,0.000000,-0.700000,0.350000,0.007210,-0.199150,0.275870
36749,0.993408,-0.016113,0.010864,1.000064,-0.001475,-0.014673,1.000173,0.000000,-0.700000,0.420000,0.007210,-0.199150,0.345870
36799,0.992920,-0.015625,0.011841,0.999569,-0.000986,-0.013705,0.999664,0.000000,-0.630000,0.350000,0.007210,-0.129150,0.275870
36849,0.992310,-0.016113,0.011353,0.998965,-0.001475,-0.014189,0.999067,-0.070000,-0.630000,0.350000,-0.062790,-0.129150,0.275870
36900,0.992676,-0.015869,0.010254,0.999340,-0.001232,-0.015278,0.999457,0.000000,-0.630000,0.280000,0.007210,-0.129150,0.205870
36950,0.992432,-0.015381,0.010986,0.999090,-0.000744,-0.014552,0.999196,0.000000,-0.700000,0.350000,0.007210,-0.199150,0.275870
37000,0.992554,-0.016479,0.011353,0.999209,-0.001840,-0.014189,0.999311,-0.070000,-0.630000,0.350000,-0.062790,-0.129150,0.275870
37051,0.992554,-0.015381,0.011475,0.999207,-0.000743,-0.014068,0.999307,0.000000,-0.630000,0.350000,0.007210,-0.129150,0.275870
37101,0.991821,-0.015869,0.011108,0.998481,-0.001231,-0.014431,0.998586,-0.070000,-0.630000,0.350000,-0.062790,-0.129150,0.275870
37151,0.993042,-0.015747,0.012085,0.999689,-0.001108,-0.013463,0.999780,-0.070000,-0.630000,0.350000,-0.062790,-0.129150,0.275870
37203,0.993652,-0.016235,0.010620,1.000310,-0.001598,-0.014915,1.000422,0.000000,-0.630000,0.350000,0.007210,-0.129150,0.275870
37253,0.993530,-0.017578,0.010742,1.000188,-0.002938,-0.014794,1.000301,-0.070000,-0.700000,0.350000,-0.062790,-0.199150,0.275870
37303,0.992676,-0.015625,0.011230,0.999331,-0.000987,-0.014310,0.999434,0.000000,-0.630000,0.350000,0.007210,-0.129150,0.275870
37354,0.993164,-0.017334,0.011353,0.999817,-0.002693,-0.014189,0.999922,-0.070000,-0.700000,0.420000,-0.062790,-0.199150,0.345870
37404,0.992432,-0.014771,0.011597,0.999085,-0.000134,-0.013947,0.999182,0.000000,-0.630000,0.280000,0.007210,-0.129150,0.205870
37454,0.992554,-0.016968,0.011597,0.999207,-0.002327,-0.013947,0.999307,-0.070000,-0.630000,0.560000,-0.062790,-0.129150,0.485870
37506,0.993286,-0.016357,0.012817,0.999926,-0.001716,-0.012736,1.000008,-0.070000,-0.630000,0.280000,-0.062790,-0.129150,0.205870
37556,0.992920,-0.017822,0.012207,0.999567,-0.003180,-0.013342,0.999661,0.000000,-0.630000,0.420000,0.007210,-0.129150,0.345870
37606,0.992798,-0.015137,0.010254,0.999461,-0.000501,-0.015278,0.999578,0.000000,-0.630000,0.280000,0.007210,-0.129150,0.205870
37657,0.992798,-0.016602,0.010986,0.999455,-0.001963,-0.014552,0.999563,0.000000,-0.700000,0.420000,0.007210,-0.199150,0.345870
37707,0.992554,-0.016113,0.012085,0.999202,-0.001474,-0.013463,0.999294,0.000000,-0.560000,0.350000,0.007210,-0.059150,0.275870
37757,0.993652,-0.016724,0.010742,1.000309,-0.002085,-0.014794,1.000420,0.000000,-0.630000,0.420000,0.007210,-0.129150,0.345870
37807,0.992676,-0.014771,0.009644,0.999345,-0.000137,-0.015883,0.999471,-0.070000,-0.630000,0.420000,-0.062790,-0.129150,0.345870
37857,0.991577,-0.017700,0.010010,0.998248,-0.003061,-0.015520,0.998373,0.000000,-0.630000,0.350000,0.007210,-0.129150,0.275870
37907,0.993286,-0.015259,0.010986,0.999941,-0.000622,-0.014552,1.000047,0.000000,-0.630000,0.350000,0.007210,-0.129150,0.275870
37957,0.993164,-0.017212,0.012329,0.999809,-0.002570,-0.013221,0.999899,0.000000,-0.630000,0.420000,0.007210,-0.129150,0.345870
38007,0.992920,-0.014893,0.011353,0.999573,-0.000256,-0.014189,0.999674,0.000000,-0.630000,0.350000,0.007210,-0.129150,0.275870
38057,0.993286,-0.017578,0.011963,0.999934,-0.002936,-0.013584,1.000030,0.000000,-0.630000,0.420000,0.007210,-0.129150,0.345870
38107,0.991943,-0.015137,0.008789,0.998623,-0.000503,-0.016730,0.998763,0.000000,-0.560000,0.280000,0.007210,-0.059150,0.205870
38157,0.992676,-0.016724,0.011841,0.999326,-0.002083,-0.013705,0.999422,-0.070000,-0.630000,0.490000,-0.062790,-0.129150,0.415870
38207,0.991699,-0.015137,0.009277,0.998375,-0.000503,-0.016246,0.998507,0.000000,-0.630000,0.210000,0.007210,-0.129150,0.135870
38257,0.993042,-0.015747,0.012451,0.999686,-0.001107,-0.013100,0.999772,-0.070000,-0.630000,0.560000,-0.062790,-0.129150,0.485870
38307,0.993408,-0.017456,0.010132,1.000071,-0.002817,-0.015399,1.000194,0.000000,-0.630000,0.210000,0.007210,-0.129150,0.135870
38357,0.993286,-0.015747,0.012207,0.999931,-0.001108,-0.013342,1.000021,-0.070000,-0.630000,0.490000,-0.062790,-0.129150,0.415870
38407,0.992798,-0.016724,0.010254,0.999462,-0.002086,-0.015278,0.999581,-0.070000,-0.630000,0.280000,-0.062790,-0.129150,0.205870
38457,0.992065,-0.015747,0.010864,0.998726,-0.001110,-0.014673,0.998835,-0.070000,-0.700000,0.350000,-0.062790,-0.199150,0.275870
38509,0.992798,-0.016113,0.011230,0.999453,-0.001475,-0.014310,0.999556,0.000000,-0.630000,0.350000,0.007210,-0.129150,0.275870
38559,0.992798,-0.018311,0.011841,0.999448,-0.003668,-0.013705,0.999549,-0.070000,-0.700000,0.350000,-0.062790,-0.199150,0.275870
38609,0.992920,-0.012817,0.011841,0.999568,0.001817,-0.013705,0.999664,0.000000,-0.560000,0.350000,0.007210,-0.059150,0.275870
38659,0.992554,-0.018555,0.009399,0.999226,-0.003915,-0.016125,0.999364,0.000000,-0.560000,0.420000,0.007210,-0.059150,0.345870
38709,0.992798,-0.013428,0.009155,0.999470,0.001203,-0.016367,0.999605,0.000000,-0.630000,0.350000,0.007210,-0.129150,0.275870
38759,0.992310,-0.018188,0.010132,0.998977,-0.003548,-0.015399,0.999102,0.000000,-0.700000,0.490000,0.007210,-0.199150,0.415870
38809,0.992310,-0.015015,0.011841,0.998961,-0.000377,-0.013705,0.999055,0.000000,-0.700000,0.280000,0.007210,-0.199150,0.205870
38859,0.992676,-0.016602,0.011719,0.999327,-0.001962,-0.013826,0.999425,0.000000,-0.630000,0.490000,0.007210,-0.129150,0.415870
38909,0.992432,-0.016357,0.011108,0.999089,-0.001719,-0.014431,0.999195,0.000000,-0.630000,0.280000,0.007210,-0.129150,0.205870
38959,0.992676,-0.015991,0.010010,0.999342,-0.001355,-0.015520,0.999463,0.000000,-0.560000,0.420000,0.007210,-0.059150,0.345870
39009,0.992676,-0.015503,0.011230,0.999331,-0.000865,-0.014310,0.999434,-0.070000,-0.630000,0.350000,-0.062790,-0.129150,0.275870
39059,0.992065,-0.016724,0.008911,0.998744,-0.002088,-0.016609,0.998884,0.000000,-0.630000,0.350000,0.007210,-0.129150,0.275870
39109,0.993408,-0.015869,0.011230,1.000061,-0.001231,-0.014310,1.000164,0.000000,-0.770000,0.420000,0.007210,-0.269150,0.345870
39159,0.992187,-0.016968,0.012451,0.998834,-0.002326,-0.013100,0.998923,0.000000,-0.560000,0.280000,0.007210,-0.059150,0.205870
39209,0.992676,-0.014160,0.010986,0.999333,0.000475,-0.014552,0.999439,-0.070000,-0.560000,0.420000,-0.062790,-0.059150,0.345870
39259,0.993530,-0.018188,0.008789,1.000205,-0.003550,-0.016730,1.000351,0.000000,-0.630000,0.420000,0.007210,-0.129150,0.345870
39309,0.992432,-0.015381,0.010376,0.999095,-0.000745,-0.015157,0.999211,-0.070000,-0.630000,0.280000,-0.062790,-0.129150,0.205870
39359,0.993042,-0.017212,0.012085,0.999689,-0.002570,-0.013463,0.999783,-0.070000,-0.700000,0.420000,-0.062790,-0.199150,0.345870
39409,0.991943,-0.013428,0.011963,0.998594,0.001207,-0.013584,0.998687,0.000000,-0.630000,0.280000,0.007210,-0.129150,0.205870
39459,0.993530,-0.016113,0.010498,1.000189,-0.001476,-0.015036,1.000303,-0.070000,-0.630000,0.490000,-0.062790,-0.129150,0.415870
39509,0.992676,-0.015747,0.011597,0.999328,-0.001109,-0.013947,0.999426,0.000000,-0.560000,0.280000,0.007210,-0.059150,0.205870
39559,0.991943,-0.017212,0.010864,0.998605,-0.002572,-0.014673,0.998716,0.000000,-0.560000,0.420000,0.007210,-0.059150,0.345870
39609,0.992432,-0.015503,0.008057,0.999116,-0.000870,-0.017456,0.999268,-0.070000,-0.630000,0.280000,-0.062790,-0.129150,0.205870
39659,0.992187,-0.015747,0.011597,0.998842,-0.001109,-0.013947,0.998940,0.000000,-0.700000,0.420000,0.007210,-0.199150,0.345870
39709,0.992187,-0.016357,0.012573,0.998833,-0.001717,-0.012979,0.998919,0.000000,-0.700000,0.350000,0.007210,-0.199150,0.275870
39759,0.993408,-0.016724,0.011353,1.000060,-0.002084,-0.014189,1.000163,-0.070000,-0.560000,0.350000,-0.062790,-0.059150,0.275870
39809,0.992187,-0.017090,0.009399,0.998861,-0.002452,-0.016125,0.998994,-0.070000,-0.700000,0.420000,-0.062790,-0.199150,0.345870
39859,0.992187,-0.016602,0.011597,0.998842,-0.001962,-0.013947,0.998941,0.000000,-0.630000,0.420000,0.007210,-0.129150,0.345870
39910,0.992554,-0.015137,0.011108,0.999210,-0.000500,-0.014431,0.999315,-0.070000,-0.700000,0.420000,-0.062790,-0.199150,0.345870
39960,0.993652,-0.016968,0.012329,1.000295,-0.002326,-0.013221,1.000385,0.000000,-0.630000,0.420000,0.007210,-0.129150,0.345870
40010,0.992554,-0.015991,0.010376,0.999217,-0.001354,-0.015157,0.999333,0.000000,-0.630000,0.350000,0.007210,-0.129150,0.275870
40060,0.992920,-0.015869,0.011230,0.999575,-0.001231,-0.014310,0.999678,-0.070000,-0.630000,0.420000,-0.062790,-0.129150,0.345870
40110,0.992920,-0.014404,0.009277,0.999591,0.000229,-0.016246,0.999723,-0.070000,-0.630000,0.350000,-0.062790,-0.129150,0.275870
40160,0.993408,-0.015259,0.009644,1.000075,-0.000624,-0.015883,1.000201,-0.070000,-0.630000,0.490000,-0.062790,-0.129150,0.415870
40210,0.993652,-0.016602,0.011963,1.000298,-0.001961,-0.013584,1.000392,0.000000,-0.630000,0.350000,0.007210,-0.129150,0.275870
40260,0.992676,-0.014526,0.011841,0.999326,0.000110,-0.013705,0.999420,-0.070000,-0.630000,0.420000,-0.062790,-0.129150,0.345870
40310,0.991333,-0.015747,0.010864,0.997996,-0.001110,-0.014673,0.998105,0.000000,-0.630000,0.350000,0.007210,-0.129150,0.275870
40360,0.993164,-0.015381,0.011597,0.999815,-0.000743,-0.013947,0.999912,0.000000,-0.630000,0.350000,0.007210,-0.129150,0.275870
40411,0.992432,-0.016235,0.010132,0.999098,-0.001598,-0.015399,0.999218,-0.070000,-0.560000,0.350000,-0.062790,-0.059150,0.275870
40461,0.992920,-0.017334,0.012085,0.999568,-0.002692,-0.013463,0.999662,0.000000,-0.630000,0.420000,0.007210,-0.129150,0.345870
40511,0.991943,-0.015869,0.009766,0.998614,-0.001233,-0.015762,0.998739,0.000000,-0.630000,0.280000,0.007210,-0.129150,0.205870
40561,0.992310,-0.015991,0.014282,0.998940,-0.001348,-0.011284,0.999004,-0.070000,-0.700000,0.490000,-0.062790,-0.199150,0.415870
40611,0.993164,-0.015137,0.012573,0.999806,-0.000498,-0.012979,0.999890,0.000000,-0.560000,0.210000,0.007210,-0.059150,0.135870
40661,0.991943,-0.015991,0.011230,0.998601,-0.001353,-0.014310,0.998705,0.000000,-0.560000,0.560000,0.007210,-0.059150,0.485870
40711,0.993408,-0.017090,0.007568,1.000093,-0.002455,-0.017940,1.000257,0.000000,-0.630000,0.350000,0.007210,-0.129150,0.275870
40761,0.991821,-0.015503,0.009155,0.998498,-0.000868,-0.016367,0.998632,-0.070000,-0.560000,0.490000,-0.062790,-0.059150,0.415870
40811,0.991577,-0.015503,0.010254,0.998245,-0.000867,-0.015278,0.998362,-0.070000,-0.700000,0.280000,-0.062790,-0.199150,0.205870
40861,0.992920,-0.015015,0.012817,0.999561,-0.000376,-0.012736,0.999642,0.000000,-0.630000,0.420000,0.007210,-0.129150,0.345870
40913,0.993530,-0.015381,0.011719,1.000178,-0.000743,-0.013826,1.000274,0.000000,-0.630000,0.350000,0.007210,-0.129150,0.275870
40963,0.992676,-0.016724,0.011963,0.999325,-0.002083,-0.013584,0.999420,-0.070000,-0.560000,0.420000,-0.062790,-0.059150,0.345870
41013,0.992187,-0.015381,0.010132,0.998854,-0.000745,-0.015399,0.998973,0.000000,-0.630000,0.280000,0.007210,-0.129150,0.205870
41064,0.992065,-0.017700,0.009399,0.998740,-0.003062,-0.016125,0.998874,0.000000,-0.630000,0.490000,0.007210,-0.129150,0.415870
41114,0.992798,-0.016479,0.010742,0.999457,-0.001841,-0.014794,0.999569,0.000000,-0.700000,0.350000,0.007210,-0.199150,0.275870
41164,0.992798,-0.016235,0.011597,0.999450,-0.001596,-0.013947,0.999548,0.000000,-0.630000,0.490000,0.007210,-0.129150,0.415870
41215,0.993042,-0.015503,0.011353,0.999695,-0.000865,-0.014189,0.999796,0.000000,-0.630000,0.280000,0.007210,-0.129150,0.205870
41265,0.993164,-0.015503,0.012329,0.999808,-0.000864,-0.013221,0.999896,0.000000,-0.630000,0.490000,0.007210,-0.129150,0.415870
41315,0.993164,-0.016968,0.010864,0.999821,-0.002328,-0.014673,0.999932,0.000000,-0.630000,0.350000,0.007210,-0.129150,0.275870
41365,0.992676,-0.015503,0.010376,0.999339,-0.000867,-0.015157,0.999454,0.000000,-0.630000,0.350000,0.007210,-0.129150,0.275870
41415,0.992554,-0.015869,0.009033,0.999229,-0.001234,-0.016488,0.999366,0.000000,-0.630000,0.280000,0.007210,-0.129150,0.205870
41465,0.993652,-0.015869,0.010010,1.000315,-0.001233,-0.015520,1.000436,0.000000,-0.770000,0.420000,0.007210,-0.269150,0.345870
41515,0.992920,-0.016724,0.011841,0.999570,-0.002083,-0.013705,0.999666,0.000000,-0.630000,0.350000,0.007210,-0.129150,0.275870
41566,0.992798,-0.016235,0.011963,0.999447,-0.001596,-0.013584,0.999540,0.000000,-0.630000,0.350000,0.007210,-0.129150,0.275870
41616,0.992798,-0.015259,0.010620,0.999458,-0.000623,-0.014915,0.999570,0.000000,-0.560000,0.280000,0.007210,-0.059150,0.205870
41666,0.992798,-0.016113,0.009766,0.999466,-0.001477,-0.015762,0.999591,0.000000,-0.630000,0.420000,0.007210,-0.129150,0.345870
41717,0.992798,-0.016113,0.009766,0.999466,-0.001477,-0.015762,0.999591,0.000000,-0.630000,0.350000,0.007210,-0.129150,0.275870
41767,0.993164,-0.015991,0.009644,0.999832,-0.001355,-0.015883,0.999959,-0.070000,-0.630000,0.420000,-0.062790,-0.129150,0.345870
41817,0.992798,-0.016724,0.011475,0.999451,-0.002084,-0.014068,0.999552,0.000000,-0.630000,0.280000,0.007210,-0.129150,0.205870
41869,0.993042,-0.016846,0.011963,0.999690,-0.002205,-0.013584,0.999785,0.000000,-0.700000,0.420000,0.007210,-0.199150,0.345870
41919,0.992798,-0.015747,0.010254,0.999461,-0.001111,-0.015278,0.999579,0.000000,-0.630000,0.280000,0.007210,-0.129150,0.205870
41969,0.992676,-0.016602,0.011108,0.999333,-0.001962,-0.014431,0.999439,-0.070000,-0.630000,0.490000,-0.062790,-0.129150,0.415870
42019,0.993042,-0.016724,0.009888,0.999708,-0.002086,-0.015641,0.999833,0.000000,-0.630000,0.280000,0.007210,-0.129150,0.205870
42069,0.993164,-0.015991,0.010986,0.999820,-0.001353,-0.014552,0.999927,0.000000,-0.630000,0.420000,0.007210,-0.129150,0.345870
42119,0.992065,-0.016113,0.010254,0.998732,-0.001476,-0.015278,0.998850,0.000000,-0.700000,0.280000,0.007210,-0.199150,0.205870
42169,0.992187,-0.014893,0.011353,0.998843,-0.000256,-0.014189,0.998944,0.000000,-0.630000,0.420000,0.007210,-0.129150,0.345870
42219,0.992920,-0.016479,0.010986,0.999577,-0.001841,-0.014552,0.999685,0.000000,-0.700000,0.350000,0.007210,-0.199150,0.275870
42269,0.992554,-0.016724,0.011230,0.999210,-0.002084,-0.014310,0.999315,0.000000,-0.630000,0.350000,0.007210,-0.129150,0.275870
42319,0.993530,-0.016602,0.010254,1.000192,-0.001964,-0.015278,1.000310,0.000000,-0.630000,0.350000,0.007210,-0.129150,0.275870
42370,0.992065,-0.016846,0.010254,0.998732,-0.002207,-0.015278,0.998851,0.000000,-0.630000,0.420000,0.007210,-0.129150,0.345870
42420,0.991821,-0.015747,0.010010,0.998490,-0.001111,-0.015520,0.998612,0.000000,-0.700000,0.350000,0.007210,-0.199150,0.275870
42470,0.992187,-0.016602,0.011841,0.998840,-0.001961,-0.013705,0.998936,0.000000,-0.700000,0.420000,0.007210,-0.199150,0.345870
42520,0.992554,-0.016235,0.011108,0.999211,-0.001597,-0.014431,0.999316,0.000000,-0.630000,0.280000,0.007210,-0.129150,0.205870
42570,0.991821,-0.016479,0.010620,0.998485,-0.001841,-0.014915,0.998598,0.000000,-0.630000,0.420000,0.007210,-0.129150,0.345870
42620,0.992920,-0.015137,0.011719,0.999570,-0.000499,-0.013826,0.999666,0.000000,-0.630000,0.350000,0.007210,-0.129150,0.275870
42670,0.993286,-0.015503,0.009644,0.999953,-0.000868,-0.015883,1.000080,0.000000,-0.560000,0.420000,0.007210,-0.059150,0.345870
42720,0.993042,-0.016113,0.009888,0.999708,-0.001477,-0.015641,0.999831,-0.070000,-0.630000,0.350000,-0.062790,-0.129150,0.275870
42770,0.993042,-0.015625,0.011353,0.999695,-0.000987,-0.014189,0.999796,0.000000,-0.630000,0.420000,0.007210,-0.129150,0.345870
42820,0.993896,-0.016846,0.009766,1.000561,-0.002208,-0.015762,1.000687,0.000000,-0.630000,0.350000,0.007210,-0.129150,0.275870
42872,0.993408,-0.015991,0.010010,1.000072,-0.001355,-0.015520,1.000193,0.000000,-0.700000,0.420000,0.007210,-0.199150,0.345870
42922,0.992187,-0.016357,0.011841,0.998840,-0.001718,-0.013705,0.998935,0.000000,-0.630000,0.350000,0.007210,-0.129150,0.275870
42972,0.993652,-0.015869,0.010254,1.000313,-0.001232,-0.015278,1.000430,0.000000,-0.630000,0.350000,0.007210,-0.129150,0.275870
43023,0.993042,-0.015137,0.010864,0.999699,-0.000500,-0.014673,0.999807,0.000000,-0.630000,0.350000,0.007210,-0.129150,0.275870
43073,0.992798,-0.016113,0.009644,0.999467,-0.001477,-0.015883,0.999594,0.000000,-0.630000,0.420000,0.007210,-0.129150,0.345870
43123,0.993164,-0.015747,0.010986,0.999820,-0.001110,-0.014552,0.999927,0.000000,-0.700000,0.350000,0.007210,-0.199150,0.275870
43173,0.993042,-0.015991,0.011841,0.999691,-0.001352,-0.013705,0.999786,0.000000,-0.700000,0.420000,0.007210,-0.199150,0.345870
43223,0.992554,-0.016479,0.011841,0.999205,-0.001839,-0.013705,0.999300,0.000000,-0.560000,0.350000,0.007210,-0.059150,0.275870
43273,0.993164,-0.016479,0.010498,0.999824,-0.001841,-0.015036,0.999939,-0.070000,-0.560000,0.420000,-0.062790,-0.059150,0.345870
43323,0.993164,-0.015747,0.009766,0.999831,-0.001111,-0.015762,0.999955,0.000000,-0.700000,0.350000,0.007210,-0.199150,0.275870
43373,0.992920,-0.015503,0.010376,0.999582,-0.000867,-0.015157,0.999697,0.000000,-0.630000,0.420000,0.007210,-0.129150,0.345870
43423,0.991943,-0.015869,0.011597,0.998598,-0.001230,-0.013947,0.998696,0.000000,-0.630000,0.350000,0.007210,-0.129150,0.275870
43473,0.992920,-0.015381,0.010132,0.999584,-0.000745,-0.015399,0.999703,0.000000,-0.630000,0.420000,0.007210,-0.129150,0.345870
43525,0.992920,-0.016235,0.010620,0.999580,-0.001598,-0.014915,0.999693,0.000000,-0.630000,0.350000,0.007210,-0.129150,0.275870
43575,0.992554,-0.015015,0.011475,0.999207,-0.000378,-0.014068,0.999306,0.000000,-0.700000,0.420000,0.007210,-0.199150,0.345870
43625,0.994141,-0.017578,0.011353,1.000790,-0.002937,-0.014189,1.000895,0.000000,-0.630000,0.350000,0.007210,-0.129150,0.275870
43676,0.992676,-0.015625,0.011475,0.999329,-0.000987,-0.014068,0.999429,-0.070000,-0.630000,0.350000,-0.062790,-0.129150,0.275870
43726,0.993042,-0.016357,0.010376,0.999704,-0.001720,-0.015157,0.999820,0.000000,-0.560000,0.350000,0.007210,-0.059150,0.275870
43776,0.992432,-0.015259,0.010986,0.999090,-0.000622,-0.014552,0.999196,-0.070000,-0.630000,0.420000,-0.062790,-0.129150,0.345870
43828,0.992676,-0.016602,0.010254,0.999340,-0.001964,-0.015278,0.999459,-0.070000,-0.630000,0.350000,-0.062790,-0.129150,0.275870
43878,0.992676,-0.015015,0.010010,0.999342,-0.000380,-0.015520,0.999462,0.000000,-0.630000,0.420000,0.007210,-0.129150,0.345870
43928,0.992676,-0.015625,0.011230,0.999331,-0.000987,-0.014310,0.999434,0.000000,-0.700000,0.420000,0.007210,-0.199150,0.345870
43978,0.992432,-0.016113,0.010986,0.999090,-0.001475,-0.014552,0.999197,-0.070000,-0.700000,0.420000,-0.062790,-0.199150,0.345870
44028,0.992798,-0.017700,0.011963,0.999447,-0.003058,-0.013584,0.999544,0.000000,-0.630000,0.350000,0.007210,-0.129150,0.275870
44078,0.992798,-0.015503,0.011230,0.999453,-0.000865,-0.014310,0.999556,0.000000,-0.560000,0.350000,0.007210,-0.059150,0.275870
44129,0.992310,-0.016846,0.009521,0.998982,-0.002209,-0.016004,0.999112,-0.070000,-0.630000,0.350000,-0.062790,-0.129150,0.275870
44179,0.992798,-0.015625,0.010620,0.999458,-0.000988,-0.014915,0.999570,0.000000,-0.630000,0.420000,0.007210,-0.129150,0.345870
44229,0.993286,-0.017090,0.011475,0.999938,-0.002449,-0.014068,1.000040,0.000000,-0.630000,0.350000,0.007210,-0.129150,0.275870
44279,0.992920,-0.015381,0.012573,0.999563,-0.000742,-0.012979,0.999647,0.000000,-0.630000,0.420000,0.007210,-0.129150,0.345870
44329,0.992798,-0.015137,0.011597,0.999450,-0.000499,-0.013947,0.999547,0.000000,-0.630000,0.350000,0.007210,-0.129150,0.275870
44379,0.993042,-0.015625,0.011475,0.999694,-0.000987,-0.014068,0.999794,-0.070000,-0.630000,0.420000,-0.062790,-0.129150,0.345870
44429,0.993774,-0.017334,0.010254,1.000435,-0.002695,-0.015278,1.000555,0.000000,-0.560000,0.280000,0.007210,-0.059150,0.205870
44479,0.992310,-0.015747,0.010010,0.998977,-0.001111,-0.015520,0.999098,-0.070000,-0.630000,0.420000,-0.062790,-0.129150,0.345870
44529,0.993408,-0.015503,0.010864,1.000064,-0.000866,-0.014673,1.000172,0.000000,-0.700000,0.350000,0.007210,-0.199150,0.275870
44579,0.993042,-0.015747,0.011597,0.999693,-0.001109,-0.013947,0.999791,0.000000,-0.700000,0.420000,0.007210,-0.199150,0.345870
44629,0.992920,-0.016724,0.011230,0.999575,-0.002084,-0.014310,0.999680,0.000000,-0.630000,0.350000,0.007210,-0.129150,0.275870
44679,0.992798,-0.016602,0.010010,0.999464,-0.001964,-0.015520,0.999586,0.000000,-0.630000,0.350000,0.007210,-0.129150,0.275870
44729,0.993408,-0.016479,0.010010,1.000072,-0.001842,-0.015520,1.000194,0.000000,-0.700000,0.350000,0.007210,-0.199150,0.275870
44779,0.992798,-0.016235,0.011963,0.999447,-0.001596,-0.013584,0.999540,0.000000,-0.700000,0.420000,0.007210,-0.199150,0.345870
44829,0.991821,-0.015869,0.011475,0.998478,-0.001231,-0.014068,0.998578,0.000000,-0.630000,0.350000,0.007210,-0.129150,0.275870
44879,0.992676,-0.016235,0.011475,0.999329,-0.001596,-0.014068,0.999430,0.000000,-0.630000,0.420000,0.007210,-0.129150,0.345870
44929,0.993164,-0.017090,0.010010,0.999829,-0.002452,-0.015520,0.999952,0.000000,-0.630000,0.350000,0.007210,-0.129150,0.275870
44979,0.992310,-0.015625,0.010864,0.998969,-0.000988,-0.014673,0.999078,0.000000,-0.630000,0.420000,0.007210,-0.129150,0.345870
45030,0.99267,-0.017456,0.011475,0.999330,-0.002815,-0.014068,0.999433,0.000000,-0.630000,0.420000,0.007210,-0.129150,0.345870
45082,0.993164,-0.015991,0.010986,0.999820,-0.001353,-0.014552,0.999927,0.000000,-0.630000,0.350000,0.007210,-0.129150,0.275870
45134,0.992065,-0.016602,0.012207,0.998715,-0.001961,-0.013342,0.998806,0.000000,-0.630000,0.350000,0.007210,-0.129150,0.275870
45184,0.992798,-0.015137,0.011108,0.999454,-0.000500,-0.014431,0.999558,0.000000,-0.630000,0.420000,0.007210,-0.129150,0.345870
45234,0.992798,-0.016235,0.011230,0.999453,-0.001597,-0.014310,0.999557,-0.070000,-0.630000,0.350000,-0.062790,-0.129150,0.275870
45285,0.992798,-0.016602,0.010742,0.999457,-0.001963,-0.014794,0.999569,0.000000,-0.630000,0.350000,0.007210,-0.129150,0.275870
45335,0.992554,-0.015747,0.011963,0.999203,-0.001108,-0.013584,0.999296,-0.070000,-0.630000,0.350000,-0.062790,-0.129150,0.275870
45385,0.991333,-0.014526,0.011230,0.997993,0.000110,-0.014310,0.998095,-0.070000,-0.630000,0.420000,-0.062790,-0.129150,0.345870
45436,0.993774,-0.016113,0.010864,1.000429,-0.001475,-0.014673,1.000538,0.000000,-0.630000,0.350000,0.007210,-0.129150,0.275870
45486,0.992187,-0.016357,0.010254,0.998853,-0.001720,-0.015278,0.998972,-0.070000,-0.630000,0.350000,-0.062790,-0.129150,0.275870
45536,0.992920,-0.016846,0.010742,0.999579,-0.002207,-0.014794,0.999691,0.000000,-0.630000,0.350000,0.007210,-0.129150,0.275870
45588,0.993774,-0.014282,0.010254,1.000434,0.000352,-0.015278,1.000551,-0.070000,-0.630000,0.420000,-0.062790,-0.129150,0.345870
45638,0.993286,-0.015747,0.010986,0.999942,-0.001110,-0.014552,1.000048,0.000000,-0.630000,0.350000,0.007210,-0.129150,0.275870
45688,0.994019,-0.015259,0.011475,1.000667,-0.000621,-0.014068,1.000766,0.000000,-0.630000,0.350000,0.007210,-0.129150,0.275870
45739,0.992798,-0.016724,0.012329,0.999444,-0.002083,-0.013221,0.999533,0.000000,-0.630000,0.350000,0.007210,-0.129150,0.275870
45789,0.992554,-0.015625,0.009644,0.999223,-0.000990,-0.015883,0.999350,-0.070000,-0.630000,0.350000,-0.062790,-0.129150,0.275870
45839,0.992187,-0.015747,0.010132,0.998854,-0.001111,-0.015399,0.998974,0.000000,-0.700000,0.420000,0.007210,-0.199150,0.345870
45891,0.992187,-0.017456,0.010742,0.998850,-0.002816,-0.014794,0.998963,0.000000,-0.630000,0.350000,0.007210,-0.129150,0.275870
45941,0.993408,-0.014648,0.011841,1.000055,-0.000011,-0.013705,1.000149,-0.070000,-0.700000,0.350000,-0.062790,-0.199150,0.275870
45991,0.992798,-0.015503,0.011841,0.999448,-0.000865,-0.013705,0.999542,0.000000,-0.630000,0.420000,0.007210,-0.129150,0.345870
46042,0.992187,-0.014648,0.011230,0.998844,-0.000012,-0.014310,0.998947,0.000000,-0.630000,0.350000,0.007210,-0.129150,0.275870
46092,0.993164,-0.016357,0.010376,0.999825,-0.001720,-0.015157,0.999942,-0.070000,-0.560000,0.420000,-0.062790,-0.059150,0.345870
46142,0.992798,-0.017212,0.009888,0.999465,-0.002574,-0.015641,0.999591,0.000000,-0.700000,0.350000,0.007210,-0.199150,0.275870
46192,0.992554,-0.014526,0.010742,0.999214,0.000109,-0.014794,0.999323,0.000000,-0.700000,0.420000,0.007210,-0.199150,0.345870
46242,0.992554,-0.016968,0.011597,0.999207,-0.002327,-0.013947,0.999307,0.000000,-0.630000,0.420000,0.007210,-0.129150,0.345870
46292,0.993042,-0.014771,0.012085,0.999689,-0.000133,-0.013463,0.999779,0.000000,-0.630000,0.350000,0.007210,-0.129150,0.275870
46342,0.992798,-0.016235,0.010376,0.999461,-0.001598,-0.015157,0.999577,0.000000,-0.560000,0.420000,0.007210,-0.059150,0.345870
46392,0.991699,-0.015259,0.010498,0.998364,-0.000623,-0.015036,0.998478,0.000000,-0.630000,0.350000,0.007210,-0.129150,0.275870
46442,0.992554,-0.016235,0.010498,0.999216,-0.001598,-0.015036,0.999331,0.000000,-0.700000,0.350000,0.007210,-0.199150,0.275870
46492,0.992920,-0.015259,0.010864,0.999578,-0.000622,-0.014673,0.999686,0.000000,-0.700000,0.350000,0.007210,-0.199150,0.275870
46543,0.993286,-0.016357,0.012817,0.999926,-0.001716,-0.012736,1.000008,0.000000,-0.700000,0.350000,0.007210,-0.199150,0.275870
46593,0.992187,-0.015869,0.012329,0.998835,-0.001229,-0.013221,0.998923,0.000000,-0.630000,0.350000,0.007210,-0.129150,0.275870
46643,0.992676,-0.016968,0.011230,0.999332,-0.002328,-0.014310,0.999437,0.000000,-0.560000,0.350000,0.007210,-0.059150,0.275870
46695,0.993408,-0.015747,0.010986,1.000063,-0.001110,-0.014552,1.000170,0.000000,-0.560000,0.350000,0.007210,-0.059150,0.275870
46745,0.993408,-0.016357,0.009277,1.000078,-0.001721,-0.016246,1.000212,0.000000,-0.630000,0.420000,0.007210,-0.129150,0.345870
46795,0.993408,-0.016602,0.010498,1.000068,-0.001963,-0.015036,1.000183,0.000000,-0.700000,0.350000,0.007210,-0.199150,0.275870
46845,0.993408,-0.015503,0.011108,1.000062,-0.000866,-0.014431,1.000167,0.000000,-0.630000,0.420000,0.007210,-0.129150,0.345870
46895,0.993286,-0.016113,0.010986,0.999942,-0.001475,-0.014552,1.000049,-0.070000,-0.630000,0.420000,-0.062790,-0.129150,0.345870
46945,0.993164,-0.015747,0.011475,0.999816,-0.001109,-0.014068,0.999915,-0.070000,-0.630000,0.350000,-0.062790,-0.129150,0.275870
46995,0.992310,-0.016479,0.011353,0.998965,-0.001840,-0.014189,0.999068,0.000000,-0.630000,0.350000,0.007210,-0.129150,0.275870
47045,0.993408,-0.015869,0.010376,1.000069,-0.001232,-0.015157,1.000184,0.000000,-0.630000,0.350000,0.007210,-0.129150,0.275870
47095,0.992798,-0.015747,0.010010,0.999464,-0.001111,-0.015520,0.999585,0.000000,-0.700000,0.350000,0.007210,-0.199150,0.275870
47145,0.993286,-0.016846,0.011353,0.999939,-0.002206,-0.014189,1.000042,0.000000,-0.630000,0.420000,0.007210,-0.129150,0.345870
47197,0.993042,-0.014771,0.012207,0.999687,-0.000133,-0.013342,0.999776,0.000000,-0.700000,0.350000,0.007210,-0.199150,0.275870
47247,0.991821,-0.015625,0.011108,0.998481,-0.000987,-0.014431,0.998586,-0.070000,-0.630000,0.350000,-0.062790,-0.129150,0.275870
47297,0.992920,-0.015747,0.010132,0.999584,-0.001111,-0.015399,0.999703,0.000000,-0.630000,0.350000,0.007210,-0.129150,0.275870
47348,0.992920,-0.016357,0.010742,0.999579,-0.001719,-0.014794,0.999690,0.000000,-0.700000,0.350000,0.007210,-0.199150,0.275870
47398,0.992920,-0.016235,0.012329,0.999565,-0.001595,-0.013221,0.999654,0.000000,-0.630000,0.350000,0.007210,-0.129150,0.275870
47448,0.991943,-0.015747,0.011841,0.998596,-0.001108,-0.013705,0.998691,-0.070000,-0.560000,0.350000,-0.062790,-0.059150,0.275870
47500,0.992676,-0.016113,0.011353,0.999330,-0.001475,-0.014189,0.999432,0.000000,-0.630000,0.350000,0.007210,-0.129150,0.275870
47550,0.992432,-0.015259,0.010620,0.999093,-0.000623,-0.014915,0.999205,0.000000,-0.630000,0.350000,0.007210,-0.129150,0.275870
47600,0.992676,-0.015625,0.010864,0.999334,-0.000988,-0.014673,0.999443,-0.070000,-0.700000,0.420000,-0.062790,-0.199150,0.345870
47651,0.993286,-0.015747,0.011108,0.999941,-0.001109,-0.014431,1.000045,0.000000,-0.630000,0.350000,0.007210,-0.129150,0.275870
47701,0.992432,-0.015747,0.009888,0.999100,-0.001111,-0.015641,0.999223,0.000000,-0.630000,0.420000,0.007210,-0.129150,0.345870
47751,0.993042,-0.015503,0.011719,0.999692,-0.000865,-0.013826,0.999788,0.000000,-0.630000,0.420000,0.007210,-0.129150,0.345870
47801,0.993286,-0.015259,0.011597,0.999936,-0.000621,-0.013947,1.000034,0.000000,-0.630000,0.350000,0.007210,-0.129150,0.275870
47851,0.993164,-0.015869,0.011719,0.999814,-0.001230,-0.013826,0.999910,-0.070000,-0.630000,0.350000,-0.062790,-0.129150,0.275870
47901,0.992187,-0.016724,0.010742,0.998849,-0.002085,-0.014794,0.998961,0.000000,-0.630000,0.350000,0.007210,-0.129150,0.275870
47951,0.992676,-0.014648,0.010254,0.999339,-0.000014,-0.015278,0.999456,0.000000,-0.630000,0.350000,0.007210,-0.129150,0.275870
48002,0.993286,-0.016235,0.010620,0.999945,-0.001598,-0.014915,1.000057,-0.070000,-0.630000,0.350000,-0.062790,-0.129150,0.275870
48052,0.992310,-0.015381,0.011963,0.998960,-0.000742,-0.013584,0.999052,0.000000,-0.630000,0.350000,0.007210,-0.129150,0.275870
48102,0.993042,-0.015625,0.011230,0.999696,-0.000987,-0.014310,0.999799,-0.070000,-0.630000,0.350000,-0.062790,-0.129150,0.275870
48153,0.993408,-0.016113,0.010254,1.000070,-0.001476,-0.015278,1.000188,0.000000,-0.630000,0.350000,0.007210,-0.129150,0.275870
48203,0.992310,-0.017700,0.009521,0.998982,-0.003062,-0.016004,0.999115,0.000000,-0.630000,0.350000,0.007210,-0.129150,0.275870
48253,0.993164,-0.016724,0.011353,0.999817,-0.002084,-0.014189,0.999920,0.000000,-0.630000,0.350000,0.007210,-0.129150,0.275870
48303,0.992554,-0.015625,0.012573,0.999198,-0.000985,-0.012979,0.999283,-0.070000,-0.700000,0.350000,-0.062790,-0.199150,0.275870
48353,0.993408,-0.015625,0.012817,1.000047,-0.000985,-0.012736,1.000129,-0.070000,-0.630000,0.350000,-0.062790,-0.129150,0.275870
48403,0.993042,-0.015747,0.011841,0.999691,-0.001108,-0.013705,0.999786,-0.070000,-0.560000,0.350000,-0.062790,-0.059150,0.275870
48454,0.992920,-0.015747,0.009644,0.999588,-0.001111,-0.015883,0.999715,0.000000,-0.630000,0.350000,0.007210,-0.129150,0.275870
48504,0.993408,-0.016357,0.010864,1.000064,-0.001719,-0.014673,1.000174,0.000000,-0.630000,0.420000,0.007210,-0.129150,0.345870
48554,0.993042,-0.016357,0.010986,0.999699,-0.001719,-0.014552,0.999806,0.000000,-0.700000,0.350000,0.007210,-0.199150,0.275870
48604,0.992310,-0.015259,0.012085,0.998959,-0.000620,-0.013463,0.999050,0.000000,-0.630000,0.420000,0.007210,-0.129150,0.345870
48655,0.993530,-0.017212,0.011719,1.000179,-0.002571,-0.013826,1.000278,0.000000,-0.630000,0.350000,0.007210,-0.129150,0.275870
48705,0.992432,-0.015259,0.011841,0.999083,-0.000621,-0.013705,0.999177,0.000000,-0.630000,0.350000,0.007210,-0.129150,0.275870
48755,0.992920,-0.017090,0.010376,0.999582,-0.002451,-0.015157,0.999700,0.000000,-0.630000,0.420000,0.007210,-0.129150,0.345870
48806,0.992676,-0.016113,0.010986,0.999334,-0.001475,-0.014552,0.999441,0.000000,-0.630000,0.350000,0.007210,-0.129150,0.275870
48856,0.992920,-0.016357,0.010742,0.999579,-0.001719,-0.014794,0.999690,-0.070000,-0.630000,0.420000,-0.062790,-0.129150,0.345870
48906,0.992676,-0.015869,0.010986,0.999333,-0.001231,-0.014552,0.999440,0.000000,-0.700000,0.420000,0.007210,-0.199150,0.345870
48957,0.992554,-0.016113,0.011108,0.999211,-0.001475,-0.014431,0.999316,0.000000,-0.630000,0.420000,0.007210,-0.129150,0.345870
49007,0.992310,-0.015747,0.011719,0.998962,-0.001108,-0.013826,0.999058,-0.070000,-0.630000,0.350000,-0.062790,-0.129150,0.275870
49057,0.991943,-0.016602,0.010864,0.998605,-0.001963,-0.014673,0.998715,-0.070000,-0.630000,0.280000,-0.062790,-0.129150,0.205870
49107,0.992065,-0.016357,0.010010,0.998734,-0.001720,-0.015520,0.998856,0.000000,-0.630000,0.350000,0.007210,-0.129150,0.275870
49157,0.992187,-0.017334,0.010620,0.998851,-0.002694,-0.014915,0.998966,-0.070000,-0.630000,0.350000,-0.062790,-0.129150,0.275870
49207,0.993164,-0.015869,0.012329,0.999808,-0.001229,-0.013221,0.999896,0.000000,-0.700000,0.420000,0.007210,-0.199150,0.345870
49257,0.992920,-0.015991,0.013062,0.999559,-0.001350,-0.012494,0.999638,0.000000,-0.630000,0.350000,0.007210,-0.129150,0.275870
49307,0.993652,-0.016724,0.013062,1.000289,-0.002081,-0.012494,1.000369,0.000000,-0.630000,0.350000,0.007210,-0.129150,0.275870
49357,0.993530,-0.017334,0.010376,1.000191,-0.002695,-0.015157,1.000309,0.000000,-0.560000,0.350000,0.007210,-0.059150,0.275870
49407,0.992310,-0.015381,0.009155,0.998984,-0.000747,-0.016367,0.999119,0.000000,-0.630000,0.350000,0.007210,-0.129150,0.275870
49458,0.993042,-0.015259,0.009277,0.999713,-0.000625,-0.016246,0.999845,0.000000,-0.630000,0.420000,0.007210,-0.129150,0.345870
49508,0.992310,-0.015259,0.010620,0.998972,-0.000623,-0.014915,0.999083,0.000000,-0.700000,0.350000,0.007210,-0.199150,0.275870
49558,0.992554,-0.015259,0.012329,0.999200,-0.000620,-0.013221,0.999287,0.000000,-0.630000,0.350000,0.007210,-0.129150,0.275870
49609,0.993286,-0.016724,0.011597,0.999937,-0.002084,-0.013947,1.000036,0.000000,-0.700000,0.350000,0.007210,-0.199150,0.275870
49659,0.993774,-0.016113,0.012451,1.000416,-0.001473,-0.013100,1.000502,0.000000,-0.700000,0.350000,0.007210,-0.199150,0.275870
49709,0.991943,-0.015747,0.012329,0.998592,-0.001108,-0.013221,0.998680,0.000000,-0.560000,0.350000,0.007210,-0.059150,0.275870
49760,0.992432,-0.017212,0.010132,0.999098,-0.002573,-0.015399,0.999220,0.000000,-0.630000,0.420000,0.007210,-0.129150,0.345870
49810,0.991455,-0.014893,0.011230,0.998115,-0.000256,-0.014310,0.998217,0.000000,-0.630000,0.350000,0.007210,-0.129150,0.275870
49860,0.992187,-0.015503,0.009766,0.998857,-0.000868,-0.015762,0.998982,0.000000,-0.700000,0.420000,0.007210,-0.199150,0.345870
49910,0.992432,-0.015137,0.012817,0.999074,-0.000497,-0.012736,0.999155,0.000000,-0.700000,0.420000,0.007210,-0.199150,0.345870
49961,0.993530,-0.016846,0.011353,1.000182,-0.002206,-0.014189,1.000285,0.000000,-0.630000,0.420000,0.007210,-0.129150,0.345870
50011,0.993286,-0.015625,0.012207,0.999931,-0.000986,-0.013342,1.000020,0.000000,-0.560000,0.350000,0.007210,-0.059150,0.275870
50061,0.992920,-0.015625,0.009277,0.999592,-0.000990,-0.016246,0.999724,-0.070000,-0.560000,0.280000,-0.062790,-0.059150,0.205870
50112,0.993408,-0.015869,0.007690,1.000092,-0.001236,-0.017819,1.000252,-0.070000,-0.560000,0.420000,-0.062790,-0.059150,0.345870
50162,0.992310,-0.017578,0.007935,0.998996,-0.002942,-0.017577,0.999155,0.000000,-0.770000,0.350000,0.007210,-0.269150,0.275870
50212,0.992187,-0.015137,0.013550,0.998824,-0.000496,-0.012010,0.998897,0.000000,-0.700000,0.350000,0.007210,-0.199150,0.275870
50263,0.993530,-0.015259,0.012085,1.000175,-0.000620,-0.013463,1.000266,0.000000,-0.630000,0.350000,0.007210,-0.129150,0.275870
50313,0.991943,-0.016113,0.010986,0.998604,-0.001475,-0.014552,0.998711,0.000000,-0.630000,0.420000,0.007210,-0.129150,0.345870
50363,0.993408,-0.017822,0.010254,1.000070,-0.003182,-0.015278,1.000192,-0.070000,-0.630000,0.350000,-0.062790,-0.129150,0.275870
50413,0.992310,-0.016724,0.010742,0.998971,-0.002085,-0.014794,0.999083,0.000000,-0.630000,0.420000,0.007210,-0.129150,0.345870
50463,0.991211,-0.014771,0.012451,0.997861,-0.000132,-0.013100,0.997947,0.000000,-0.700000,0.350000,0.007210,-0.199150,0.275870
50513,0.993042,-0.015991,0.009644,0.999710,-0.001355,-0.015883,0.999837,0.000000,-0.630000,0.420000,0.007210,-0.129150,0.345870
50563,0.992676,-0.015869,0.010132,0.999341,-0.001233,-0.015399,0.999460,-0.070000,-0.630000,0.420000,-0.062790,-0.129150,0.345870
50614,0.990845,-0.016846,0.010742,0.997511,-0.002207,-0.014794,0.997623,0.000000,-0.630000,0.350000,0.007210,-0.129150,0.275870
50664,0.992310,-0.016235,0.011475,0.998964,-0.001596,-0.014068,0.999065,-0.070000,-0.700000,0.420000,-0.062790,-0.199150,0.345870
50714,0.993164,-0.017212,0.012451,0.999808,-0.002570,-0.013100,0.999897,-0.070000,-0.700000,0.350000,-0.062790,-0.199150,0.275870
50765,0.991821,-0.015381,0.012573,0.998468,-0.000742,-0.012979,0.998553,-0.070000,-0.700000,0.420000,-0.062790,-0.199150,0.345870
50815,0.993042,-0.016846,0.011230,0.999697,-0.002206,-0.014310,0.999801,0.000000,-0.560000,0.350000,0.007210,-0.059150,0.275870
50865,0.992554,-0.016846,0.010742,0.999214,-0.002207,-0.014794,0.999326,0.000000,-0.630000,0.350000,0.007210,-0.129150,0.275870
50916,0.992798,-0.016724,0.011475,0.999451,-0.002084,-0.014068,0.999552,0.000000,-0.630000,0.350000,0.007210,-0.129150,0.275870
50966,0.992676,-0.015991,0.011963,0.999325,-0.001352,-0.013584,0.999418,0.000000,-0.630000,0.350000,0.007210,-0.129150,0.275870
51016,0.992798,-0.015991,0.011108,0.999454,-0.001353,-0.014431,0.999559,-0.070000,-0.630000,0.420000,-0.062790,-0.129150,0.345870
51068,0.992554,-0.017090,0.011230,0.999210,-0.002450,-0.014310,0.999315,0.000000,-0.630000,0.420000,0.007210,-0.129150,0.345870
51118,0.993530,-0.015381,0.011597,1.000180,-0.000743,-0.013947,1.000277,0.000000,-0.630000,0.350000,0.007210,-0.129150,0.275870
51168,0.993042,-0.016357,0.012207,0.999688,-0.001717,-0.013342,0.999778,-0.070000,-0.560000,0.350000,-0.062790,-0.059150,0.275870
51219,0.991943,-0.016235,0.011230,0.998602,-0.001597,-0.014310,0.998705,0.000000,-0.630000,0.350000,0.007210,-0.129150,0.275870
51269,0.991455,-0.015503,0.011230,0.998115,-0.000865,-0.014310,0.998218,0.000000,-0.630000,0.420000,0.007210,-0.129150,0.345870
51319,0.991943,-0.016357,0.009277,0.998619,-0.001721,-0.016246,0.998752,0.000000,-0.630000,0.420000,0.007210,-0.129150,0.345870
51369,0.992798,-0.015259,0.011963,0.999446,-0.000621,-0.013584,0.999539,0.000000,-0.630000,0.350000,0.007210,-0.129150,0.275870
51419,0.992554,-0.015381,0.010010,0.999220,-0.000745,-0.015520,0.999341,-0.070000,-0.700000,0.280000,-0.062790,-0.199150,0.205870
51469,0.992920,-0.014282,0.011597,0.999571,0.000354,-0.013947,0.999668,0.000000,-0.630000,0.420000,0.007210,-0.129150,0.345870
51519,0.992432,-0.017334,0.010376,0.999096,-0.002695,-0.015157,0.999215,0.000000,-0.630000,0.350000,0.007210,-0.129150,0.275870
51569,0.992432,-0.015015,0.010254,0.999096,-0.000379,-0.015278,0.999213,0.000000,-0.630000,0.420000,0.007210,-0.129150,0.345870
51619,0.993652,-0.017700,0.010498,1.000311,-0.003060,-0.015036,1.000429,0.000000,-0.630000,0.350000,0.007210,-0.129150,0.275870
51669,0.992432,-0.014893,0.012207,0.999079,-0.000255,-0.013342,0.999168,-0.070000,-0.630000,0.420000,-0.062790,-0.129150,0.345870
51721,0.992920,-0.015503,0.012329,0.999565,-0.000864,-0.013221,0.999653,0.000000,-0.700000,0.350000,0.007210,-0.199150,0.275870
51771,0.992798,-0.015503,0.013794,0.999430,-0.000862,-0.011768,0.999500,0.000000,-0.630000,0.420000,0.007210,-0.129150,0.345870
51821,0.992432,-0.015991,0.009399,0.999104,-0.001356,-0.016125,0.999235,0.000000,-0.560000,0.280000,0.007210,-0.059150,0.205870
51872,0.991577,-0.018311,0.002441,0.998314,-0.003681,-0.023022,0.998586,0.000000,-0.630000,0.350000,0.007210,-0.129150,0.275870
51922,0.993042,-0.015381,0.015625,0.999658,-0.000737,-0.009953,0.999708,-0.070000,-0.770000,0.420000,-0.062790,-0.269150,0.345870
51972,0.992432,-0.015869,0.009277,0.999105,-0.001234,-0.016246,0.999238,0.000000,-0.770000,0.140000,0.007210,-0.269150,0.065870
52022,0.993286,-0.014893,0.015259,0.999904,-0.000250,-0.010316,0.999957,0.000000,-0.770000,0.490000,0.007210,-0.269150,0.415870
52072,0.993286,-0.017578,0.015503,0.999903,-0.002931,-0.010074,0.999958,0.000000,-0.770000,0.280000,0.007210,-0.269150,0.205870
52122,0.992798,-0.015381,0.016602,0.999406,-0.000736,-0.008985,0.999447,0.000000,-0.490000,0.420000,0.007210,0.010850,0.345870
52172,0.992554,-0.019775,0.008301,0.999236,-0.005135,-0.017214,0.999398,-0.070000,-0.490000,0.350000,-0.062790,0.010850,0.275870
52222,0.991455,-0.016357,0.006714,0.998154,-0.001725,-0.018787,0.998333,-0.070000,-0.560000,0.350000,-0.062790,-0.059150,0.275870
52272,0.991699,-0.017090,0.010742,0.998363,-0.002450,-0.014794,0.998475,0.000000,-0.770000,0.350000,0.007210,-0.269150,0.275870
52322,0.992310,-0.015137,0.017822,0.998909,-0.000490,-0.007775,0.998939,0.000000,-0.700000,0.420000,0.007210,-0.199150,0.345870
52372,0.993408,-0.015381,0.012573,1.000049,-0.000742,-0.012979,1.000134,0.000000,-0.700000,0.350000,0.007210,-0.199150,0.275870
52422,0.993652,-0.016846,0.011719,1.000301,-0.002205,-0.013826,1.000399,0.000000,-0.490000,0.420000,0.007210,0.010850,0.345870
52472,0.992065,-0.015381,0.010498,0.998729,-0.000745,-0.015036,0.998843,-0.070000,-0.560000,0.350000,-0.062790,-0.059150,0.275870
52522,0.992554,-0.015625,0.010742,0.999214,-0.000988,-0.014794,0.999324,0.000000,-0.630000,0.490000,0.007210,-0.129150,0.415870
52572,0.992920,-0.016235,0.011353,0.999574,-0.001596,-0.01419,0.999676,0.000000,-0.700000,0.350000,0.007210,-0.199150,0.275870
52627,0.992554,-0.015869,0.012817,0.999196,-0.001229,-0.012736,0.999278,-0.070000,-0.700000,0.490000,-0.062790,-0.199150,0.415870
52677,0.992554,-0.015625,0.012207,0.999201,-0.000986,-0.013342,0.999291,0.070000,-0.700000,0.280000,0.077210,-0.199150,0.205870
52727,0.993286,-0.014526,0.013794,0.999917,0.000113,-0.011768,0.999986,-0.070000,-0.560000,0.420000,-0.062790,-0.059150,0.345870
52777,0.992065,-0.017334,0.010864,0.998727,-0.002694,-0.014673,0.998838,0.000000,-0.630000,0.420000,0.007210,-0.129150,0.345870
52828,0.991455,-0.015747,0.010864,0.998118,-0.001110,-0.014673,0.998227,0.000000,-0.700000,0.420000,0.007210,-0.199150,0.345870
52878,0.992676,-0.016479,0.012695,0.999319,-0.001838,-0.012858,0.999403,0.000000,-0.700000,0.420000,0.007210,-0.199150,0.345870
52928,0.993408,-0.014648,0.013306,1.000043,-0.000009,-0.012252,1.000118,0.000000,-0.630000,0.350000,0.007210,-0.129150,0.275870
52980,0.993164,-0.015869,0.011719,0.999814,-0.001230,-0.013826,0.999910,0.000000,-0.630000,0.350000,0.007210,-0.129150,0.275870
53030,0.993286,-0.016968,0.011475,0.999938,-0.002328,-0.014068,1.000039,0.000000,-0.630000,0.420000,0.007210,-0.129150,0.345870
53080,0.992798,-0.016113,0.011353,0.999452,-0.001475,-0.014189,0.999554,0.000000,-0.630000,0.350000,0.007210,-0.129150,0.275870
53131,0.992310,-0.016113,0.011230,0.998966,-0.001475,-0.014310,0.999070,-0.070000,-0.630000,0.490000,-0.062790,-0.129150,0.415870
53181,0.991211,-0.015259,0.011597,0.997868,-0.000621,-0.013947,0.997966,0.000000,-0.630000,0.280000,0.007210,-0.129150,0.205870
53231,0.993530,-0.015503,0.010986,1.000185,-0.000866,-0.014552,1.000291,0.000000,-0.630000,0.420000,0.007210,-0.129150,0.345870
53282,0.991943,-0.015503,0.012085,0.998594,-0.000864,-0.013463,0.998685,0.000000,-0.630000,0.280000,0.007210,-0.129150,0.205870
53332,0.992554,-0.015625,0.012207,0.999201,-0.000986,-0.013342,0.999291,-0.070000,-0.630000,0.420000,-0.062790,-0.129150,0.345870
53382,0.993164,-0.016846,0.011963,0.999812,-0.002205,-0.013584,0.999906,0.000000,-0.630000,0.350000,0.007210,-0.129150,0.275870
53433,0.992798,-0.015259,0.010986,0.999455,-0.000622,-0.014552,0.999561,0.000000,-0.560000,0.350000,0.007210,-0.059150,0.275870
53483,0.992310,-0.015625,0.011230,0.998966,-0.000987,-0.014310,0.999069,0.000000,-0.630000,0.350000,0.007210,-0.129150,0.275870
53533,0.992187,-0.015991,0.012329,0.998835,-0.001351,-0.013221,0.998924,0.000000,-0.630000,0.420000,0.007210,-0.129150,0.345870
53584,0.992920,-0.016724,0.010376,0.999582,-0.002085,-0.015157,0.999699,0.000000,-0.560000,0.350000,0.007210,-0.059150,0.275870
53634,0.992310,-0.015503,0.009644,0.998980,-0.000868,-0.015883,0.999107,0.000000,-0.630000,0.350000,0.007210,-0.129150,0.275870
53684,0.992798,-0.015747,0.011475,0.999451,-0.001109,-0.014068,0.999550,-0.070000,-0.700000,0.420000,-0.062790,-0.199150,0.345870
53734,0.992920,-0.016602,0.011597,0.999572,-0.001962,-0.013947,0.999671,0.000000,-0.630000,0.420000,0.007210,-0.129150,0.345870
53784,0.992065,-0.015015,0.011841,0.998718,-0.000377,-0.013705,0.998812,0.000000,-0.630000,0.350000,0.007210,-0.129150,0.275870
53834,0.992920,-0.016235,0.011841,0.999569,-0.001596,-0.013705,0.999665,0.000000,-0.630000,0.420000,0.007210,-0.129150,0.345870
53884,0.993652,-0.015503,0.011353,1.000303,-0.000865,-0.014189,1.000404,0.000000,-0.700000,0.350000,0.007210,-0.199150,0.275870
53934,0.992310,-0.015137,0.011963,0.998960,-0.000499,-0.013584,0.999052,-0.070000,-0.630000,0.420000,-0.062790,-0.129150,0.345870
53984,0.992065,-0.016846,0.011108,0.998724,-0.002206,-0.014431,0.998831,0.000000,-0.630000,0.280000,0.007210,-0.129150,0.205870
54034,0.992920,-0.014893,0.011230,0.999574,-0.000256,-0.014310,0.999677,0.000000,-0.630000,0.420000,0.007210,-0.129150,0.345870
54084,0.992432,-0.016235,0.011719,0.999084,-0.001596,-0.013826,0.999181,0.000000,-0.630000,0.350000,0.007210,-0.129150,0.275870
54134,0.992554,-0.015503,0.010742,0.999214,-0.000866,-0.014794,0.999324,0.000000,-0.630000,0.350000,0.007210,-0.129150,0.275870
54184,0.992187,-0.016968,0.013306,0.998827,-0.002325,-0.012252,0.998905,-0.070000,-0.700000,0.350000,-0.062790,-0.199150,0.275870
54234,0.993652,-0.016479,0.013550,1.000284,-0.001837,-0.012010,1.000358,-0.070000,-0.630000,0.350000,-0.062790,-0.129150,0.275870
54284,0.992310,-0.016113,0.011230,0.998966,-0.001475,-0.014310,0.999070,0.000000,-0.560000,0.350000,0.007210,-0.059150,0.275870
54334,0.992065,-0.016357,0.010498,0.998730,-0.001720,-0.015036,0.998844,-0.070000,-0.560000,0.350000,-0.062790,-0.059150,0.275870
54384,0.991699,-0.015747,0.008301,0.998384,-0.001113,-0.017214,0.998533,0.000000,-0.630000,0.350000,0.007210,-0.129150,0.275870
54434,0.992432,-0.017090,0.012085,0.999081,-0.002448,-0.013463,0.999175,0.000000,-0.770000,0.420000,0.007210,-0.269150,0.345870
54484,0.993042,-0.015381,0.012695,0.999683,-0.000741,-0.012858,0.999766,0.000000,-0.700000,0.280000,0.007210,-0.199150,0.205870
54534,0.993042,-0.016235,0.013428,0.999677,-0.001593,-0.012131,0.999752,0.000000,-0.630000,0.350000,0.007210,-0.129150,0.275870
54584,0.992798,-0.016602,0.012573,0.99442,-0.001960,-0.012979,0.999528,0.000000,-0.560000,0.350000,0.007210,-0.059150,0.275870
54639,0.992187,-0.016602,0.010864,0.998848,-0.001963,-0.014673,0.998958,0.000000,-0.560000,0.420000,0.007210,-0.059150,0.345870
54689,0.993652,-0.015991,0.011108,1.000306,-0.001353,-0.014431,1.000411,-0.070000,-0.630000,0.350000,-0.062790,-0.129150,0.275870
54740,0.992676,-0.015015,0.011353,0.999330,-0.000378,-0.014189,0.999431,0.000000,-0.630000,0.420000,0.007210,-0.129150,0.345870
54790,0.992310,-0.016846,0.010742,0.998971,-0.002207,-0.014794,0.999083,0.000000,-0.630000,0.350000,0.007210,-0.129150,0.275870
54840,0.992798,-0.015015,0.011719,0.999448,-0.000377,-0.013826,0.999544,0.000000,-0.630000,0.420000,0.007210,-0.129150,0.345870
54891,0.993164,-0.015137,0.013062,0.999802,-0.000497,-0.012494,0.999880,0.000000,-0.700000,0.420000,0.007210,-0.199150,0.345870
54941,0.993042,-0.014160,0.012695,0.999683,0.000477,-0.012858,0.999766,-0.070000,-0.560000,0.280000,-0.062790,-0.059150,0.205870
54991,0.992676,-0.016602,0.009155,0.999350,-0.001965,-0.016367,0.999486,0.000000,-0.630000,0.420000,0.007210,-0.129150,0.345870
55043,0.992310,-0.017090,0.010376,0.998974,-0.002451,-0.015157,0.999092,-0.070000,-0.630000,0.350000,-0.062790,-0.129150,0.275870
55093,0.992676,-0.015137,0.011475,0.999329,-0.000499,-0.014068,0.999428,0.000000,-0.630000,0.350000,0.007210,-0.129150,0.275870
55143,0.992187,-0.015381,0.013550,0.998824,-0.000740,-0.012010,0.998897,-0.070000,-0.630000,0.350000,-0.062790,-0.129150,0.275870
55194,0.992187,-0.015747,0.013916,0.998821,-0.001105,-0.011647,0.998890,0.000000,-0.630000,0.350000,0.007210,-0.129150,0.275870
55244,0.993164,-0.015137,0.011230,0.999818,-0.000500,-0.014310,0.999920,-0.070000,-0.560000,0.350000,-0.062790,-0.059150,0.275870
55294,0.992187,-0.016968,0.009521,0.998860,-0.002330,-0.016004,0.998991,0.000000,-0.630000,0.280000,0.007210,-0.129150,0.205870
55344,0.993530,-0.014282,0.011230,1.000182,0.000353,-0.014310,1.000285,0.000000,-0.630000,0.420000,0.007210,-0.129150,0.345870
55394,0.992187,-0.016357,0.010254,0.998853,-0.001720,-0.015278,0.998972,0.000000,-0.770000,0.350000,0.007210,-0.269150,0.275870
55444,0.992798,-0.015259,0.014160,0.999427,-0.000617,-0.011405,0.999492,-0.070000,-0.700000,0.420000,-0.062790,-0.199150,0.345870
55494,0.993408,-0.016968,0.013062,1.000046,-0.002325,-0.012494,1.000126,-0.070000,-0.560000,0.350000,-0.062790,-0.059150,0.275870
55544,0.992310,-0.015747,0.011475,0.998964,-0.001109,-0.014068,0.999064,-0.070000,-0.560000,0.350000,-0.062790,-0.059150,0.275870
55594,0.992065,-0.016357,0.011353,0.998722,-0.001718,-0.014189,0.998824,0.000000,-0.630000,0.350000,0.007210,-0.129150,0.275870
55644,0.991333,-0.015625,0.011353,0.997992,-0.000987,-0.014189,0.998093,-0.070000,-0.630000,0.350000,-0.062790,-0.129150,0.275870
55694,0.992554,-0.015625,0.011841,0.999204,-0.000986,-0.013705,0.999299,0.000000,-0.700000,0.350000,0.007210,-0.199150,0.275870
55744,0.991943,-0.015869,0.011597,0.998598,-0.001230,-0.013947,0.998696,0.000000,-0.630000,0.420000,0.007210,-0.129150,0.345870
55794,0.992310,-0.016357,0.012573,0.998955,-0.001717,-0.012979,0.999041,-0.070000,-0.630000,0.350000,-0.062790,-0.129150,0.275870
55844,0.993408,-0.016479,0.012817,1.000047,-0.001838,-0.012736,1.000130,0.000000,-0.630000,0.350000,0.007210,-0.129150,0.275870
55895,0.992310,-0.015503,0.011841,0.998961,-0.000865,-0.013705,0.999055,-0.070000,-0.560000,0.350000,-0.062790,-0.059150,0.275870
55945,0.992554,-0.014771,0.010620,0.999215,-0.000135,-0.014915,0.999326,0.000000,-0.700000,0.420000,0.007210,-0.199150,0.345870
55995,0.992310,-0.016602,0.011475,0.998964,-0.001962,-0.014068,0.999065,0.000000,-0.630000,0.350000,0.007210,-0.129150,0.275870
56046,0.992310,-0.015991,0.011475,0.998964,-0.001353,-0.014068,0.999064,0.000000,-0.630000,0.350000,0.007210,-0.129150,0.275870
