5685,-0.006958,-0.003296,1.035034,-0.005755,0.012821,1.000602,1.000700,0.000000,-0.630000,0.350000,0.017097,0.005185,-0.023894,0.734,0.329
5735,-0.006714,-0.003052,1.034424,-0.005506,0.013064,0.999997,1.000097,0.000000,-0.630000,0.350000,0.017097,0.005185,-0.023894,0.748,0.315
5785,-0.007324,-0.003662,1.034424,-0.006114,0.012454,0.999997,1.000093,0.000000,-0.630000,0.350000,0.017097,0.005185,-0.023894,0.714,0.350
5836,-0.006470,-0.003296,1.035034,-0.005268,0.012821,1.000602,1.000698,0.000000,-0.630000,0.350000,0.017097,0.005185,-0.023894,0.734,0.302
5886,-0.006592,-0.003906,1.035156,-0.005391,0.012212,1.000723,1.000812,0.000000,-0.630000,0.350000,0.017097,0.005185,-0.023894,0.699,0.309
5936,-0.007080,-0.003052,1.034302,-0.005870,0.013063,0.999876,0.999978,0.000000,-0.630000,0.350000,0.017097,0.005185,-0.023894,0.749,0.336
5986,-0.006714,-0.004272,1.034546,-0.005507,0.011845,1.000118,1.000203,0.000000,-0.630000,0.420000,0.017097,0.005185,0.046106,0.679,0.315
6036,-0.006348,-0.002808,1.034424,-0.005141,0.013307,0.999997,1.000098,0.000000,-0.700000,0.350000,0.017097,-0.064815,-0.023894,0.762,0.295
6086,-0.007446,-0.003906,1.034302,-0.006235,0.012210,0.999876,0.999970,0.000000,-0.630000,0.350000,0.017097,0.005185,-0.023894,0.700,0.357
6136,-0.006836,-0.003418,1.035034,-0.005633,0.012699,1.000602,1.000698,-0.070000,-0.630000,0.350000,-0.052903,0.005185,-0.023894,0.727,0.323
6186,-0.006714,-0.003174,1.034912,-0.005510,0.012942,1.000481,1.000580,0.000000,-0.700000,0.350000,0.017097,-0.064815,-0.023894,0.741,0.316
6236,-0.007690,-0.003540,1.034668,-0.006481,0.012576,1.000239,1.000339,0.000000,-0.630000,0.350000,0.017097,0.005185,-0.023894,0.720,0.371
6286,-0.006470,-0.003418,1.034546,-0.005264,0.012698,1.000118,1.000212,0.000000,-0.630000,0.350000,0.017097,0.005185,-0.023894,0.727,0.302
6336,-0.007202,-0.003052,1.035156,-0.005999,0.013065,1.000723,1.000826,0.000000,-0.700000,0.350000,0.017097,-0.064815,-0.023894,0.748,0.343
6386,-0.006836,-0.003784,1.034668,-0.005630,0.012333,1.000239,1.000331,0.000000,-0.630000,0.350000,0.017097,0.005185,-0.023894,0.706,0.322
6436,-0.006592,-0.002930,1.034424,-0.005384,0.013185,0.999997,1.000098,0.000000,-0.630000,0.350000,0.017097,0.005185,-0.023894,0.755,0.308
6486,-0.007080,-0.003418,1.034058,-0.005868,0.012697,0.999634,0.999731,0.000000,-0.700000,0.350000,0.017097,-0.064815,-0.023894,0.728,0.336
6536,-0.006592,-0.002075,1.034790,-0.005388,0.014039,1.000360,1.000473,0.000000,-0.630000,0.350000,0.017097,0.005185,-0.023894,0.804,0.309
6586,-0.006958,-0.002441,1.034302,-0.005748,0.013673,0.999876,0.999986,0.000000,-0.630000,0.350000,0.017097,0.005185,-0.023894,0.783,0.329
6636,-0.006836,-0.003052,1.034668,-0.005630,0.013064,1.000239,1.000340,0.000000,-0.630000,0.350000,0.017097,0.005185,-0.023894,0.748,0.322
6686,-0.006470,-0.003662,1.035156,-0.005269,0.012455,1.000723,1.000814,0.000000,-0.700000,0.350000,0.017097,-0.064815,-0.023894,0.713,0.302
6736,-0.006836,-0.003784,1.034668,-0.005630,0.012333,1.000239,1.000331,0.000000,-0.700000,0.350000,0.017097,-0.064815,-0.023894,0.706,0.322
6786,-0.006836,-0.002686,1.033936,-0.005624,0.013428,0.999513,0.999619,0.000000,-0.630000,0.350000,0.017097,0.005185,-0.023894,0.770,0.322
6836,-0.007813,-0.003662,1.034790,-0.006604,0.012455,1.000360,1.000459,0.000000,-0.630000,0.350000,0.017097,0.005185,-0.023894,0.713,0.378
6886,-0.008057,-0.003296,1.035767,-0.006856,0.012822,1.001328,1.001433,0.000000,-0.630000,0.350000,0.017097,0.005185,-0.023894,0.734,0.392
6936,-0.006592,-0.003418,1.035034,-0.005390,0.012699,1.000602,1.000697,0.000000,-0.630000,0.350000,0.017097,0.005185,-0.023894,0.727,0.309
6986,-0.007935,-0.003540,1.034912,-0.006727,0.012577,1.000481,1.000582,-0.070000,-0.700000,0.350000,-0.052903,-0.064815,-0.023894,0.720,0.385
7036,-0.007080,-0.003052,1.034546,-0.005872,0.013064,1.000118,1.000220,0.000000,-0.630000,0.350000,0.017097,0.005185,-0.023894,0.748,0.336
7087,-0.006836,-0.003174,1.034424,-0.005628,0.012942,0.999997,1.000096,0.000000,-0.630000,0.350000,0.017097,0.005185,-0.023894,0.741,0.322
7137,-0.007446,-0.003296,1.034912,-0.006240,0.012821,1.000481,1.000582,0.000000,-0.700000,0.350000,0.017097,-0.064815,-0.023894,0.734,0.357
7187,-0.007080,-0.004028,1.034546,-0.005872,0.012089,1.000118,1.000208,0.000000,-0.630000,0.350000,0.017097,0.005185,-0.023894,0.693,0.336
7238,-0.006836,-0.003540,1.034668,-0.005630,0.012576,1.000239,1.000334,0.000000,-0.700000,0.350000,0.017097,-0.064815,-0.023894,0.720,0.322
7288,-0.006714,-0.003540,1.035156,-0.005512,0.012577,1.000723,1.000817,0.000000,-0.630000,0.350000,0.017097,0.005185,-0.023894,0.720,0.316
7338,-0.007446,-0.003540,1.034668,-0.006238,0.012576,1.000239,1.000337,0.000000,-0.700000,0.350000,0.017097,-0.064815,-0.023894,0.720,0.357
7389,-0.008057,-0.003662,1.035156,-0.006850,0.012455,1.000723,1.000824,0.000000,-0.630000,0.350000,0.017097,0.005185,-0.023894,0.713,0.392
7439,-0.006226,-0.003296,1.035034,-0.005025,0.012821,1.000602,1.000696,0.000000,-0.700000,0.350000,0.017097,-0.064815,-0.023894,0.734,0.288
7489,-0.007690,-0.002808,1.035034,-0.006485,0.013308,1.000602,1.000711,0.000000,-0.630000,0.350000,0.017097,0.005185,-0.023894,0.762,0.371
7541,-0.006958,-0.002563,1.035034,-0.005755,0.013552,1.000602,1.000710,0.070000,-0.700000,0.350000,0.087097,-0.064815,-0.023894,0.776,0.329
7591,-0.007324,-0.003662,1.035278,-0.006122,0.012455,1.000844,1.000940,0.000000,-0.630000,0.350000,0.017097,0.005185,-0.023894,0.713,0.350
7641,-0.007080,-0.003296,1.035278,-0.005878,0.012821,1.000844,1.000943,0.000000,-0.630000,0.350000,0.017097,0.005185,-0.023894,0.734,0.336
7691,-0.007080,-0.003540,1.035645,-0.005882,0.012578,1.001207,1.001303,0.000000,-0.630000,0.350000,0.017097,0.005185,-0.023894,0.720,0.337
7741,-0.007324,-0.002686,1.034790,-0.006118,0.013430,1.000360,1.000468,0.000000,-0.700000,0.350000,0.017097,-0.064815,-0.023894,0.769,0.350
7791,-0.006958,-0.003296,1.034912,-0.005754,0.012821,1.000481,1.000579,0.000000,-0.630000,0.350000,0.017097,0.005185,-0.023894,0.734,0.329
7841,-0.007446,-0.003662,1.034546,-0.006237,0.012454,1.000118,1.000215,0.000000,-0.700000,0.350000,0.017097,-0.064815,-0.023894,0.713,0.357
7891,-0.006958,-0.003174,1.034180,-0.005747,0.012941,0.999755,0.999855,0.000000,-0.630000,0.350000,0.017097,0.005185,-0.023894,0.742,0.329
7941,-0.006714,-0.003906,1.035156,-0.005512,0.012212,1.000723,1.000812,0.000000,-0.700000,0.350000,0.017097,-0.064815,-0.023894,0.699,0.316
7991,-0.007690,-0.002808,1.035034,-0.006485,0.013308,1.000602,1.000711,0.000000,-0.700000,0.350000,0.017097,-0.064815,-0.023894,0.762,0.371
8042,-0.007202,-0.002563,1.035156,-0.005999,0.013552,1.000723,1.000833,0.000000,-0.700000,0.350000,0.017097,-0.064815,-0.023894,0.776,0.343
8092,-0.007202,-0.003296,1.035767,-0.006004,0.012822,1.001328,1.001428,0.000000,-0.630000,0.420000,0.017097,0.005185,0.046106,0.734,0.344
8142,-0.006836,-0.003418,1.035522,-0.005637,0.012700,1.001086,1.001182,0.000000,-0.630000,0.350000,0.017097,0.005185,-0.023894,0.727,0.323
8194,-0.007324,-0.003906,1.035156,-0.006120,0.012212,1.000723,1.000816,0.000000,-0.630000,0.280000,0.017097,0.005185,-0.093894,0.699,0.350
8244,-0.006592,-0.002930,1.035156,-0.005391,0.013186,1.000723,1.000824,-0.070000,-0.700000,0.350000,-0.052903,-0.064815,-0.023894,0.755,0.309
8294,-0.007080,-0.004028,1.035522,-0.005880,0.012090,1.001086,1.001176,-0.070000,-0.630000,0.350000,-0.052903,0.005185,-0.023894,0.692,0.337
8345,-0.006836,-0.003418,1.035156,-0.005634,0.012699,1.000723,1.000819,0.000000,-0.700000,0.350000,0.017097,-0.064815,-0.023894,0.727,0.323
8395,-0.006714,-0.003174,1.035400,-0.005515,0.012943,1.000965,1.001064,0.000000,-0.630000,0.350000,0.017097,0.005185,-0.023894,0.741,0.316
8445,-0.006836,-0.003540,1.035400,-0.005636,0.012577,1.000965,1.001060,-0.070000,-0.630000,0.350000,-0.052903,0.005185,-0.023894,0.720,0.323
8497,-0.007446,-0.003174,1.034790,-0.006239,0.012942,1.000360,1.000463,0.000000,-0.630000,0.350000,0.017097,0.005185,-0.023894,0.741,0.357
8547,-0.007202,-0.003174,1.035522,-0.006002,0.012943,1.001086,1.001187,-0.070000,-0.700000,0.420000,-0.052903,-0.064815,0.046106,0.741,0.343
8597,-0.006836,-0.003540,1.034912,-0.005632,0.012577,1.000481,1.000576,0.000000,-0.700000,0.350000,0.017097,-0.064815,-0.023894,0.720,0.322
8648,-0.008057,-0.003052,1.035400,-0.006853,0.013065,1.000965,1.001073,0.000000,-0.630000,0.350000,0.017097,0.005185,-0.023894,0.748,0.392
8698,-0.006104,-0.003296,1.034912,-0.004902,0.012821,1.000481,1.000575,0.000000,-0.630000,0.350000,0.017097,0.005185,-0.023894,0.734,0.281
8748,-0.008057,-0.002563,1.035522,-0.006854,0.013553,1.001086,1.001201,0.000000,-0.630000,0.350000,0.017097,0.005185,-0.023894,0.776,0.392
8798,-0.006592,-0.003540,1.034424,-0.005384,0.012576,0.999997,1.000090,0.000000,-0.700000,0.350000,0.017097,-0.064815,-0.023894,0.721,0.308
8848,-0.006592,-0.003662,1.034912,-0.005389,0.012455,1.000481,1.000573,0.000000,-0.630000,0.350000,0.017097,0.005185,-0.023894,0.713,0.309
8898,-0.007202,-0.002930,1.034790,-0.005996,0.013186,1.000360,1.000465,0.000000,-0.700000,0.350000,0.017097,-0.064815,-0.023894,0.755,0.343
8948,-0.006958,-0.002441,1.034424,-0.005750,0.013673,0.999997,1.000107,0.000000,-0.630000,0.350000,0.017097,0.005185,-0.023894,0.783,0.329
8998,-0.006836,-0.003662,1.035278,-0.005635,0.012455,1.000844,1.000937,0.000000,-0.630000,0.350000,0.017097,0.005185,-0.023894,0.713,0.323
9048,-0.006958,-0.002808,1.035156,-0.005756,0.013308,1.000723,1.000828,0.000000,-0.700000,0.350000,0.017097,-0.064815,-0.023894,0.762,0.330
9098,-0.006958,-0.003418,1.035522,-0.005759,0.012700,1.001086,1.001183,0.000000,-0.630000,0.350000,0.017097,0.005185,-0.023894,0.727,0.330
9150,-0.007202,-0.002686,1.034790,-0.005996,0.013430,1.000360,1.000468,0.000000,-0.630000,0.350000,0.017097,0.005185,-0.023894,0.769,0.343
9200,-0.006714,-0.003418,1.035278,-0.005513,0.012699,1.000844,1.000939,0.000000,-0.700000,0.350000,0.017097,-0.064815,-0.023894,0.727,0.316
9250,-0.006714,-0.002930,1.035034,-0.005511,0.013186,1.000602,1.000704,0.000000,-0.700000,0.350000,0.017097,-0.064815,-0.023894,0.755,0.316
9300,-0.007324,-0.003174,1.035156,-0.006121,0.012943,1.000723,1.000825,0.000000,-0.630000,0.350000,0.017097,0.005185,-0.023894,0.741,0.350
9350,-0.006836,-0.002930,1.034790,-0.005631,0.013186,1.000360,1.000462,-0.070000,-0.630000,0.350000,-0.052903,0.005185,-0.023894,0.755,0.322
9400,-0.007080,-0.002441,1.034912,-0.005875,0.013674,1.000481,1.000591,0.000000,-0.630000,0.350000,0.017097,0.005185,-0.023894,0.783,0.336
9450,-0.006348,-0.003662,1.035522,-0.005151,0.012456,1.001086,1.001176,0.000000,-0.630000,0.350000,0.017097,0.005185,-0.023894,0.713,0.295
9500,-0.006470,-0.004395,1.034912,-0.005267,0.011724,1.000481,1.000563,0.000000,-0.630000,0.350000,0.017097,0.005185,-0.023894,0.671,0.302
9550,-0.007690,-0.003052,1.035034,-0.006485,0.013064,1.000602,1.000708,0.000000,-0.630000,0.350000,0.017097,0.005185,-0.023894,0.748,0.371
9600,-0.006836,-0.004395,1.034790,-0.005631,0.011723,1.000360,1.000444,0.000000,-0.700000,0.350000,0.017097,-0.064815,-0.023894,0.671,0.322
9651,-0.007568,-0.003174,1.035400,-0.006366,0.012943,1.000965,1.001069,0.000000,-0.630000,0.350000,0.017097,0.005185,-0.023894,0.741,0.364
9701,-0.006714,-0.002686,1.034790,-0.005509,0.013430,1.000360,1.000465,0.000000,-0.630000,0.350000,0.017097,0.005185,-0.023894,0.769,0.316
9751,-0.006836,-0.003418,1.034546,-0.005629,0.012698,1.000118,1.000214,0.000000,-0.630000,0.350000,0.017097,0.005185,-0.023894,0.727,0.322
9802,-0.007568,-0.003540,1.035034,-0.006363,0.012577,1.000602,1.000701,0.000000,-0.700000,0.350000,0.017097,-0.064815,-0.023894,0.720,0.364
9852,-0.006958,-0.002563,1.034668,-0.005752,0.013551,1.000239,1.000347,0.000000,-0.630000,0.350000,0.017097,0.005185,-0.023894,0.776,0.329
9902,-0.006958,-0.003418,1.034668,-0.005751,0.012698,1.000239,1.000336,0.000000,-0.630000,0.350000,0.017097,0.005185,-0.023894,0.727,0.329
9952,-0.007446,-0.003906,1.034790,-0.006239,0.012211,1.000360,1.000454,0.000000,-0.630000,0.350000,0.017097,0.005185,-0.023894,0.699,0.357
10002,-0.006592,-0.003418,1.035400,-0.005393,0.012699,1.000965,1.001060,0.000000,-0.630000,0.350000,0.017097,0.005185,-0.023894,0.727,0.309
10052,-0.006958,-0.003296,1.034790,-0.005752,0.012820,1.000360,1.000458,0.000000,-0.630000,0.350000,0.017097,0.005185,-0.023894,0.734,0.329
10102,-0.006958,-0.003540,1.035156,-0.005756,0.012577,1.000723,1.000818,0.000000,-0.700000,0.350000,0.017097,-0.064815,-0.023894,0.720,0.330
10152,-0.007568,-0.003662,1.034668,-0.006360,0.012455,1.000239,1.000336,0.000000,-0.700000,0.350000,0.017097,-0.064815,-0.023894,0.713,0.364
10202,-0.007080,-0.004028,1.034912,-0.005875,0.012089,1.000481,1.000571,0.000000,-0.630000,0.350000,0.017097,0.005185,-0.023894,0.692,0.336
10252,-0.007935,-0.003052,1.035156,-0.006729,0.013065,1.000723,1.000831,0.000000,-0.630000,0.350000,0.017097,0.005185,-0.023894,0.748,0.385
10302,-0.006714,-0.004272,1.035034,-0.005511,0.011846,1.000602,1.000687,0.000000,-0.630000,0.350000,0.017097,0.005185,-0.023894,0.678,0.316
10352,-0.007324,-0.003296,1.035645,-0.006125,0.012822,1.001207,1.001308,0.000000,-0.630000,0.350000,0.017097,0.005185,-0.023894,0.734,0.350
10402,-0.007324,-0.004272,1.035278,-0.006121,0.011846,1.000844,1.000933,0.000000,-0.630000,0.420000,0.017097,0.005185,0.046106,0.678,0.350
10452,-0.006714,-0.003052,1.035156,-0.005512,0.013065,1.000723,1.000823,0.000000,-0.630000,0.350000,0.017097,0.005185,-0.023894,0.748,0.316
10503,-0.006836,-0.003784,1.034668,-0.005630,0.012333,1.000239,1.000331,0.000000,-0.630000,0.350000,0.017097,0.005185,-0.023894,0.706,0.322
10553,-0.007202,-0.002441,1.035156,-0.005999,0.013674,1.000723,1.000834,0.000000,-0.630000,0.350000,0.017097,0.005185,-0.023894,0.783,0.343
10603,-0.007324,-0.003296,1.035522,-0.006124,0.012821,1.001086,1.001187,0.000000,-0.630000,0.350000,0.017097,0.005185,-0.023894,0.734,0.350
10654,-0.007080,-0.003662,1.034546,-0.005872,0.012454,1.000118,1.000212,0.000000,-0.630000,0.420000,0.017097,0.005185,0.046106,0.713,0.336
10704,-0.007446,-0.003540,1.034912,-0.006240,0.012577,1.000481,1.000579,0.000000,-0.700000,0.350000,0.017097,-0.064815,-0.023894,0.720,0.357
10754,-0.007202,-0.002563,1.035156,-0.005999,0.013552,1.000723,1.000833,0.000000,-0.630000,0.350000,0.017097,0.005185,-0.023894,0.776,0.343
10804,-0.006226,-0.003662,1.035400,-0.005028,0.012456,1.000965,1.001055,0.000000,-0.630000,0.350000,0.017097,0.005185,-0.023894,0.713,0.288
10854,-0.006836,-0.003418,1.034546,-0.005629,0.012698,1.000118,1.000214,0.000000,-0.630000,0.350000,0.017097,0.005185,-0.023894,0.727,0.322
10904,-0.006592,-0.003418,1.035400,-0.005393,0.012699,1.000965,1.001060,0.000000,-0.700000,0.350000,0.017097,-0.064815,-0.023894,0.727,0.309
10954,-0.007324,-0.003418,1.034912,-0.006118,0.012699,1.000481,1.000580,0.000000,-0.630000,0.350000,0.017097,0.005185,-0.023894,0.727,0.350
11005,-0.007080,-0.003296,1.034790,-0.005874,0.012820,1.000360,1.000459,0.000000,-0.630000,0.350000,0.017097,0.005185,-0.023894,0.734,0.336
11055,-0.007324,-0.003296,1.034424,-0.006114,0.012820,0.999997,1.000098,0.000000,-0.700000,0.420000,0.017097,-0.064815,0.046106,0.734,0.350
11105,-0.006836,-0.003052,1.035034,-0.005633,0.013064,1.000602,1.000703,0.000000,-0.630000,0.350000,0.017097,0.005185,-0.023894,0.748,0.323
11156,-0.007690,-0.003662,1.034912,-0.006483,0.012455,1.000481,1.000579,0.000000,-0.630000,0.350000,0.017097,0.005185,-0.023894,0.713,0.371
11206,-0.007080,-0.003662,1.035156,-0.005877,0.012455,1.000723,1.000818,0.000000,-0.630000,0.350000,0.017097,0.005185,-0.023894,0.713,0.336
11256,-0.007080,-0.004028,1.034790,-0.005874,0.012089,1.000360,1.000450,0.000000,-0.630000,0.350000,0.017097,0.005185,-0.023894,0.692,0.336
11306,-0.007813,-0.003052,1.035522,-0.006610,0.013065,1.001086,1.001193,-0.070000,-0.630000,0.350000,-0.052903,0.005185,-0.023894,0.748,0.378
11356,-0.007446,-0.004028,1.034668,-0.006238,0.012089,1.000239,1.000331,0.000000,-0.630000,0.350000,0.017097,0.005185,-0.023894,0.692,0.357
11406,-0.007324,-0.002930,1.035278,-0.006122,0.013187,1.000844,1.000949,0.000000,-0.700000,0.350000,0.017097,-0.064815,-0.023894,0.755,0.350
11456,-0.007446,-0.003784,1.034912,-0.006240,0.012333,1.000481,1.000576,0.000000,-0.630000,0.350000,0.017097,0.005185,-0.023894,0.706,0.357
11507,-0.007080,-0.002808,1.034546,-0.005872,0.013307,1.000118,1.000223,0.000000,-0.630000,0.350000,0.017097,0.005185,-0.023894,0.762,0.336
11557,-0.007690,-0.004028,1.034912,-0.006483,0.012089,1.000481,1.000575,0.000000,-0.630000,0.350000,0.017097,0.005185,-0.023894,0.692,0.371
11607,-0.007446,-0.003540,1.035522,-0.006245,0.012578,1.001086,1.001184,0.000000,-0.630000,0.350000,0.017097,0.005185,-0.023894,0.720,0.357
11658,-0.006226,-0.003662,1.035645,-0.005030,0.012456,1.001207,1.001297,0.000000,-0.700000,0.350000,0.017097,-0.064815,-0.023894,0.713,0.288
11708,-0.007202,-0.003174,1.035522,-0.006002,0.012943,1.001086,1.001187,-0.070000,-0.630000,0.350000,-0.052903,0.005185,-0.023894,0.741,0.343
11758,-0.006836,-0.004761,1.034790,-0.005630,0.011358,1.000360,1.000440,0.000000,-0.630000,0.350000,0.017097,0.005185,-0.023894,0.650,0.322
11809,-0.006958,-0.003296,1.035034,-0.005755,0.012821,1.000602,1.000700,0.000000,-0.700000,0.350000,0.017097,-0.064815,-0.023894,0.734,0.329
11859,-0.007446,-0.003418,1.035645,-0.006246,0.012700,1.001207,1.001307,0.000000,-0.630000,0.350000,0.017097,0.005185,-0.023894,0.727,0.357
11909,-0.006714,-0.004272,1.035034,-0.005511,0.011846,1.000602,1.000687,0.000000,-0.630000,0.350000,0.017097,0.005185,-0.023894,0.678,0.316
11959,-0.007202,-0.003174,1.035034,-0.005998,0.012943,1.000602,1.000703,0.000000,-0.700000,0.350000,0.017097,-0.064815,-0.023894,0.741,0.343
12009,-0.006836,-0.003174,1.035278,-0.005635,0.012943,1.000844,1.000943,0.000000,-0.630000,0.350000,0.017097,0.005185,-0.023894,0.741,0.323
12059,-0.006836,-0.003906,1.034912,-0.005632,0.012211,1.000481,1.000571,-0.070000,-0.700000,0.350000,-0.052903,-0.064815,-0.023894,0.699,0.322
12109,-0.007690,-0.002686,1.034668,-0.006481,0.013430,1.000239,1.000350,0.000000,-0.630000,0.350000,0.017097,0.005185,-0.023894,0.769,0.371
12159,-0.007080,-0.004517,1.035278,-0.005878,0.011602,1.000844,1.000928,0.000000,-0.700000,0.350000,0.017097,-0.064815,-0.023894,0.664,0.336
12209,-0.006714,-0.002808,1.034790,-0.005509,0.013308,1.000360,1.000463,-0.070000,-0.630000,0.350000,-0.052903,0.005185,-0.023894,0.762,0.316
12259,-0.008057,-0.003540,1.035034,-0.006849,0.012577,1.000602,1.000704,0.000000,-0.700000,0.350000,0.017097,-0.064815,-0.023894,0.720,0.392
12311,-0.007568,-0.003296,1.035278,-0.006365,0.012821,1.000844,1.000946,0.000000,-0.630000,0.350000,0.017097,0.005185,-0.023894,0.734,0.364
12361,-0.006714,-0.003296,1.035645,-0.005517,0.012822,1.001207,1.001304,-0.070000,-0.630000,0.350000,-0.052903,0.005185,-0.023894,0.734,0.316
12411,-0.006714,-0.002930,1.035156,-0.005513,0.013186,1.000723,1.000825,0.000000,-0.630000,0.350000,0.017097,0.005185,-0.023894,0.755,0.316
12462,-0.006714,-0.003296,1.034790,-0.005509,0.012820,1.000360,1.000457,0.000000,-0.630000,0.350000,0.017097,0.005185,-0.023894,0.734,0.316
12512,-0.006714,-0.004395,1.034668,-0.005508,0.011723,1.000239,1.000322,0.000000,-0.700000,0.350000,0.017097,-0.064815,-0.023894,0.672,0.315
12562,-0.006470,-0.003174,1.035156,-0.005269,0.012943,1.000723,1.000820,0.000000,-0.700000,0.350000,0.017097,-0.064815,-0.023894,0.741,0.302
12614,-0.007202,-0.003296,1.034790,-0.005996,0.012820,1.000360,1.000460,0.000000,-0.630000,0.350000,0.017097,0.005185,-0.023894,0.734,0.343
12664,-0.007690,-0.003784,1.035278,-0.006486,0.012334,1.000844,1.000941,-0.070000,-0.630000,0.350000,-0.052903,0.005185,-0.023894,0.706,0.371
12714,-0.006470,-0.002686,1.034668,-0.005265,0.013430,1.000239,1.000343,0.000000,-0.700000,0.350000,0.017097,-0.064815,-0.023894,0.769,0.302
12765,-0.006470,-0.003296,1.034912,-0.005267,0.012821,1.000481,1.000577,-0.070000,-0.630000,0.350000,-0.052903,0.005185,-0.023894,0.734,0.302
12815,-0.006714,-0.004028,1.034790,-0.005509,0.012089,1.000360,1.000448,0.000000,-0.700000,0.350000,0.017097,-0.064815,-0.023894,0.692,0.316
12865,-0.007080,-0.004272,1.034668,-0.005873,0.011845,1.000239,1.000326,0.000000,-0.630000,0.420000,0.017097,0.005185,0.046106,0.678,0.336
12915,-0.007568,-0.002808,1.035156,-0.006364,0.013308,1.000723,1.000831,0.000000,-0.630000,0.350000,0.017097,0.005185,-0.023894,0.762,0.364
12965,-0.007202,-0.003540,1.035278,-0.006000,0.012577,1.000844,1.000941,0.000000,-0.630000,0.350000,0.017097,0.005185,-0.023894,0.720,0.343
13015,-0.008301,-0.003784,1.035645,-0.007098,0.012334,1.001207,1.001308,0.000000,-0.630000,0.350000,0.017097,0.005185,-0.023894,0.706,0.406
13065,-0.006958,-0.003174,1.035034,-0.005755,0.012943,1.000602,1.000702,-0.070000,-0.630000,0.350000,-0.052903,0.005185,-0.023894,0.741,0.329
13115,-0.005981,-0.003296,1.034668,-0.004778,0.012820,1.000239,1.000332,0.000000,-0.630000,0.350000,0.017097,0.005185,-0.023894,0.734,0.274
13165,-0.006836,-0.002686,1.034790,-0.005631,0.013430,1.000360,1.000466,0.000000,-0.630000,0.350000,0.017097,0.005185,-0.023894,0.769,0.322
13215,-0.007568,-0.003784,1.034058,-0.006354,0.012332,0.999634,0.999730,0.000000,-0.630000,0.350000,0.017097,0.005185,-0.023894,0.707,0.364
13267,-0.007080,-0.003418,1.035767,-0.005883,0.012700,1.001328,1.001426,0.000000,-0.630000,0.350000,0.017097,0.005185,-0.023894,0.727,0.337
13317,-0.007446,-0.002808,1.034912,-0.006240,0.013308,1.000481,1.000589,0.000000,-0.630000,0.350000,0.017097,0.005185,-0.023894,0.762,0.357
13367,-0.006958,-0.002319,1.034912,-0.005754,0.013795,1.000481,1.000592,0.000000,-0.700000,0.350000,0.017097,-0.064815,-0.023894,0.790,0.329
13418,-0.007324,-0.003174,1.034912,-0.006119,0.012942,1.000481,1.000583,0.000000,-0.630000,0.350000,0.017097,0.005185,-0.023894,0.741,0.350
13468,-0.006226,-0.003174,1.034668,-0.005022,0.012942,1.000239,1.000335,0.000000,-0.630000,0.350000,0.017097,0.005185,-0.023894,0.741,0.288
13518,-0.006836,-0.004761,1.034912,-0.005631,0.011358,1.000481,1.000561,0.000000,-0.630000,0.350000,0.017097,0.005185,-0.023894,0.650,0.322
13570,-0.006958,-0.002563,1.034790,-0.005753,0.013552,1.000360,1.000468,0.000000,-0.700000,0.350000,0.017097,-0.064815,-0.023894,0.776,0.329
13620,-0.007690,-0.003296,1.035156,-0.006486,0.012821,1.000723,1.000826,0.000000,-0.630000,0.350000,0.017097,0.005185,-0.023894,0.734,0.371
13670,-0.006104,-0.003052,1.035156,-0.004904,0.013065,1.000723,1.000820,0.000000,-0.630000,0.350000,0.017097,0.005185,-0.023894,0.748,0.281
13720,-0.006958,-0.003784,1.035156,-0.005756,0.012333,1.000723,1.000815,0.000000,-0.630000,0.350000,0.017097,0.005185,-0.023894,0.706,0.330
13770,-0.006348,-0.003296,1.035156,-0.005147,0.012821,1.000723,1.000818,0.000000,-0.700000,0.350000,0.017097,-0.064815,-0.023894,0.734,0.295
13820,-0.006592,-0.003662,1.034790,-0.005387,0.012455,1.000360,1.000452,0.000000,-0.630000,0.350000,0.017097,0.005185,-0.023894,0.713,0.309
13871,-0.006836,-0.003052,1.035278,-0.005635,0.013065,1.000844,1.000945,0.000000,-0.700000,0.350000,0.017097,-0.064815,-0.023894,0.748,0.323
13921,-0.006470,-0.003662,1.035156,-0.005269,0.012455,1.000723,1.000814,0.000000,-0.700000,0.280000,0.017097,-0.064815,-0.093894,0.713,0.302
13971,-0.007690,-0.003540,1.035522,-0.006489,0.012578,1.001086,1.001186,0.000000,-0.630000,0.350000,0.017097,0.005185,-0.023894,0.720,0.371
14021,-0.007324,-0.003662,1.034668,-0.006116,0.012455,1.000239,1.000335,0.000000,-0.630000,0.350000,0.017097,0.005185,-0.023894,0.713,0.350
14072,-0.006836,-0.002930,1.034912,-0.005632,0.013186,1.000481,1.000583,0.000000,-0.630000,0.350000,0.017097,0.005185,-0.023894,0.755,0.323
14122,-0.007446,-0.003052,1.034302,-0.006235,0.013063,0.999876,0.999980,0.070000,-0.630000,0.350000,0.087097,0.005185,-0.023894,0.749,0.357
14172,-0.006714,-0.003174,1.035034,-0.005511,0.012943,1.000602,1.000700,0.000000,-0.630000,0.350000,0.017097,0.005185,-0.023894,0.741,0.316
14223,-0.007568,-0.003540,1.034790,-0.006361,0.012577,1.000360,1.000459,0.000000,-0.700000,0.350000,0.017097,-0.064815,-0.023894,0.720,0.364
14273,-0.007568,-0.004028,1.034912,-0.006362,0.012089,1.000481,1.000574,0.000000,-0.630000,0.350000,0.017097,0.005185,-0.023894,0.692,0.364
14323,-0.006958,-0.003662,1.035156,-0.005756,0.012455,1.000723,1.000817,0.000000,-0.700000,0.420000,0.017097,-0.064815,0.046106,0.713,0.330
14373,-0.007324,-0.003662,1.035278,-0.006122,0.012455,1.000844,1.000940,0.000000,-0.630000,0.350000,0.017097,0.005185,-0.023894,0.713,0.350
14423,-0.006958,-0.003540,1.035034,-0.005755,0.012577,1.000602,1.000697,0.000000,-0.630000,0.350000,0.017097,0.005185,-0.023894,0.720,0.329
14473,-0.007080,-0.003052,1.034912,-0.005875,0.013064,1.000481,1.000583,0.000000,-0.700000,0.350000,0.017097,-0.064815,-0.023894,0.748,0.336
14523,-0.006836,-0.003418,1.035034,-0.005633,0.012699,1.000602,1.000698,0.000000,-0.630000,0.350000,0.017097,0.005185,-0.023894,0.727,0.323
14573,-0.007568,-0.002686,1.034912,-0.006362,0.013430,1.000481,1.000591,0.000000,-0.700000,0.350000,0.017097,-0.064815,-0.023894,0.769,0.364
14623,-0.007568,-0.002563,1.033691,-0.006351,0.013550,0.999271,0.999383,-0.070000,-0.630000,0.350000,-0.052903,0.005185,-0.023894,0.777,0.364
14673,-0.007324,-0.003296,1.034546,-0.006115,0.012820,1.000118,1.000219,0.000000,-0.700000,0.350000,0.017097,-0.064815,-0.023894,0.734,0.350
14724,-0.007202,-0.004150,1.033813,-0.005987,0.011966,0.999392,0.999481,0.000000,-0.700000,0.350000,0.017097,-0.064815,-0.023894,0.686,0.343
14774,-0.007202,-0.002930,1.034058,-0.005989,0.013185,0.999634,0.999738,0.000000,-0.700000,0.350000,0.017097,-0.064815,-0.023894,0.756,0.343
14824,-0.006958,-0.003540,1.034180,-0.005747,0.012576,0.999755,0.999850,0.000000,-0.700000,0.350000,0.017097,-0.064815,-0.023894,0.721,0.329
14876,-0.007324,-0.004395,1.033447,-0.006105,0.011722,0.999029,0.999116,0.000000,-0.700000,0.420000,0.017097,-0.064815,0.046106,0.672,0.350
14926,-0.006592,-0.003662,1.034180,-0.005382,0.012454,0.999755,0.999847,0.000000,-0.630000,0.350000,0.017097,0.005185,-0.023894,0.714,0.308
14976,-0.007080,-0.004150,1.034302,-0.005870,0.011967,0.999876,0.999964,0.000000,-0.700000,0.350000,0.017097,-0.064815,-0.023894,0.686,0.336
15026,-0.006836,-0.003418,1.034058,-0.005624,0.012697,0.999634,0.999730,0.000000,-0.630000,0.420000,0.017097,0.005185,0.046106,0.728,0.322
15076,-0.007568,-0.004395,1.034668,-0.006359,0.011723,1.000239,1.000328,0.000000,-0.630000,0.350000,0.017097,0.005185,-0.023894,0.672,0.364
15126,-0.008179,-0.003052,1.034546,-0.006967,0.013064,1.000118,1.000227,0.000000,-0.630000,0.350000,0.017097,0.005185,-0.023894,0.748,0.399
15177,-0.007080,-0.003296,1.034668,-0.005873,0.012820,1.000239,1.000338,0.000000,-0.630000,0.350000,0.017097,0.005185,-0.023894,0.734,0.336
15227,-0.007324,-0.003906,1.035034,-0.006119,0.012211,1.000602,1.000695,0.000000,-0.630000,0.350000,0.017097,0.005185,-0.023894,0.699,0.350
15277,-0.007202,-0.003174,1.034424,-0.005993,0.012942,0.999997,1.000098,0.000000,-0.630000,0.350000,0.017097,0.005185,-0.023894,0.741,0.343
15327,-0.007568,-0.003418,1.034790,-0.006361,0.012698,1.000360,1.000461,0.000000,-0.700000,0.350000,0.017097,-0.064815,-0.023894,0.727,0.364
15378,-0.006714,-0.004272,1.034790,-0.005509,0.011845,1.000360,1.000445,0.000000,-0.630000,0.350000,0.017097,0.005185,-0.023894,0.678,0.315
15428,-0.007568,-0.003662,1.034668,-0.006360,0.012455,1.000239,1.000336,-0.070000,-0.630000,0.350000,-0.052903,0.005185,-0.023894,0.713,0.364
15478,-0.006836,-0.002808,1.035278,-0.005635,0.013309,1.000844,1.000948,0.000000,-0.630000,0.350000,0.017097,0.005185,-0.023894,0.762,0.323
15529,-0.006714,-0.003540,1.034302,-0.005505,0.012576,0.999876,0.999970,0.000000,-0.700000,0.350000,0.017097,-0.064815,-0.023894,0.721,0.315
15579,-0.007568,-0.004028,1.034546,-0.006358,0.012089,1.000118,1.000211,0.000000,-0.700000,0.350000,0.017097,-0.064815,-0.023894,0.693,0.364
15629,-0.006958,-0.003174,1.035400,-0.005758,0.012943,1.000965,1.001065,0.000000,-0.630000,0.420000,0.017097,0.005185,0.046106,0.741,0.330
15680,-0.006958,-0.003540,1.034790,-0.005752,0.012577,1.000360,1.000455,0.000000,-0.630000,0.350000,0.017097,0.005185,-0.023894,0.720,0.329
15730,-0.006836,-0.004150,1.034668,-0.005630,0.011967,1.000239,1.000326,0.000000,-0.700000,0.420000,0.017097,-0.064815,0.046106,0.685,0.322
15780,-0.007202,-0.003540,1.034668,-0.005995,0.012576,1.000239,1.000336,0.000000,-0.630000,0.350000,0.017097,0.005185,-0.023894,0.720,0.343
15830,-0.006592,-0.003296,1.034424,-0.005384,0.012820,0.999997,1.000093,0.000000,-0.630000,0.350000,0.017097,0.005185,-0.023894,0.734,0.308
15880,-0.006958,-0.003906,1.034302,-0.005748,0.012210,0.999876,0.999967,0.000000,-0.630000,0.350000,0.017097,0.005185,-0.023894,0.700,0.329
15930,-0.007324,-0.003784,1.034424,-0.006114,0.012332,0.999997,1.000091,0.000000,-0.700000,0.350000,0.017097,-0.064815,-0.023894,0.707,0.350
15980,-0.006348,-0.003174,1.034424,-0.005141,0.012942,0.999997,1.000094,0.000000,-0.630000,0.420000,0.017097,0.005185,0.046106,0.741,0.295
16030,-0.007202,-0.003662,1.034668,-0.005995,0.012455,1.000239,1.000334,0.000000,-0.700000,0.350000,0.017097,-0.064815,-0.023894,0.713,0.343
16080,-0.007080,-0.003540,1.034180,-0.005869,0.012576,0.999755,0.999851,0.000000,-0.630000,0.350000,0.017097,0.005185,-0.023894,0.721,0.336
16130,-0.006958,-0.003784,1.034546,-0.005750,0.012332,1.000118,1.000210,0.000000,-0.700000,0.350000,0.017097,-0.064815,-0.023894,0.706,0.329
16182,-0.007202,-0.003540,1.034180,-0.005990,0.012576,0.999755,0.999852,0.000000,-0.630000,0.350000,0.017097,0.005185,-0.023894,0.721,0.343
16232,-0.006470,-0.002930,1.034424,-0.005263,0.013185,0.999997,1.000097,0.000000,-0.700000,0.350000,0.017097,-0.064815,-0.023894,0.755,0.302
16282,-0.007202,-0.003784,1.033813,-0.005987,0.012331,0.999392,0.999486,0.000000,-0.630000,0.350000,0.017097,0.005185,-0.023894,0.707,0.343
16334,-0.007080,-0.004150,1.034912,-0.005875,0.011967,1.000481,1.000569,-0.070000,-0.630000,0.350000,-0.052903,0.005185,-0.023894,0.685,0.336
16384,-0.006836,-0.003540,1.034424,-0.005628,0.012576,0.999997,1.000092,-0.070000,-0.630000,0.350000,-0.052903,0.005185,-0.023894,0.721,0.322
16434,-0.007080,-0.003418,1.034424,-0.005871,0.012698,0.999997,1.000095,0.000000,-0.700000,0.350000,0.017097,-0.064815,-0.023894,0.728,0.336
16484,-0.006714,-0.003296,1.034180,-0.005504,0.012819,0.999755,0.999852,-0.070000,-0.630000,0.350000,-0.052903,0.005185,-0.023894,0.735,0.315
16534,-0.006958,-0.003906,1.035156,-0.005755,0.012212,1.000723,1.000814,0.000000,-0.630000,0.420000,0.017097,0.005185,0.046106,0.699,0.329
16584,-0.007813,-0.004028,1.034790,-0.006604,0.012089,1.000360,1.000455,0.000000,-0.630000,0.350000,0.017097,0.005185,-0.023894,0.692,0.378
16636,-0.007202,-0.003540,1.034302,-0.005991,0.012576,0.999876,0.999973,0.000000,-0.630000,0.350000,0.017097,0.005185,-0.023894,0.721,0.343
16686,-0.006958,-0.003296,1.034546,-0.005750,0.012820,1.000118,1.000216,0.000000,-0.700000,0.350000,0.017097,-0.064815,-0.023894,0.734,0.329
16736,-0.007446,-0.003784,1.034424,-0.006236,0.012332,0.999997,1.000092,0.000000,-0.630000,0.350000,0.017097,0.005185,-0.023894,0.707,0.357
16787,-0.007202,-0.003540,1.033203,-0.005982,0.012574,0.998787,0.998884,0.000000,-0.630000,0.350000,0.017097,0.005185,-0.023894,0.721,0.343
16837,-0.007935,-0.003540,1.034058,-0.006719,0.012576,0.999634,0.999735,0.000000,-0.630000,0.350000,0.017097,0.005185,-0.023894,0.721,0.385
16887,-0.007324,-0.003784,1.033813,-0.006109,0.012331,0.999392,0.999486,0.000000,-0.700000,0.350000,0.017097,-0.064815,-0.023894,0.707,0.350
16938,-0.007446,-0.003906,1.034546,-0.006237,0.012211,1.000118,1.000212,0.000000,-0.700000,0.350000,0.017097,-0.064815,-0.023894,0.699,0.357
16988,-0.006958,-0.004517,1.033691,-0.005743,0.011600,0.999271,0.999354,0.000000,-0.700000,0.350000,0.017097,-0.064815,-0.023894,0.665,0.329
17038,-0.006836,-0.003540,1.034180,-0.005625,0.012576,0.999755,0.999849,0.000000,-0.630000,0.350000,0.017097,0.005185,-0.023894,0.721,0.322
17088,-0.006470,-0.003052,1.034912,-0.005267,0.013064,1.000481,1.000580,0.000000,-0.630000,0.350000,0.017097,0.005185,-0.023894,0.748,0.302
17138,-0.007690,-0.003418,1.034424,-0.006479,0.012698,0.999997,1.000098,0.000000,-0.630000,0.350000,0.017097,0.005185,-0.023894,0.728,0.371
17188,-0.006104,-0.003662,1.033936,-0.004893,0.012453,0.999513,0.999602,-0.070000,-0.630000,0.350000,-0.052903,0.005185,-0.023894,0.714,0.280
17238,-0.007446,-0.003784,1.034180,-0.006234,0.012332,0.999755,0.999850,0.000000,-0.630000,0.420000,0.017097,0.005185,0.046106,0.707,0.357
17289,-0.006836,-0.003784,1.034180,-0.005625,0.012332,0.999755,0.999846,0.000000,-0.630000,0.350000,0.017097,0.005185,-0.023894,0.707,0.322
17339,-0.007080,-0.002808,1.034180,-0.005869,0.013307,0.999755,0.999860,0.000000,-0.700000,0.350000,0.017097,-0.064815,-0.023894,0.763,0.336
17389,-0.007202,-0.003662,1.034058,-0.005989,0.012454,0.999634,0.999729,0.000000,-0.630000,0.350000,0.017097,0.005185,-0.023894,0.714,0.343
17441,-0.008179,-0.003784,1.035645,-0.006976,0.012334,1.001207,1.001307,0.000000,-0.630000,0.420000,0.017097,0.005185,0.046106,0.706,0.399
17491,-0.005981,-0.003052,1.035034,-0.004782,0.013064,1.000602,1.000698,0.000000,-0.700000,0.350000,0.017097,-0.064815,-0.023894,0.748,0.274
17541,-0.007080,-0.003418,1.035278,-0.005878,0.012699,1.000844,1.000942,0.000000,-0.630000,0.350000,0.017097,0.005185,-0.023894,0.727,0.336
17591,-0.007202,-0.004028,1.035156,-0.005999,0.012090,1.000723,1.000814,0.000000,-0.630000,0.350000,0.017097,0.005185,-0.023894,0.692,0.343
17641,-0.006836,-0.002808,1.035400,-0.005636,0.013309,1.000965,1.001069,0.000000,-0.630000,0.350000,0.017097,0.005185,-0.023894,0.762,0.323
17691,-0.006592,-0.003418,1.034668,-0.005386,0.012698,1.000239,1.000334,0.000000,-0.700000,0.350000,0.017097,-0.064815,-0.023894,0.727,0.309
17742,-0.006836,-0.003784,1.035767,-0.005639,0.012334,1.001328,1.001420,0.000000,-0.630000,0.350000,0.017097,0.005185,-0.023894,0.706,0.323
17792,-0.007324,-0.003296,1.035034,-0.006120,0.012821,1.000602,1.000703,0.000000,-0.630000,0.350000,0.017097,0.005185,-0.023894,0.734,0.350
17842,-0.007324,-0.003296,1.034912,-0.006118,0.012821,1.000481,1.000582,-0.070000,-0.630000,0.350000,-0.052903,0.005185,-0.023894,0.734,0.350
17892,-0.006592,-0.003784,1.035400,-0.005393,0.012334,1.000965,1.001055,-0.070000,-0.700000,0.350000,-0.052903,-0.064815,-0.023894,0.706,0.309
17942,-0.007080,-0.003906,1.035278,-0.005878,0.012212,1.000844,1.000936,0.000000,-0.700000,0.420000,0.017097,-0.064815,0.046106,0.699,0.336
17992,-0.007446,-0.002930,1.035278,-0.006243,0.013187,1.000844,1.000950,0.000000,-0.700000,0.350000,0.017097,-0.064815,-0.023894,0.755,0.357
18042,-0.008057,-0.003418,1.034180,-0.006842,0.012698,0.999755,0.999859,0.000000,-0.630000,0.350000,0.017097,0.005185,-0.023894,0.728,0.392
18092,-0.006836,-0.003906,1.035156,-0.005634,0.012212,1.000723,1.000813,-0.070000,-0.700000,0.350000,-0.052903,-0.064815,-0.023894,0.699,0.323
18142,-0.007324,-0.003662,1.034912,-0.006118,0.012455,1.000481,1.000577,0.000000,-0.630000,0.350000,0.017097,0.005185,-0.023894,0.713,0.350
18192,-0.006714,-0.003174,1.034790,-0.005509,0.012942,1.000360,1.000459,0.000000,-0.630000,0.350000,0.017097,0.005185,-0.023894,0.741,0.316
18242,-0.007690,-0.003662,1.035156,-0.006485,0.012455,1.000723,1.000821,0.000000,-0.630000,0.350000,0.017097,0.005185,-0.023894,0.713,0.371
18293,-0.007813,-0.002686,1.035400,-0.006610,0.013431,1.000965,1.001077,0.000000,-0.630000,0.420000,0.017097,0.005185,0.046106,0.769,0.378
18343,-0.008179,-0.004028,1.034790,-0.006969,0.012089,1.000360,1.000457,-0.070000,-0.630000,0.420000,-0.052903,0.005185,0.046106,0.692,0.399
18393,-0.007690,-0.002686,1.035645,-0.006490,0.013431,1.001207,1.001318,0.000000,-0.630000,0.350000,0.017097,0.005185,-0.023894,0.769,0.371
18444,-0.006836,-0.003418,1.035156,-0.005634,0.012699,1.000723,1.000819,0.000000,-0.630000,0.350000,0.017097,0.005185,-0.023894,0.727,0.323
18494,-0.007324,-0.002686,1.035156,-0.006121,0.013430,1.000723,1.000832,0.000000,-0.630000,0.350000,0.017097,0.005185,-0.023894,0.769,0.350
18544,-0.006836,-0.003418,1.035767,-0.005639,0.012700,1.001328,1.001424,0.000000,-0.700000,0.420000,0.017097,-0.064815,0.046106,0.727,0.323
18594,-0.007202,-0.004150,1.035767,-0.006004,0.011969,1.001328,1.001417,0.000000,-0.700000,0.350000,0.017097,-0.064815,-0.023894,0.685,0.344
18644,-0.007813,-0.002930,1.036377,-0.006618,0.013188,1.001933,1.002041,0.000000,-0.700000,0.350000,0.017097,-0.064815,-0.023894,0.754,0.378
18694,-0.007080,-0.003784,1.035645,-0.005881,0.012334,1.001207,1.001300,0.000000,-0.630000,0.350000,0.017097,0.005185,-0.023894,0.706,0.337
18744,-0.006714,-0.002930,1.036377,-0.005523,0.013188,1.001933,1.002035,0.000000,-0.630000,0.350000,0.017097,0.005185,-0.023894,0.754,0.316
18794,-0.007446,-0.004395,1.035522,-0.006245,0.011725,1.001086,1.001174,0.000000,-0.700000,0.350000,0.017097,-0.064815,-0.023894,0.671,0.357
18844,-0.007690,-0.003174,1.034790,-0.006482,0.012942,1.000360,1.000464,-0.070000,-0.630000,0.350000,-0.052903,0.005185,-0.023894,0.741,0.371
18894,-0.006470,-0.003662,1.036011,-0.005276,0.012457,1.001570,1.001661,0.000000,-0.630000,0.350000,0.017097,0.005185,-0.023894,0.713,0.302
18944,-0.006592,-0.004028,1.035645,-0.005395,0.012090,1.001207,1.001294,0.000000,-0.630000,0.350000,0.017097,0.005185,-0.023894,0.692,0.309
18994,-0.007568,-0.003296,1.034668,-0.006360,0.012820,1.000239,1.000341,0.000000,-0.630000,0.350000,0.017097,0.005185,-0.023894,0.734,0.364
19044,-0.007568,-0.002808,1.035278,-0.006365,0.013309,1.000844,1.000952,0.000000,-0.630000,0.350000,0.017097,0.005185,-0.023894,0.762,0.364
19094,-0.007568,-0.003784,1.036133,-0.006372,0.012335,1.001691,1.001787,0.000000,-0.630000,0.350000,0.017097,0.005185,-0.023894,0.706,0.364
19144,-0.006836,-0.002441,1.034912,-0.005632,0.013674,1.000481,1.000590,0.000000,-0.630000,0.350000,0.017097,0.005185,-0.023894,0.783,0.323
19194,-0.006958,-0.003906,1.035278,-0.005757,0.012212,1.000844,1.000935,0.000000,-0.630000,0.350000,0.017097,0.005185,-0.023894,0.699,0.330
19244,-0.006714,-0.003784,1.034790,-0.005509,0.012333,1.000360,1.000451,0.000000,-0.630000,0.420000,0.017097,0.005185,0.046106,0.706,0.316
19296,-0.006958,-0.002930,1.035767,-0.005761,0.013187,1.001328,1.001431,0.000000,-0.630000,0.350000,0.017097,0.005185,-0.023894,0.755,0.330
19346,-0.007568,-0.003174,1.034912,-0.006362,0.012942,1.000481,1.000585,0.000000,-0.630000,0.350000,0.017097,0.005185,-0.023894,0.741,0.364
19396,-0.007324,-0.003296,1.034302,-0.006113,0.012820,0.999876,0.999977,0.000000,-0.630000,0.350000,0.017097,0.005185,-0.023894,0.735,0.350
19447,-0.007568,-0.003906,1.034668,-0.006359,0.012211,1.000239,1.000333,0.000000,-0.700000,0.420000,0.017097,-0.064815,0.046106,0.699,0.364
19497,-0.007080,-0.003418,1.035278,-0.005878,0.012699,1.000844,1.000942,-0.070000,-0.630000,0.350000,-0.052903,0.005185,-0.023894,0.727,0.336
19547,-0.007202,-0.003540,1.034180,-0.005990,0.012576,0.999755,0.999852,0.000000,-0.630000,0.350000,0.017097,0.005185,-0.023894,0.721,0.343
19599,-0.007080,-0.003296,1.034302,-0.005870,0.012820,0.999876,0.999975,0.070000,-0.700000,0.350000,0.087097,-0.064815,-0.023894,0.735,0.336
19649,-0.007202,-0.003418,1.034424,-0.005993,0.012698,0.999997,1.000095,0.000000,-0.700000,0.350000,0.017097,-0.064815,-0.023894,0.728,0.343
19699,-0.006714,-0.002441,1.035156,-0.005513,0.013674,1.000723,1.000831,0.000000,-0.630000,0.350000,0.017097,0.005185,-0.023894,0.783,0.316
19749,-0.007690,-0.003784,1.035156,-0.006485,0.012333,1.000723,1.000820,0.000000,-0.630000,0.350000,0.017097,0.005185,-0.023894,0.706,0.371
19799,-0.007446,-0.003418,1.034912,-0.006240,0.012699,1.000481,1.000581,0.000000,-0.700000,0.350000,0.017097,-0.064815,-0.023894,0.727,0.357
19849,-0.006958,-0.003784,1.035278,-0.005757,0.012334,1.000844,1.000936,0.000000,-0.630000,0.350000,0.017097,0.005185,-0.023894,0.706,0.330
19899,-0.007324,-0.002808,1.034790,-0.006118,0.013308,1.000360,1.000467,0.000000,-0.700000,0.350000,0.017097,-0.064815,-0.023894,0.762,0.350
19949,-0.007080,-0.004761,1.034302,-0.005869,0.011357,0.999876,0.999957,0.000000,-0.630000,0.350000,0.017097,0.005185,-0.023894,0.651,0.336
19999,-0.007813,-0.003540,1.034546,-0.006602,0.012576,1.000118,1.000219,0.000000,-0.630000,0.350000,0.017097,0.005185,-0.023894,0.720,0.378
20049,-0.007690,-0.003052,1.035034,-0.006485,0.013064,1.000602,1.000708,0.000000,-0.700000,0.350000,0.017097,-0.064815,-0.023894,0.748,0.371
20100,-0.006104,-0.003418,1.035278,-0.004905,0.012699,1.000844,1.000936,0.000000,-0.630000,0.350000,0.017097,0.005185,-0.023894,0.727,0.281
20150,-0.006714,-0.003052,1.035156,-0.005512,0.013065,1.000723,1.000823,0.000000,-0.700000,0.350000,0.017097,-0.064815,-0.023894,0.748,0.316
20200,-0.006348,-0.003784,1.034790,-0.005144,0.012333,1.000360,1.000449,-0.070000,-0.700000,0.350000,-0.052903,-0.064815,-0.023894,0.706,0.295
20252,-0.007813,-0.003540,1.035645,-0.006611,0.012578,1.001207,1.001308,0.000000,-0.630000,0.350000,0.017097,0.005185,-0.023894,0.720,0.378
20302,-0.007813,-0.003052,1.035034,-0.006606,0.013064,1.000602,1.000709,0.000000,-0.630000,0.350000,0.017097,0.005185,-0.023894,0.748,0.378
20352,-0.007324,-0.003052,1.034912,-0.006119,0.013064,1.000481,1.000585,0.000000,-0.700000,0.350000,0.017097,-0.064815,-0.023894,0.748,0.350
20402,-0.007446,-0.003296,1.034790,-0.006239,0.012820,1.000360,1.000461,0.000000,-0.700000,0.350000,0.017097,-0.064815,-0.023894,0.734,0.357
20452,-0.006958,-0.004028,1.034912,-0.005753,0.012089,1.000481,1.000570,0.000000,-0.630000,0.350000,0.017097,0.005185,-0.023894,0.692,0.329
20502,-0.007080,-0.003784,1.035278,-0.005878,0.012334,1.000844,1.000937,0.000000,-0.700000,0.350000,0.017097,-0.064815,-0.023894,0.706,0.336
20553,-0.006958,-0.002686,1.034912,-0.005754,0.013430,1.000481,1.000587,0.000000,-0.700000,0.350000,0.017097,-0.064815,-0.023894,0.769,0.329
20603,-0.007568,-0.003540,1.034668,-0.006360,0.012576,1.000239,1.000338,0.000000,-0.700000,0.350000,0.017097,-0.064815,-0.023894,0.720,0.364
20653,-0.007324,-0.003174,1.034668,-0.006116,0.012942,1.000239,1.000341,0.000000,-0.630000,0.350000,0.017097,0.005185,-0.023894,0.741,0.350
20703,-0.006958,-0.004150,1.034546,-0.005750,0.011967,1.000118,1.000206,0.000000,-0.630000,0.350000,0.017097,0.005185,-0.023894,0.686,0.329
20754,-0.007324,-0.003052,1.034668,-0.006116,0.013064,1.000239,1.000343,0.000000,-0.700000,0.420000,0.017097,-0.064815,0.046106,0.748,0.350
20804,-0.007080,-0.003418,1.035522,-0.005880,0.012700,1.001086,1.001184,0.000000,-0.630000,0.350000,0.017097,0.005185,-0.023894,0.727,0.337
20854,-0.006836,-0.003174,1.034668,-0.005630,0.012942,1.000239,1.000338,0.000000,-0.700000,0.350000,0.017097,-0.064815,-0.023894,0.741,0.322
20905,-0.007690,-0.003906,1.034790,-0.006482,0.012211,1.000360,1.000455,0.000000,-0.700000,0.350000,0.017097,-0.064815,-0.023894,0.699,0.371
20955,-0.007080,-0.003906,1.034668,-0.005873,0.012211,1.000239,1.000330,0.000000,-0.630000,0.350000,0.017097,0.005185,-0.023894,0.699,0.336
21005,-0.007202,-0.003418,1.034790,-0.005996,0.012698,1.000360,1.000458,0.000000,-0.700000,0.350000,0.017097,-0.064815,-0.023894,0.727,0.343
21055,-0.007813,-0.002930,1.034302,-0.006600,0.013185,0.999876,0.999984,0.000000,-0.630000,0.350000,0.017097,0.005185,-0.023894,0.756,0.378
21105,-0.007813,-0.004150,1.034790,-0.006604,0.011967,1.000360,1.000453,0.000000,-0.700000,0.350000,0.017097,-0.064815,-0.023894,0.685,0.378
21155,-0.006836,-0.003052,1.034424,-0.005628,0.013064,0.999997,1.000098,0.000000,-0.700000,0.350000,0.017097,-0.064815,-0.023894,0.748,0.322
21205,-0.006592,-0.002808,1.034790,-0.005388,0.013308,1.000360,1.000463,0.000000,-0.630000,0.350000,0.017097,0.005185,-0.023894,0.762,0.309
21255,-0.007568,-0.002563,1.034302,-0.006357,0.013551,0.999876,0.999988,0.000000,-0.630000,0.350000,0.017097,0.005185,-0.023894,0.776,0.364
21305,-0.006714,-0.003418,1.035034,-0.005511,0.012699,1.000602,1.000697,0.000000,-0.630000,0.350000,0.017097,0.005185,-0.023894,0.727,0.316
21355,-0.007690,-0.004028,1.034546,-0.006480,0.012089,1.000118,1.000212,0.000000,-0.630000,0.350000,0.017097,0.005185,-0.023894,0.693,0.371
21406,-0.006958,-0.003906,1.035645,-0.005760,0.012212,1.001207,1.001298,0.000000,-0.630000,0.350000,0.017097,0.005185,-0.023894,0.699,0.330
21456,-0.007324,-0.003784,1.035156,-0.006120,0.012333,1.000723,1.000817,0.000000,-0.630000,0.350000,0.017097,0.005185,-0.023894,0.706,0.350
21506,-0.007080,-0.003418,1.035156,-0.005877,0.012699,1.000723,1.000821,0.000000,-0.630000,0.350000,0.017097,0.005185,-0.023894,0.727,0.336
21558,-0.006958,-0.002808,1.035278,-0.005757,0.013309,1.000844,1.000949,0.000000,-0.630000,0.350000,0.017097,0.005185,-0.023894,0.762,0.330
21608,-0.008423,-0.002930,1.034546,-0.007210,0.013186,1.000118,1.000231,0.000000,-0.700000,0.350000,0.017097,-0.064815,-0.023894,0.755,0.413
21658,-0.008301,-0.002930,1.034790,-0.007091,0.013186,1.000360,1.000472,0.000000,-0.630000,0.350000,0.017097,0.005185,-0.023894,0.755,0.406
21709,-0.006104,-0.002563,1.034912,-0.004902,0.013552,1.000481,1.000584,0.000000,-0.630000,0.420000,0.017097,0.005185,0.046106,0.776,0.281
21759,-0.006714,-0.003052,1.034912,-0.005510,0.013064,1.000481,1.000581,0.070000,-0.630000,0.420000,0.087097,0.005185,0.046106,0.748,0.316
21809,-0.007080,-0.004028,1.035522,-0.005880,0.012090,1.001086,1.001176,0.000000,-0.630000,0.350000,0.017097,0.005185,-0.023894,0.692,0.337
21859,-0.007202,-0.003174,1.035645,-0.006003,0.012943,1.001207,1.001308,0.000000,-0.630000,0.350000,0.017097,0.005185,-0.023894,0.741,0.344
21909,-0.007446,-0.004028,1.035156,-0.006242,0.012090,1.000723,1.000815,0.000000,-0.630000,0.350000,0.017097,0.005185,-0.023894,0.692,0.357
21959,-0.007080,-0.004028,1.035522,-0.005880,0.012090,1.001086,1.001176,0.000000,-0.700000,0.350000,0.017097,-0.064815,-0.023894,0.692,0.337
22009,-0.006348,-0.003540,1.034790,-0.005144,0.012577,1.000360,1.000452,-0.070000,-0.630000,0.350000,-0.052903,0.005185,-0.023894,0.720,0.295
22060,-0.006470,-0.003906,1.034668,-0.005265,0.012211,1.000239,1.000327,0.000000,-0.630000,0.350000,0.017097,0.005185,-0.023894,0.699,0.302
22110,-0.007568,-0.003662,1.035645,-0.006368,0.012456,1.001207,1.001305,0.000000,-0.630000,0.350000,0.017097,0.005185,-0.023894,0.713,0.364
22160,-0.006470,-0.004639,1.035522,-0.005272,0.011481,1.001086,1.001166,0.000000,-0.700000,0.350000,0.017097,-0.064815,-0.023894,0.657,0.302
22211,-0.006958,-0.003784,1.035400,-0.005758,0.012334,1.000965,1.001057,0.000000,-0.700000,0.350000,0.017097,-0.064815,-0.023894,0.706,0.330
22261,-0.007446,-0.003540,1.034790,-0.006239,0.012577,1.000360,1.000458,0.000000,-0.700000,0.350000,0.017097,-0.064815,-0.023894,0.720,0.357
22311,-0.007080,-0.004150,1.034912,-0.005875,0.011967,1.000481,1.000569,0.000000,-0.700000,0.350000,0.017097,-0.064815,-0.023894,0.685,0.336
22362,-0.007080,-0.003662,1.035156,-0.005877,0.012455,1.000723,1.000818,-0.070000,-0.630000,0.420000,-0.052903,0.005185,0.046106,0.713,0.336
22412,-0.006592,-0.003540,1.035522,-0.005394,0.012578,1.001086,1.001179,0.000000,-0.630000,0.350000,0.017097,0.005185,-0.023894,0.720,0.309
22462,-0.006836,-0.004150,1.035156,-0.005634,0.011968,1.000723,1.000810,0.000000,-0.630000,0.350000,0.017097,0.005185,-0.023894,0.685,0.323
22512,-0.007568,-0.003418,1.035522,-0.006367,0.012700,1.001086,1.001187,0.000000,-0.630000,0.350000,0.017097,0.005185,-0.023894,0.727,0.364
22562,-0.007324,-0.003296,1.035645,-0.006125,0.012822,1.001207,1.001308,0.000000,-0.630000,0.350000,0.017097,0.005185,-0.023894,0.734,0.350
22612,-0.007202,-0.003662,1.035400,-0.006001,0.012456,1.000965,1.001060,0.000000,-0.700000,0.350000,0.017097,-0.064815,-0.023894,0.713,0.343
22662,-0.007690,-0.003296,1.035400,-0.006488,0.012821,1.000965,1.001068,0.000000,-0.630000,0.350000,0.017097,0.005185,-0.023894,0.734,0.371
22712,-0.006714,-0.003906,1.034790,-0.005509,0.012211,1.000360,1.000449,0.000000,-0.700000,0.350000,0.017097,-0.064815,-0.023894,0.699,0.316
22762,-0.007324,-0.003784,1.035156,-0.006120,0.012333,1.000723,1.000817,0.000000,-0.700000,0.350000,0.017097,-0.064815,-0.023894,0.706,0.350
22812,-0.007446,-0.003662,1.035400,-0.006244,0.012456,1.000965,1.001062,-0.070000,-0.630000,0.350000,-0.052903,0.005185,-0.023894,0.713,0.357
22864,-0.006104,-0.004028,1.034790,-0.004901,0.012089,1.000360,1.000445,-0.070000,-0.630000,0.350000,-0.052903,0.005185,-0.023894,0.692,0.281
22914,-0.007080,-0.003418,1.034790,-0.005874,0.012698,1.000360,1.000458,0.000000,-0.630000,0.420000,0.017097,0.005185,0.046106,0.727,0.336
22964,-0.006714,-0.003296,1.034424,-0.005506,0.012820,0.999997,1.000094,0.000000,-0.630000,0.350000,0.017097,0.005185,-0.023894,0.734,0.315
23015,-0.006592,-0.003174,1.034912,-0.005389,0.012942,1.000481,1.000579,0.000000,-0.630000,0.350000,0.017097,0.005185,-0.023894,0.741,0.309
23065,-0.006226,-0.004028,1.035400,-0.005028,0.012090,1.000965,1.001050,0.000000,-0.630000,0.350000,0.017097,0.005185,-0.023894,0.692,0.288
23115,-0.006470,-0.004028,1.034912,-0.005267,0.012089,1.000481,1.000568,0.000000,-0.700000,0.350000,0.017097,-0.064815,-0.023894,0.692,0.302
23165,-0.007446,-0.002930,1.034912,-0.006240,0.013186,1.000481,1.000587,-0.070000,-0.630000,0.350000,-0.052903,0.005185,-0.023894,0.755,0.357
23215,-0.007202,-0.002686,1.035889,-0.006006,0.013431,1.001449,1.001557,0.000000,-0.700000,0.350000,0.017097,-0.064815,-0.023894,0.768,0.344
23265,-0.006348,-0.003662,1.035278,-0.005148,0.012455,1.000844,1.000934,0.000000,-0.630000,0.350000,0.017097,0.005185,-0.023894,0.713,0.295
23315,-0.006958,-0.002441,1.034424,-0.005750,0.013673,0.999997,1.000107,-0.070000,-0.630000,0.350000,-0.052903,0.005185,-0.023894,0.783,0.329
23365,-0.007568,-0.003784,1.034912,-0.006362,0.012333,1.000481,1.000577,0.000000,-0.630000,0.350000,0.017097,0.005185,-0.023894,0.706,0.364
23415,-0.007202,-0.003540,1.035400,-0.006001,0.012577,1.000965,1.001062,0.000000,-0.630000,0.350000,0.017097,0.005185,-0.023894,0.720,0.343
23465,-0.007446,-0.003906,1.034912,-0.006240,0.012211,1.000481,1.000575,0.000000,-0.630000,0.350000,0.017097,0.005185,-0.023894,0.699,0.357
23515,-0.007690,-0.004028,1.035400,-0.006487,0.012090,1.000965,1.001059,0.000000,-0.630000,0.350000,0.017097,0.005185,-0.023894,0.692,0.371
23565,-0.007324,-0.003418,1.034424,-0.006114,0.012698,0.999997,1.000096,0.000000,-0.630000,0.350000,0.017097,0.005185,-0.023894,0.728,0.350
23615,-0.07324,-0.003784,1.035645,-0.006125,0.012334,1.001207,1.001301,0.000000,-0.700000,0.350000,0.017097,-0.064815,-0.023894,0.706,0.350
23669,-0.006958,-0.003174,1.034912,-0.005754,0.012942,1.000481,1.000581,0.000000,-0.700000,0.350000,0.017097,-0.064815,-0.023894,0.741,0.329
23719,-0.005981,-0.003784,1.034180,-0.004774,0.012332,0.999755,0.999842,0.000000,-0.700000,0.350000,0.017097,-0.064815,-0.023894,0.707,0.274
23769,-0.007202,-0.003662,1.035400,-0.006001,0.012456,1.000965,1.001060,0.000000,-0.560000,0.350000,0.017097,0.075185,-0.023894,0.713,0.343
23820,-0.007568,-0.003662,1.035278,-0.006365,0.012455,1.000844,1.000942,0.000000,-0.630000,0.350000,0.017097,0.005185,-0.023894,0.713,0.364
23870,-0.007202,-0.003906,1.034668,-0.005995,0.012211,1.000239,1.000331,0.000000,-0.630000,0.350000,0.017097,0.005185,-0.023894,0.699,0.343
23920,-0.007080,-0.003296,1.034546,-0.005872,0.012820,1.000118,1.000217,0.000000,-0.700000,0.350000,0.017097,-0.064815,-0.023894,0.734,0.336
23970,-0.007324,-0.003296,1.034424,-0.006114,0.012820,0.999997,1.000098,0.000000,-0.630000,0.350000,0.017097,0.005185,-0.023894,0.734,0.350
24020,-0.006836,-0.002930,1.035156,-0.005634,0.013186,1.000723,1.000826,0.000000,-0.630000,0.350000,0.017097,0.005185,-0.023894,0.755,0.323
24070,-0.007446,-0.004150,1.035034,-0.006241,0.011968,1.000602,1.000693,0.000000,-0.700000,0.350000,0.017097,-0.064815,-0.023894,0.685,0.357
24121,-0.006958,-0.003296,1.035278,-0.005757,0.012821,1.000844,1.000942,0.000000,-0.630000,0.350000,0.017097,0.005185,-0.023894,0.734,0.330
24171,-0.007324,-0.004517,1.034668,-0.006116,0.011601,1.000239,1.000325,0.000000,-0.630000,0.350000,0.017097,0.005185,-0.023894,0.665,0.350
24221,-0.006714,-0.003662,1.035522,-0.005515,0.012456,1.001086,1.001179,0.000000,-0.630000,0.350000,0.017097,0.005185,-0.023894,0.713,0.316
24271,-0.007324,-0.004272,1.034424,-0.006114,0.011845,0.999997,1.000085,0.000000,-0.630000,0.350000,0.017097,0.005185,-0.023894,0.679,0.350
24321,-0.007324,-0.004150,1.035278,-0.006121,0.011968,1.000844,1.000934,0.000000,-0.630000,0.350000,0.017097,0.005185,-0.023894,0.685,0.350
24371,-0.007446,-0.002930,1.034546,-0.006237,0.013186,1.000118,1.000224,0.000000,-0.630000,0.350000,0.017097,0.005185,-0.023894,0.755,0.357
24421,-0.006470,-0.003174,1.034790,-0.005266,0.012942,1.000360,1.000457,0.000000,-0.630000,0.350000,0.017097,0.005185,-0.023894,0.741,0.302
24471,-0.007690,-0.003418,1.034790,-0.006482,0.012698,1.000360,1.000461,0.000000,-0.630000,0.350000,0.017097,0.005185,-0.023894,0.727,0.371
24521,-0.007446,-0.004395,1.034668,-0.006238,0.011723,1.000239,1.000327,0.000000,-0.700000,0.350000,0.017097,-0.064815,-0.023894,0.672,0.357
24571,-0.007813,-0.003906,1.035645,-0.006611,0.012212,1.001207,1.001303,0.000000,-0.630000,0.350000,0.017097,0.005185,-0.023894,0.699,0.378
24621,-0.00958,-0.003540,1.034912,-0.005753,0.012577,1.000481,1.000576,0.000000,-0.630000,0.350000,0.017097,0.005185,-0.023894,0.720,0.329
24673,-0.006226,-0.003662,1.035156,-0.005026,0.012455,1.000723,1.000813,0.000000,-0.630000,0.350000,0.017097,0.005185,-0.023894,0.713,0.288
24723,-0.007690,-0.003540,1.035645,-0.006490,0.012578,1.001207,1.001307,0.000000,-0.630000,0.350000,0.017097,0.005185,-0.023894,0.720,0.371
24773,-0.007202,-0.003906,1.034302,-0.005991,0.012210,0.999876,0.999968,0.000000,-0.630000,0.350000,0.017097,0.005185,-0.023894,0.700,0.343
24823,-0.007080,-0.002686,1.034912,-0.005875,0.013430,1.000481,1.000588,0.000000,-0.700000,0.350000,0.017097,-0.064815,-0.023894,0.769,0.336
24873,-0.006592,-0.002930,1.035156,-0.005391,0.013186,1.000723,1.000824,0.000000,-0.630000,0.420000,0.017097,0.005185,0.046106,0.755,0.309
24923,-0.007080,-0.003174,1.035645,-0.005882,0.012943,1.001207,1.001308,-0.070000,-0.630000,0.350000,-0.052903,0.005185,-0.023894,0.741,0.337
24974,-0.007202,-0.003296,1.034668,-0.005995,0.012820,1.000239,1.000339,0.000000,-0.700000,0.350000,0.017097,-0.064815,-0.023894,0.734,0.343
25024,-0.006836,-0.002808,1.034668,-0.005630,0.013308,1.000239,1.000343,0.000000,-0.700000,0.350000,0.017097,-0.064815,-0.023894,0.762,0.322
25074,-0.007202,-0.002686,1.033691,-0.005986,0.013428,0.999271,0.999379,0.000000,-0.700000,0.350000,0.017097,-0.064815,-0.023894,0.770,0.343
25124,-0.007080,-0.003296,1.034546,-0.005872,0.012820,1.000118,1.000217,0.000000,-0.630000,0.350000,0.017097,0.005185,-0.023894,0.734,0.336
25174,-0.007690,-0.002686,1.034790,-0.006483,0.013430,1.000360,1.000471,0.000000,-0.630000,0.350000,0.017097,0.005185,-0.023894,0.769,0.371
25224,-0.006714,-0.003662,1.034424,-0.005506,0.012454,0.999997,1.000089,0.000000,-0.630000,0.350000,0.017097,0.005185,-0.023894,0.714,0.315
25274,-0.007446,-0.003784,1.034790,-0.006239,0.012333,1.000360,1.000455,0.000000,-0.630000,0.350000,0.017097,0.005185,-0.023894,0.706,0.357
25325,-0.006592,-0.003906,1.035156,-0.005391,0.012212,1.000723,1.000812,0.000000,-0.630000,0.350000,0.017097,0.005185,-0.023894,0.699,0.309
25375,-0.006470,-0.003906,1.034790,-0.005266,0.012211,1.000360,1.000448,0.000000,-0.630000,0.350000,0.017097,0.005185,-0.023894,0.699,0.302
25425,-0.007202,-0.002930,1.034302,-0.005992,0.013185,0.999876,0.999981,0.070000,-0.700000,0.420000,0.087097,-0.064815,0.046106,0.756,0.343
25476,-0.007568,-0.003662,1.034912,-0.006362,0.012455,1.000481,1.000578,0.000000,-0.630000,0.350000,0.017097,0.005185,-0.023894,0.713,0.364
25526,-0.006348,-0.002808,1.034546,-0.005142,0.013307,1.000118,1.000219,0.000000,-0.630000,0.350000,0.017097,0.005185,-0.023894,0.762,0.295
25576,-0.006958,-0.004150,1.034546,-0.005750,0.011967,1.000118,1.000206,-0.070000,-0.700000,0.350000,-0.052903,-0.064815,-0.023894,0.686,0.329
25626,-0.006348,0.003052,1.034546,-0.005142,0.013064,1.000118,1.000216,0.000000,-0.630000,0.350000,0.017097,0.005185,-0.023894,0.748,0.295
25681,-0.007813,-0.003540,1.034546,-0.006602,0.012576,1.000118,1.000219,0.000000,-0.700000,0.350000,0.017097,-0.064815,-0.023894,0.720,0.378
25732,-0.006714,-0.003052,1.034424,-0.005506,0.013064,0.999997,1.000097,0.000000,-0.700000,0.350000,0.017097,-0.064815,-0.023894,0.748,0.315
25782,-0.007690,-0.003906,1.034790,-0.006482,0.012211,1.000360,1.000455,0.000000,-0.700000,0.420000,0.017097,-0.064815,0.046106,0.699,0.371
25832,-0.007690,-0.003296,1.035034,-0.006484,0.012821,1.000602,1.000705,0.000000,-0.630000,0.350000,0.017097,0.005185,-0.023894,0.734,0.371
25882,-0.007568,-0.003662,1.033691,-0.006351,0.012453,0.999271,0.999368,0.000000,-0.630000,0.350000,0.017097,0.005185,-0.023894,0.714,0.364
25932,-0.006592,-0.003418,1.035034,-0.005390,0.012699,1.000602,1.000697,0.000000,-0.700000,0.350000,0.017097,-0.064815,-0.023894,0.727,0.309
25982,-0.005981,-0.003784,1.033936,-0.004772,0.012332,0.999513,0.999600,0.000000,-0.700000,0.350000,0.017097,-0.064815,-0.023894,0.707,0.274
26032,-0.007324,-0.003540,1.034668,-0.006116,0.012576,1.000239,1.000336,0.000000,-0.630000,0.350000,0.017097,0.005185,-0.023894,0.720,0.350
26082,-0.006836,-0.003662,1.034912,-0.005632,0.012455,1.000481,1.000574,0.000000,-0.630000,0.350000,0.017097,0.005185,-0.023894,0.713,0.322
26132,-0.007202,-0.002563,1.034790,-0.005996,0.013552,1.000360,1.000469,0.000000,-0.700000,0.350000,0.017097,-0.064815,-0.023894,0.776,0.343
26182,-0.008057,-0.002563,1.035156,-0.006851,0.013552,1.000723,1.000838,-0.070000,-0.630000,0.350000,-0.052903,0.005185,-0.023894,0.776,0.392
26233,-0.006836,-0.003540,1.035034,-0.005633,0.012577,1.000602,1.000697,0.000000,-0.630000,0.350000,0.017097,0.005185,-0.023894,0.720,0.323
26283,-0.007690,-0.002930,1.035400,-0.006488,0.013187,1.000965,1.001073,0.000000,-0.700000,0.350000,0.017097,-0.064815,-0.023894,0.755,0.371
26333,-0.007080,-0.003540,1.035400,-0.005879,0.012577,1.000965,1.001061,0.000000,-0.700000,0.350000,0.017097,-0.064815,-0.023894,0.720,0.337
26385,-0.006470,-0.003784,1.034912,-0.005267,0.012333,1.000481,1.000571,0.000000,-0.630000,0.350000,0.017097,0.005185,-0.023894,0.706,0.302
26435,-0.007324,-0.002808,1.034912,-0.006119,0.013308,1.000481,1.000588,0.000000,-0.700000,0.350000,0.017097,-0.064815,-0.023894,0.762,0.350
26485,-0.007324,-0.003174,1.035034,-0.006120,0.012943,1.000602,1.000704,0.000000,-0.630000,0.350000,0.017097,0.005185,-0.023894,0.741,0.350
26536,-0.007324,-0.003662,1.035156,-0.006121,0.012455,1.000723,1.000819,0.000000,-0.630000,0.350000,0.017097,0.005185,-0.023894,0.713,0.350
26586,-0.006470,-0.003296,1.034668,-0.005265,0.012820,1.000239,1.000335,0.000000,-0.700000,0.350000,0.017097,-0.064815,-0.023894,0.734,0.302
26636,-0.007446,-0.003052,1.034790,-0.006239,0.013064,1.000360,1.000464,0.000000,-0.700000,0.350000,0.017097,-0.064815,-0.023894,0.748,0.357
26686,-0.006714,-0.003906,1.034790,-0.005509,0.012211,1.000360,1.000449,0.000000,-0.630000,0.350000,0.017097,0.005185,-0.023894,0.699,0.316
26736,-0.007568,-0.003662,1.033691,-0.006351,0.012453,0.999271,0.999368,0.000000,-0.630000,0.350000,0.017097,0.005185,-0.023894,0.714,0.364
26786,-0.007080,-0.002686,1.034424,-0.005871,0.013429,0.999997,1.000104,0.000000,-0.630000,0.350000,0.017097,0.005185,-0.023894,0.769,0.336
26836,-0.007446,-0.002686,1.035156,-0.006242,0.013430,1.000723,1.000832,0.000000,-0.630000,0.350000,0.017097,0.005185,-0.023894,0.769,0.357
26886,-0.006958,-0.004150,1.034302,-0.005748,0.011967,0.999876,0.999964,0.000000,-0.700000,0.350000,0.017097,-0.064815,-0.023894,0.686,0.329
26936,-0.007080,-0.003052,1.035767,-0.005883,0.013066,1.001328,1.001430,-0.070000,-0.630000,0.350000,-0.052903,0.005185,-0.023894,0.748,0.337
26986,-0.006836,-0.004028,1.034790,-0.005631,0.012089,1.000360,1.000449,0.000000,-0.630000,0.350000,0.017097,0.005185,-0.023894,0.692,0.322
27038,-0.006592,-0.002930,1.035034,-0.005390,0.013186,1.000602,1.000703,0.000000,-0.630000,0.350000,0.017097,0.005185,-0.023894,0.755,0.309
27088,-0.007202,-0.003296,1.034790,-0.005996,0.012820,1.000360,1.000460,0.000000,-0.700000,0.350000,0.017097,-0.064815,-0.023894,0.734,0.343
27138,-0.006958,-0.003540,1.034790,-0.005752,0.012577,1.000360,1.000455,0.000000,-0.630000,0.350000,0.017097,0.005185,-0.023894,0.720,0.329
27188,-0.006714,-0.003174,1.034302,-0.005505,0.012941,0.999876,0.999975,-0.070000,-0.700000,0.350000,-0.052903,-0.064815,-0.023894,0.742,0.315
27238,-0.006958,-0.002930,1.034180,-0.005747,0.013185,0.999755,0.999858,0.000000,-0.630000,0.350000,0.017097,0.005185,-0.023894,0.756,0.329
27288,-0.007813,-0.003296,1.034058,-0.006598,0.012819,0.999634,0.999738,0.000000,-0.630000,0.350000,0.017097,0.005185,-0.023894,0.735,0.378
27338,-0.007080,-0.002930,1.034302,-0.005870,0.013185,0.999876,0.999980,0.000000,-0.700000,0.350000,0.017097,-0.064815,-0.023894,0.756,0.336
27388,-0.006470,-0.004272,1.035400,-0.005271,0.011846,1.000965,1.001049,-0.070000,-0.700000,0.350000,-0.052903,-0.064815,-0.023894,0.678,0.302
27438,-0.007202,-0.003052,1.034790,-0.005996,0.013064,1.000360,1.000463,0.000000,-0.630000,0.350000,0.017097,0.005185,-0.023894,0.748,0.343
27488,-0.007202,-0.003418,1.034058,-0.005989,0.012697,0.999634,0.999732,0.000000,-0.630000,0.350000,0.017097,0.005185,-0.023894,0.728,0.343
27539,-0.006836,-0.002808,1.034424,-0.005628,0.013307,0.999997,1.000101,0.000000,-0.630000,0.350000,0.017097,0.005185,-0.023894,0.762,0.322
27589,-0.006714,-0.003052,1.035522,-0.005516,0.013065,1.001086,1.001186,-0.070000,-0.630000,0.350000,-0.052903,0.005185,-0.023894,0.748,0.316
27639,-0.007568,-0.003296,1.035278,-0.006365,0.012821,1.000844,1.000946,0.000000,-0.700000,0.350000,0.017097,-0.064815,-0.023894,0.734,0.364
27690,-0.008057,-0.002930,1.034790,-0.006847,0.013186,1.000360,1.000470,0.000000,-0.630000,0.350000,0.017097,0.005185,-0.023894,0.755,0.392
27740,-0.007080,-0.004028,1.034912,-0.005875,0.012089,1.000481,1.000571,0.000000,-0.700000,0.350000,0.017097,-0.064815,-0.023894,0.692,0.336
27790,-0.007324,-0.003906,1.034302,-0.006113,0.012210,0.999876,0.999969,0.000000,-0.630000,0.350000,0.017097,0.005185,-0.023894,0.700,0.350
27841,-0.006836,-0.003540,1.035034,-0.005633,0.012577,1.000602,1.000697,0.000000,-0.630000,0.350000,0.017097,0.005185,-0.023894,0.720,0.323
27891,-0.006958,-0.003052,1.034546,-0.005750,0.013064,1.000118,1.000219,0.000000,-0.700000,0.350000,0.017097,-0.064815,-0.023894,0.748,0.329
27941,-0.007324,-0.003418,1.034302,-0.006113,0.012698,0.999876,0.999975,0.000000,-0.630000,0.350000,0.017097,0.005185,-0.023894,0.728,0.350
27991,-0.006836,-0.003296,1.034180,-0.005626,0.012819,0.999755,0.999853,0.000000,-0.700000,0.350000,0.017097,-0.064815,-0.023894,0.735,0.322
28041,-0.006226,-0.003174,1.034668,-0.005022,0.012942,1.000239,1.000335,0.000000,-0.630000,0.350000,0.017097,0.005185,-0.023894,0.741,0.288
28091,-0.007568,-0.004028,1.034302,-0.006356,0.012088,0.999876,0.999969,0.000000,-0.700000,0.350000,0.017097,-0.064815,-0.023894,0.693,0.364
28141,-0.007690,-0.003906,1.034546,-0.006480,0.012211,1.000118,1.000213,0.000000,-0.630000,0.350000,0.017097,0.005185,-0.023894,0.699,0.371
28191,-0.006836,-0.003540,1.034668,-0.005630,0.012576,1.000239,1.000334,-0.070000,-0.630000,0.350000,-0.052903,0.005185,-0.023894,0.720,0.322
28241,-0.006958,-0.002930,1.034546,-0.005750,0.013186,1.000118,1.000221,0.000000,-0.700000,0.350000,0.017097,-0.064815,-0.023894,0.755,0.329
28291,-0.007080,-0.002930,1.034668,-0.005873,0.013186,1.000239,1.000343,-0.070000,-0.630000,0.420000,-0.052903,0.005185,0.046106,0.755,0.336
28341,-0.007202,-0.003174,1.034912,-0.005997,0.012942,1.000481,1.000582,0.000000,-0.630000,0.420000,0.017097,0.005185,0.046106,0.741,0.343
28391,-0.007080,-0.003418,1.034424,-0.005871,0.012698,0.999997,1.000095,0.000000,-0.630000,0.350000,0.017097,0.005185,-0.023894,0.728,0.336
28441,-0.007080,-0.002808,1.034546,-0.005872,0.013307,1.000118,1.000223,0.000000,-0.630000,0.350000,0.017097,0.005185,-0.023894,0.762,0.336
28491,-0.007324,-0.003296,1.034180,-0.006112,0.012819,0.999755,0.999855,0.000000,-0.630000,0.350000,0.017097,0.005185,-0.023894,0.735,0.350
28542,-0.007324,-0.002808,1.035034,-0.006120,0.013308,1.000602,1.000709,-0.070000,-0.700000,0.350000,-0.052903,-0.064815,-0.023894,0.762,0.350
28592,-0.006958,-0.003662,1.034668,-0.005751,0.012455,1.000239,1.000333,0.000000,-0.700000,0.350000,0.017097,-0.064815,-0.023894,0.713,0.329
28642,-0.007080,-0.003540,1.034180,-0.005869,0.012576,0.999755,0.999851,0.000000,-0.700000,0.350000,0.017097,-0.064815,-0.023894,0.721,0.336
28694,-0.007568,-0.003296,1.034302,-0.006356,0.012820,0.999876,0.999978,0.000000,-0.630000,0.350000,0.017097,0.005185,-0.023894,0.735,0.364
28744,-0.006836,-0.003052,1.034668,-0.005630,0.013064,1.000239,1.000340,0.000000,-0.630000,0.420000,0.017097,0.005185,0.046106,0.748,0.322
28794,-0.007446,-0.002686,1.033569,-0.006229,0.013428,0.999150,0.999259,0.000000,-0.700000,0.350000,0.017097,-0.064815,-0.023894,0.770,0.357
28844,-0.007080,-0.003296,1.034180,-0.005869,0.012819,0.999755,0.999854,-0.070000,-0.630000,0.350000,-0.052903,0.005185,-0.023894,0.735,0.336
28894,-0.006470,-0.003418,1.034668,-0.005265,0.012698,1.000239,1.000333,0.000000,-0.700000,0.350000,0.017097,-0.064815,-0.023894,0.727,0.302
28944,-0.007446,-0.003784,1.034546,-0.006237,0.012332,1.000118,1.000213,0.000000,-0.630000,0.350000,0.017097,0.005185,-0.023894,0.706,0.357
28995,-0.006958,-0.003906,1.034302,-0.005748,0.012210,0.999876,0.999967,0.000000,-0.630000,0.350000,0.017097,0.005185,-0.023894,0.700,0.329
29045,-0.006958,-0.003662,1.034912,-0.005753,0.012455,1.000481,1.000575,0.000000,-0.630000,0.350000,0.017097,0.005185,-0.023894,0.713,0.329
29095,-0.006470,-0.004028,1.034668,-0.005265,0.012089,1.000239,1.000326,0.000000,-0.630000,0.350000,0.017097,0.005185,-0.023894,0.692,0.302
29145,-0.006714,-0.00362,1.033936,-0.005502,0.012453,0.999513,0.999605,0.000000,-0.630000,0.350000,0.017097,0.005185,-0.023894,0.714,0.315
29199,-0.006592,-0.002930,1.034058,-0.005381,0.013185,0.999634,0.999735,-0.070000,-0.630000,0.350000,-0.052903,0.005185,-0.023894,0.756,0.308
29249,-0.007080,-0.002686,1.034424,-0.005871,0.013429,0.999997,1.000104,0.000000,-0.700000,0.420000,0.017097,-0.064815,0.046106,0.769,0.336
29300,-0.007202,-0.003662,1.034058,-0.005989,0.012454,0.999634,0.999729,0.000000,-0.630000,0.350000,0.017097,0.005185,-0.023894,0.714,0.343
29350,-0.007080,-0.003296,1.034302,-0.005870,0.012820,0.999876,0.999975,0.000000,-0.630000,0.350000,0.017097,0.005185,-0.023894,0.735,0.336
29400,-0.008057,-0.003662,1.033936,-0.006840,0.012453,0.999513,0.999614,0.000000,-0.630000,0.350000,0.017097,0.005185,-0.023894,0.714,0.392
29450,-0.007446,-0.004150,1.033813,-0.006230,0.011966,0.999392,0.999483,0.000000,-0.700000,0.350000,0.017097,-0.064815,-0.023894,0.686,0.357
29500,-0.007202,-0.003540,1.033936,-0.005988,0.012575,0.999513,0.999610,0.000000,-0.700000,0.350000,0.017097,-0.064815,-0.023894,0.721,0.343
29550,-0.007446,-0.002930,1.034546,-0.006237,0.013186,1.000118,1.000224,0.000000,-0.630000,0.350000,0.017097,0.005185,-0.023894,0.755,0.357
29600,-0.007202,-0.003052,1.034058,-0.005989,0.013063,0.999634,0.999737,0.000000,-0.630000,0.350000,0.017097,0.005185,-0.023894,0.749,0.343
29650,-0.007324,-0.003662,1.033936,-0.006110,0.012453,0.999513,0.999609,0.000000,-0.630000,0.350000,0.017097,0.005185,-0.023894,0.714,0.350
29700,-0.007080,-0.003052,1.034180,-0.005869,0.013063,0.999755,0.999857,0.000000,-0.630000,0.350000,0.017097,0.005185,-0.023894,0.749,0.336
29750,-0.006836,-0.003418,1.034302,-0.005627,0.012698,0.999876,0.999972,0.000000,-0.630000,0.350000,0.017097,0.005185,-0.023894,0.728,0.322
29801,-0.007202,-0.003296,1.033203,-0.005982,0.012818,0.998787,0.998887,0.000000,-0.630000,0.420000,0.017097,0.005185,0.046106,0.735,0.343
29851,-0.007324,-0.003784,1.034058,-0.006111,0.012332,0.999634,0.999728,0.000000,-0.630000,0.350000,0.017097,0.005185,-0.023894,0.707,0.350
29901,-0.007446,-0.004028,1.033813,-0.006230,0.012088,0.999392,0.999484,0.000000,-0.700000,0.350000,0.017097,-0.064815,-0.023894,0.693,0.357
29953,-0.008545,-0.003906,1.034180,-0.007328,0.012210,0.999755,0.999856,0.000000,-0.630000,0.350000,0.017097,0.005185,-0.023894,0.700,0.420
30003,-0.006958,-0.003296,1.033813,-0.005744,0.012819,0.999392,0.999490,0.000000,-0.630000,0.350000,0.017097,0.005185,-0.023894,0.735,0.329
30053,-0.007568,-0.003540,1.033325,-0.006348,0.012574,0.998908,0.999007,0.000000,-0.630000,0.350000,0.017097,0.005185,-0.023894,0.721,0.364
30104,-0.007080,-0.003540,1.034302,-0.005870,0.012576,0.999876,0.999972,0.000000,-0.630000,0.350000,0.017097,0.005185,-0.023894,0.721,0.336
30154,-0.006836,-0.004150,1.033936,-0.005623,0.011966,0.999513,0.999600,-0.070000,-0.630000,0.350000,-0.052903,0.005185,-0.023894,0.686,0.322
30204,-0.007813,-0.002808,1.033325,-0.006591,0.013306,0.998908,0.999018,0.000000,-0.630000,0.350000,0.017097,0.005185,-0.023894,0.763,0.378
30255,-0.007568,-0.002563,1.033936,-0.006353,0.013550,0.999513,0.999625,0.000000,-0.630000,0.350000,0.017097,0.005185,-0.023894,0.777,0.364
30305,-0.006226,-0.003296,1.034058,-0.005016,0.012819,0.999634,0.999728,0.000000,-0.630000,0.350000,0.017097,0.005185,-0.023894,0.735,0.287
30355,-0.007080,-0.003540,1.033691,-0.005864,0.012575,0.999271,0.999367,0.000000,-0.630000,0.350000,0.017097,0.005185,-0.023894,0.721,0.336
30406,-0.006714,-0.003174,1.034302,-0.005505,0.012941,0.999876,0.999975,0.000000,-0.630000,0.350000,0.017097,0.005185,-0.023894,0.742,0.315
30456,-0.006592,-0.003784,1.034424,-0.005384,0.012332,0.999997,1.000087,0.000000,-0.630000,0.350000,0.017097,0.005185,-0.023894,0.707,0.308
30506,-0.007446,-0.003662,1.034180,-0.006234,0.012454,0.999755,0.999852,0.000000,-0.630000,0.350000,0.017097,0.005185,-0.023894,0.714,0.357
30557,-0.007080,-0.003174,1.033936,-0.005867,0.012941,0.999513,0.999614,0.000000,-0.700000,0.350000,0.017097,-0.064815,-0.023894,0.742,0.336
30607,-0.007568,-0.003296,1.034180,-0.006355,0.012819,0.999755,0.999857,0.000000,-0.630000,0.350000,0.017097,0.005185,-0.023894,0.735,0.364
30657,-0.006592,-0.003906,1.033203,-0.005374,0.012209,0.998787,0.998876,0.000000,-0.630000,0.350000,0.017097,0.005185,-0.023894,0.700,0.308
30708,-0.006958,-0.003296,1.033325,-0.005740,0.012818,0.998908,0.999006,0.000000,-0.700000,0.350000,0.017097,-0.064815,-0.023894,0.735,0.329
30758,-0.006470,-0.002808,1.033447,-0.005254,0.013306,0.999029,0.999131,0.000000,-0.630000,0.350000,0.017097,0.005185,-0.023894,0.763,0.301
30808,-0.007568,-0.003662,1.033936,-0.006353,0.012453,0.999513,0.999610,0.000000,-0.630000,0.350000,0.017097,0.005185,-0.023894,0.714,0.364
30858,-0.006592,-0.004028,1.033691,-0.005378,0.012087,0.999271,0.999358,0.000000,-0.700000,0.350000,0.017097,-0.064815,-0.023894,0.693,0.308
30909,-0.007690,-0.004150,1.033569,-0.006471,0.011965,0.999150,0.999242,0.000000,-0.630000,0.350000,0.017097,0.005185,-0.023894,0.686,0.371
30959,-0.006836,-0.002808,1.034302,-0.005627,0.013307,0.999876,0.999980,0.000000,-0.630000,0.350000,0.017097,0.005185,-0.023894,0.762,0.322
31009,-0.007446,-0.003296,1.034058,-0.006233,0.012819,0.999634,0.999735,0.000000,-0.630000,0.350000,0.017097,0.005185,-0.023894,0.735,0.357
31060,-0.007080,-0.002808,1.033691,-0.005865,0.013306,0.999271,0.999376,0.000000,-0.630000,0.350000,0.017097,0.005185,-0.023894,0.763,0.336
31110,-0.006470,-0.002319,1.034912,-0.005267,0.013795,1.000481,1.000590,0.000000,-0.630000,0.350000,0.017097,0.005185,-0.023894,0.790,0.302
31160,-0.007202,-0.002808,1.033813,-0.005987,0.013306,0.999392,0.999498,0.000000,-0.630000,0.350000,0.017097,0.005185,-0.023894,0.763,0.343
31212,-0.007324,-0.003296,1.034180,-0.006112,0.012819,0.999755,0.999855,0.000000,-0.630000,0.350000,0.017097,0.005185,-0.023894,0.735,0.350
31262,-0.006104,-0.003418,1.033203,-0.004887,0.012696,0.998787,0.998879,0.000000,-0.630000,0.350000,0.017097,0.005185,-0.023894,0.728,0.280
31312,-0.007446,-0.002930,1.034180,-0.006234,0.013185,0.999755,0.999861,0.000000,-0.700000,0.350000,0.017097,-0.064815,-0.023894,0.756,0.357
31362,-0.006958,-0.002930,1.034058,-0.005746,0.013185,0.999634,0.999737,0.000000,-0.700000,0.350000,0.017097,-0.064815,-0.023894,0.756,0.329
31412,-0.006836,-0.004028,1.033813,-0.005622,0.012088,0.999392,0.999481,0.000000,-0.630000,0.420000,0.017097,0.005185,0.046106,0.693,0.322
31462,-0.006958,-0.003052,1.033813,-0.005744,0.013063,0.999392,0.999493,0.000000,-0.630000,0.350000,0.017097,0.005185,-0.023894,0.749,0.329
31512,-0.007568,-0.004028,1.033936,-0.006353,0.012088,0.999513,0.999606,0.000000,-0.630000,0.350000,0.017097,0.005185,-0.023894,0.693,0.364
31562,-0.007202,-0.003906,1.034424,-0.005992,0.012210,0.999997,1.000089,0.000000,-0.700000,0.350000,0.017097,-0.064815,-0.023894,0.700,0.343
31612,-0.006836,-0.002686,1.033203,-0.005617,0.013427,0.998787,0.998893,-0.070000,-0.630000,0.350000,-0.052903,0.005185,-0.023894,0.770,0.322
31662,0.007813,-0.003174,1.032959,-0.006588,0.012940,0.998545,0.998650,0.000000,-0.700000,0.350000,0.017097,-0.064815,-0.023894,0.742,0.378
31716,-0.007202,-0.002319,1.034180,-0.005991,0.013794,0.999755,0.999868,0.000000,-0.700000,0.350000,0.017097,-0.064815,-0.023894,0.791,0.343
31766,-0.006592,-0.003052,1.034302,-0.005383,0.013063,0.999876,0.999975,0.000000,-0.630000,0.350000,0.017097,0.005185,-0.023894,0.749,0.308
31816,-0.006958,-0.003662,1.033081,-0.005737,0.012452,0.998666,0.998760,0.000000,-0.630000,0.420000,0.017097,0.005185,0.046106,0.714,0.329
31866,-0.007813,-0.004150,1.033691,-0.006594,0.011966,0.999271,0.999364,0.000000,-0.700000,0.420000,0.017097,-0.064815,0.046106,0.686,0.378
31916,-0.006714,-0.003174,1.033447,-0.005498,0.012940,0.999029,0.999128,-0.070000,-0.630000,0.350000,-0.052903,0.005185,-0.023894,0.742,0.315
31966,-0.006470,-0.003418,1.033813,-0.005257,0.012697,0.999392,0.999486,0.000000,-0.630000,0.350000,0.017097,0.005185,-0.023894,0.728,0.301
32016,-0.007446,-0.003662,1.034180,-0.006234,0.012454,0.999755,0.999852,-0.070000,-0.700000,0.350000,-0.052903,-0.064815,-0.023894,0.714,0.357
32066,-0.007568,-0.003052,1.033569,-0.006350,0.013062,0.999150,0.999255,0.000000,-0.630000,0.350000,0.017097,0.005185,-0.023894,0.749,0.364
32116,-0.006836,-0.003906,1.034058,-0.005624,0.012210,0.999634,0.999724,0.000000,-0.700000,0.420000,0.017097,-0.064815,0.046106,0.700,0.322
32166,-0.006592,-0.003296,1.033569,-0.005377,0.012819,0.999150,0.999246,0.000000,-0.630000,0.350000,0.017097,0.005185,-0.023894,0.735,0.308
32216,-0.007813,-0.003906,1.033081,-0.006589,0.012208,0.998666,0.998762,-0.070000,-0.630000,0.350000,-0.052903,0.005185,-0.023894,0.700,0.378
32266,-0.006836,-0.004028,1.032959,-0.005615,0.012086,0.998545,0.998633,0.000000,-0.630000,0.350000,0.017097,0.005185,-0.023894,0.693,0.322
32316,-0.007080,-0.003418,1.034424,-0.005871,0.012698,0.999997,1.000095,0.000000,-0.630000,0.350000,0.017097,0.005185,-0.023894,0.728,0.336
32366,-0.007568,-0.003662,1.033691,-0.006351,0.012453,0.999271,0.999368,0.000000,-0.630000,0.420000,0.017097,0.005185,0.046106,0.714,0.364
32416,-0.007324,-0.003906,1.033569,-0.006107,0.012209,0.999150,0.999243,0.000000,-0.700000,0.350000,0.017097,-0.064815,-0.023894,0.700,0.350
32466,-0.006836,-0.003052,1.033936,-0.005623,0.013063,0.999513,0.999614,0.000000,-0.700000,0.350000,0.017097,-0.064815,-0.023894,0.749,0.322
32516,-0.007324,-0.003906,1.033447,-0.006106,0.012209,0.999029,0.999122,0.000000,-0.630000,0.350000,0.017097,0.005185,-0.023894,0.700,0.350
32566,-0.006958,-0.003418,1.032837,-0.005735,0.012696,0.998424,0.998521,0.000000,-0.630000,0.350000,0.017097,0.005185,-0.023894,0.729,0.329
32616,-0.007080,-0.004150,1.033569,-0.005863,0.011965,0.999150,0.999238,0.000000,-0.630000,0.350000,0.017097,0.005185,-0.023894,0.686,0.336
32666,-0.006836,-0.003418,1.033936,-0.005623,0.012697,0.999513,0.999609,0.000000,-0.630000,0.420000,0.017097,0.005185,0.046106,0.728,0.322
32717,-0.006958,-0.002808,1.032593,-0.005733,0.013305,0.998182,0.998287,0.000000,-0.700000,0.350000,0.017097,-0.064815,-0.023894,0.764,0.329
32767,-0.007446,-0.003784,1.033936,-0.006231,0.012332,0.999513,0.999608,0.000000,-0.700000,0.350000,0.017097,-0.064815,-0.023894,0.707,0.357
32817,-0.007080,-0.003540,1.034180,-0.005869,0.012576,0.999755,0.999851,-0.070000,-0.630000,0.350000,-0.052903,0.005185,-0.023894,0.721,0.336
32868,-0.007446,-0.003662,1.033691,-0.006229,0.012453,0.999271,0.999368,0.000000,-0.630000,0.350000,0.017097,0.005185,-0.023894,0.714,0.357
32918,-0.007690,-0.003174,1.033691,-0.006473,0.012941,0.999271,0.999375,0.000000,-0.700000,0.350000,0.017097,-0.064815,-0.023894,0.742,0.371
32968,-0.006958,-0.004639,1.033081,-0.005737,0.011477,0.998666,0.998748,0.000000,-0.630000,0.350000,0.017097,0.005185,-0.023894,0.658,0.329
33018,-0.007446,-0.003540,1.034180,-0.006234,0.012576,0.999755,0.999853,0.000000,-0.630000,0.350000,0.017097,0.005185,-0.023894,0.721,0.357
33068,-0.006104,-0.004395,1.033569,-0.004890,0.011722,0.999150,0.999230,0.000000,-0.630000,0.350000,0.017097,0.005185,-0.023894,0.672,0.280
33118,-0.007324,-0.003174,1.033691,-0.006108,0.012941,0.999271,0.999373,0.000000,-0.700000,0.350000,0.017097,-0.064815,-0.023894,0.742,0.350
33168,-0.007080,-0.03174,1.034058,-0.005868,0.012941,0.999634,0.999735,0.000000,-0.630000,0.350000,0.017097,0.005185,-0.023894,0.742,0.336
33221,-0.007202,-0.002686,1.033813,-0.005987,0.013428,0.999392,0.999500,0.000000,-0.630000,0.350000,0.017097,0.005185,-0.023894,0.770,0.343
33271,-0.007202,-0.003418,1.033691,-0.005986,0.012697,0.999271,0.999369,-0.070000,-0.630000,0.350000,-0.052903,0.005185,-0.023894,0.728,0.343
33322,-0.006226,-0.003784,1.033569,-0.005012,0.012331,0.999150,0.999238,0.000000,-0.700000,0.350000,0.017097,-0.064815,-0.023894,0.707,0.287
33372,-0.006958,-0.005371,1.033813,-0.005743,0.010747,0.999392,0.999466,0.000000,-0.630000,0.350000,0.017097,0.005185,-0.023894,0.616,0.329
33422,-0.006958,-0.003052,1.034302,-0.005748,0.013063,0.999876,0.999977,0.000000,-0.630000,0.350000,0.017097,0.005185,-0.023894,0.749,0.329
33473,-0.006592,-0.003174,1.034302,-0.005383,0.012941,0.999876,0.999974,0.000000,-0.630000,0.350000,0.017097,0.005185,-0.023894,0.742,0.308
33523,-0.007202,-0.002808,1.033569,-0.005985,0.013306,0.999150,0.999256,0.000000,-0.630000,0.350000,0.017097,0.005185,-0.023894,0.763,0.343
33573,-0.006958,-0.003540,1.033813,-0.005744,0.012575,0.999392,0.999487,0.000000,-0.700000,0.350000,0.017097,-0.064815,-0.023894,0.721,0.329
33625,-0.008667,-0.003540,1.033691,-0.007446,0.012575,0.999271,0.999377,0.000000,-0.630000,0.350000,0.017097,0.005185,-0.023894,0.721,0.427
33675,-0.006592,-0.003174,1.034180,-0.005382,0.012941,0.999755,0.999853,0.000000,-0.630000,0.350000,0.017097,0.005185,-0.023894,0.742,0.308
33725,-0.007568,-0.002808,1.034180,-0.006356,0.013307,0.999755,0.999863,0.000000,-0.630000,0.420000,0.017097,0.005185,0.046106,0.763,0.364
33776,-0.008179,-0.002930,1.033691,-0.006959,0.013184,0.999271,0.999382,0.000000,-0.630000,0.350000,0.017097,0.005185,-0.023894,0.756,0.399
33826,-0.006592,-0.004028,1.034790,-0.005387,0.012089,1.000360,1.000447,0.000000,-0.630000,0.350000,0.017097,0.005185,-0.023894,0.692,0.309
33876,-0.007446,-0.002319,1.034180,-0.006234,0.013794,0.999755,0.999869,0.000000,-0.630000,0.350000,0.017097,0.005185,-0.023894,0.791,0.357
33926,-0.006958,-0.003540,1.035645,-0.005760,0.012578,1.001207,1.001302,0.000000,-0.700000,0.350000,0.017097,-0.064815,-0.023894,0.720,0.330
33976,-0.006836,-0.002930,1.034912,-0.005632,0.013186,1.000481,1.000583,0.000000,-0.700000,0.420000,0.017097,-0.064815,0.046106,0.755,0.323
34026,-0.006958,-0.003174,1.034546,-0.005750,0.012942,1.000118,1.000218,0.000000,-0.630000,0.350000,0.017097,0.005185,-0.023894,0.741,0.329
34076,-0.007080,-0.003662,1.033203,-0.005860,0.012452,0.998787,0.998881,0.000000,-0.630000,0.350000,0.017097,0.005185,-0.023894,0.714,0.336
34126,-0.006958,-0.003540,1.033936,-0.005745,0.012575,0.999513,0.999608,0.000000,-0.630000,0.350000,0.017097,0.005185,-0.023894,0.721,0.329
34176,-0.006958,-0.003784,1.033081,-0.005737,0.012330,0.998666,0.998758,0.000000,-0.700000,0.350000,0.017097,-0.064815,-0.023894,0.707,0.329
34226,-0.007202,-0.003418,1.033447,-0.005984,0.012696,0.999029,0.999127,0.000000,-0.630000,0.350000,0.017097,0.005185,-0.023894,0.728,0.343
34277,-0.006958,-0.003662,1.033813,-0.005744,0.012453,0.999392,0.999486,0.000000,-0.700000,0.350000,0.017097,-0.064815,-0.023894,0.714,0.329
34327,-0.006592,-0.004028,1.033936,-0.005380,0.012088,0.999513,0.999600,0.000000,-0.700000,0.350000,0.017097,-0.064815,-0.023894,0.693,0.308
34377,-0.006592,-0.003296,1.032837,-0.005371,0.012817,0.998424,0.998520,0.000000,-0.700000,0.350000,0.017097,-0.064815,-0.023894,0.736,0.308
34428,-0.007080,-0.003418,1.033569,-0.005863,0.012697,0.999150,0.999247,0.000000,-0.630000,0.350000,0.017097,0.005185,-0.023894,0.728,0.336
34478,-0.007324,-0.002930,1.033447,-0.006106,0.013184,0.999029,0.999134,0.000000,-0.630000,0.350000,0.017097,0.005185,-0.023894,0.756,0.350
34528,-0.006836,-0.004272,1.033569,-0.005620,0.011844,0.999150,0.999236,0.000000,-0.630000,0.350000,0.017097,0.005185,-0.023894,0.679,0.322
34578,-0.007202,-0.003174,1.034058,-0.005989,0.012941,0.999634,0.999735,0.000000,-0.630000,0.350000,0.017097,0.005185,-0.023894,0.742,0.343
34628,-0.007813,-0.003418,1.033447,-0.006592,0.012696,0.999029,0.999131,0.000000,-0.630000,0.350000,0.017097,0.005185,-0.023894,0.728,0.378
34678,-0.006470,-0.003052,1.033813,-0.005257,0.013063,0.999392,0.999491,0.000000,-0.630000,0.350000,0.017097,0.005185,-0.023894,0.749,0.301
34728,-0.007690,-0.003784,1.032959,-0.006466,0.012330,0.998545,0.998642,0.000000,-0.700000,0.350000,0.017097,-0.064815,-0.023894,0.707,0.371
34778,-0.007324,-0.003784,1.033813,-0.006109,0.012331,0.999392,0.999486,0.000000,-0.630000,0.350000,0.017097,0.005185,-0.023894,0.707,0.350
34828,-0.006592,-0.003418,1.033325,-0.005375,0.012696,0.998908,0.999003,0.000000,-0.630000,0.420000,0.017097,0.005185,0.046106,0.728,0.308
34878,-0.007202,-0.003174,1.034302,-0.005992,0.012941,0.999876,0.999977,0.000000,-0.630000,0.350000,0.017097,0.005185,-0.023894,0.742,0.343
34928,-0.007202,-0.003662,1.033081,-0.005981,0.012452,0.998666,0.998761,0.000000,-0.630000,0.350000,0.017097,0.005185,-0.023894,0.714,0.343
34979,-0.007446,-0.003662,1.033813,-0.006230,0.012453,0.999392,0.999489,0.000000,-0.630000,0.350000,0.017097,0.005185,-0.023894,0.714,0.357
35029,-0.007324,-0.003174,1.033447,-0.006106,0.012940,0.999029,0.999131,0.000000,-0.700000,0.350000,0.017097,-0.064815,-0.023894,0.742,0.350
35079,-0.006836,-0.004395,1.033813,-0.005622,0.011722,0.999392,0.999476,0.000000,-0.630000,0.350000,0.017097,0.005185,-0.023894,0.672,0.322
35130,-0.006714,-0.003540,1.033569,-0.005498,0.012575,0.999150,0.999244,0.000000,-0.630000,0.350000,0.017097,0.005185,-0.023894,0.721,0.315
35180,-0.008179,-0.003052,1.034302,-0.006965,0.013063,0.999876,0.999985,0.000000,-0.630000,0.350000,0.017097,0.005185,-0.023894,0.749,0.399
35230,-0.007935,-0.003296,1.034302,-0.006721,0.012820,0.999876,0.999980,0.000000,-0.630000,0.350000,0.017097,0.005185,-0.023894,0.735,0.385
35280,-0.006714,-0.003906,1.033813,-0.005500,0.012210,0.999392,0.999481,0.000000,-0.630000,0.350000,0.017097,0.005185,-0.023894,0.700,0.315
35330,-0.008057,-0.002563,1.033813,-0.006839,0.013550,0.999392,0.999507,0.000000,-0.630000,0.350000,0.017097,0.005185,-0.023894,0.777,0.392
35380,-0.006348,-0.002686,1.034180,-0.005139,0.013429,0.999755,0.999858,0.000000,-0.630000,0.420000,0.017097,0.005185,0.046106,0.770,0.294
35430,-0.006592,-0.003174,1.033691,-0.005378,0.012941,0.999271,0.999369,0.000000,-0.630000,0.350000,0.017097,0.005185,-0.023894,0.742,0.308
35480,-0.006958,-0.004028,1.033447,-0.005741,0.012087,0.999029,0.999118,0.000000,-0.630000,0.350000,0.017097,0.005185,-0.023894,0.693,0.329
35530,-0.007446,-0.003906,1.034180,-0.006234,0.012210,0.999755,0.999849,0.000000,-0.630000,0.420000,0.017097,0.005185,0.046106,0.700,0.357
35580,-0.006836,-0.003052,1.033936,-0.005623,0.013063,0.999513,0.999614,0.000000,-0.630000,0.350000,0.017097,0.005185,-0.023894,0.749,0.322
35630,-0.008179,-0.002930,1.034790,-0.006969,0.013186,1.000360,1.000471,-0.070000,-0.700000,0.350000,-0.052903,-0.064815,-0.023894,0.755,0.399
35680,-0.006836,-0.003418,1.034302,-0.005627,0.012698,0.999876,0.999972,0.000000,-0.700000,0.350000,0.017097,-0.064815,-0.023894,0.728,0.322
35730,-0.006958,-0.003906,1.034668,-0.005751,0.012211,1.000239,1.000330,0.000000,-0.630000,0.350000,0.017097,0.005185,-0.023894,0.699,0.329
35780,-0.006592,-0.003418,1.034546,-0.005385,0.012698,1.000118,1.000213,0.000000,-0.630000,0.350000,0.017097,0.005185,-0.023894,0.727,0.308
35830,-0.007080,-0.003784,1.034302,-0.005870,0.012332,0.999876,0.999969,0.000000,-0.700000,0.420000,0.017097,-0.064815,0.046106,0.707,0.336
35880,-0.007690,-0.004395,1.034180,-0.006477,0.011723,0.999755,0.999844,0.000000,-0.700000,0.350000,0.017097,-0.064815,-0.023894,0.672,0.371
35930,-0.006714,-0.003540,1.034790,-0.005509,0.012577,1.000360,1.000454,0.000000,-0.700000,0.350000,0.017097,-0.064815,-0.023894,0.720,0.316
35982,-0.006714,-0.003296,1.034058,-0.005503,0.012819,0.999634,0.999731,0.000000,-0.630000,0.350000,0.017097,0.005185,-0.023894,0.735,0.315
36032,-0.007324,-0.003418,1.035767,-0.006126,0.012700,1.001328,1.001427,0.000000,-0.630000,0.350000,0.017097,0.005185,-0.023894,0.727,0.350
36082,-0.007813,-0.003418,1.034302,-0.006600,0.012698,0.999876,0.999978,0.000000,-0.630000,0.350000,0.017097,0.005185,-0.023894,0.728,0.378
36133,-0.006104,-0.003052,1.034790,-0.004901,0.013064,1.000360,1.000457,0.000000,-0.700000,0.350000,0.017097,-0.064815,-0.023894,0.748,0.281
36183,-0.007568-0.003418,1.034790,-0.006361,0.012698,1.000360,1.000461,0.000000,-0.630000,0.350000,0.017097,0.005185,-0.023894,0.727,0.364
36238,-0.006958,-0.003418,1.034668,-0.005751,0.012698,1.000239,1.000336,0.000000,-0.700000,0.350000,0.017097,-0.064815,-0.023894,0.727,0.329
36288,-0.007324,-0.003296,1.034058,-0.006111,0.012819,0.999634,0.999734,0.000000,-0.700000,0.350000,0.017097,-0.064815,-0.023894,0.735,0.350
36338,-0.007202,-0.003052,1.034790,-0.005996,0.013064,1.000360,1.000463,-0.070000,-0.700000,0.350000,-0.052903,-0.064815,-0.023894,0.748,0.343
36388,-0.006714,-0.003662,1.034302,-0.005505,0.012454,0.999876,0.999968,0.000000,-0.700000,0.420000,0.017097,-0.064815,0.046106,0.714,0.315
36438,-0.006958,-0.003174,1.034302,-0.005748,0.012941,0.999876,0.999976,0.000000,-0.630000,0.350000,0.017097,0.005185,-0.023894,0.742,0.329
36488,-0.006470,-0.003174,1.034912,-0.005267,0.012942,1.000481,1.000578,0.000000,-0.630000,0.350000,0.017097,0.005185,-0.023894,0.741,0.302
36540,-0.006348,-0.003784,1.034180,-0.005139,0.012332,0.999755,0.999844,0.000000,-0.700000,0.350000,0.017097,-0.064815,-0.023894,0.707,0.294
36590,-0.006470,-0.003540,1.033813,-0.005257,0.012575,0.999392,0.999485,0.000000,-0.630000,0.350000,0.017097,0.005185,-0.023894,0.721,0.301
36640,-0.007202,-0.003662,1.034058,-0.005989,0.012454,0.999634,0.999729,0.000000,-0.700000,0.350000,0.017097,-0.064815,-0.023894,0.714,0.343
36691,-0.007690,-0.002930,1.034058,-0.006476,0.013185,0.999634,0.999741,0.000000,-0.700000,0.350000,0.017097,-0.064815,-0.023894,0.756,0.371
36741,-0.007568,-0.002563,1.033936,-0.006353,0.013550,0.999513,0.999625,0.000000,-0.700000,0.350000,0.017097,-0.064815,-0.023894,0.777,0.364
36791,-0.007690,-0.002808,1.034424,-0.006479,0.013307,0.999997,1.000106,0.000000,-0.630000,0.350000,0.017097,0.005185,-0.023894,0.762,0.371
36843,-0.007324,-0.003784,1.034058,-0.006111,0.012332,0.999634,0.999728,0.000000,-0.630000,0.420000,0.017097,0.005185,0.046106,0.707,0.350
36893,-0.006958,-0.003540,1.033691,-0.005743,0.012575,0.999271,0.999366,0.000000,-0.630000,0.350000,0.017097,0.005185,-0.023894,0.721,0.329
36943,-0.006592,-0.004150,1.033813,-0.005379,0.011966,0.999392,0.999478,0.000000,-0.630000,0.350000,0.017097,0.005185,-0.023894,0.686,0.308
36993,-0.006470,-0.002686,1.032959,-0.005250,0.013427,0.998545,0.998649,0.000000,-0.630000,0.350000,0.017097,0.005185,-0.023894,0.770,0.301
37043,-0.006226,-0.003418,1.033569,-0.005012,0.012697,0.999150,0.999243,0.000000,-0.630000,0.350000,0.017097,0.005185,-0.023894,0.728,0.287
37093,-0.006958,-0.003174,1.033936,-0.005745,0.012941,0.999513,0.999613,0.000000,-0.630000,0.350000,0.017097,0.005185,-0.023894,0.742,0.329
37143,-0.007324,-0.003784,1.032959,-0.006101,0.012330,0.998545,0.998639,0.000000,-0.630000,0.350000,0.017097,0.005185,-0.023894,0.707,0.350
37193,-0.006714,-0.003418,1.033936,-0.005502,0.012697,0.999513,0.999608,0.000000,-0.700000,0.420000,0.017097,-0.064815,0.046106,0.728,0.315
37243,-0.007080,-0.003906,1.032715,-0.005856,0.012208,0.998303,0.998394,0.000000,-0.630000,0.350000,0.017097,0.005185,-0.023894,0.701,0.336
37293,-0.006592,-0.003784,1.033936,-0.005380,0.012332,0.999513,0.999603,0.000000,-0.700000,0.350000,0.017097,-0.064815,-0.023894,0.707,0.308
37343,-0.006104,-0.003296,1.033813,-0.004892,0.012819,0.999392,0.999486,0.000000,-0.630000,0.350000,0.017097,0.005185,-0.023894,0.735,0.280
37393,-0.006958,-0.003662,1.033936,-0.005745,0.012453,0.999513,0.999607,-0.070000,-0.630000,0.350000,-0.052903,0.005185,-0.023894,0.714,0.329
37443,-0.006470,-0.003418,1.033447,-0.005254,0.012696,0.999029,0.999123,0.000000,-0.630000,0.350000,0.017097,0.005185,-0.023894,0.728,0.301
37493,-0.007324,-0.002686,1.034180,-0.006112,0.013429,0.999755,0.999863,0.000000,-0.630000,0.420000,0.017097,0.005185,0.046106,0.770,0.350
37543,-0.006958,-0.003296,1.033813,-0.005744,0.012819,0.999392,0.999490,0.000000,-0.700000,0.350000,0.017097,-0.064815,-0.023894,0.735,0.329
37593,-0.006592,-0.002441,1.033325,-0.005375,0.013671,0.998908,0.999016,0.000000,-0.700000,0.420000,0.017097,-0.064815,0.046106,0.784,0.308
37643,-0.006470,-0.002686,1.033325,-0.005253,0.013428,0.998908,0.999012,0.000000,-0.630000,0.350000,0.017097,0.005185,-0.023894,0.770,0.301
37695,-0.006836,-0.003540,1.033325,-0.005618,0.012574,0.998908,0.999003,0.000000,-0.630000,0.350000,0.017097,0.005185,-0.023894,0.721,0.322
37745,-0.006470,-0.002686,1.033081,-0.005251,0.013427,0.998666,0.998770,0.000000,-0.630000,0.350000,0.017097,0.005185,-0.023894,0.770,0.301
37795,-0.007080,-0.003784,1.033203,-0.005860,0.012331,0.998787,0.998880,0.000000,-0.630000,0.350000,0.017097,0.005185,-0.023894,0.707,0.336
37846,-0.007202,-0.003662,1.033325,-0.005983,0.012453,0.998908,0.999003,0.000000,-0.700000,0.350000,0.017097,-0.064815,-0.023894,0.714,0.343
37896,-0.007568,-0.003906,1.033691,-0.006351,0.012209,0.999271,0.999365,0.000000,-0.630000,0.350000,0.017097,0.005185,-0.023894,0.700,0.364
37946,-0.007202,-0.003540,1.033813,-0.005987,0.012575,0.999392,0.999489,0.000000,-0.630000,0.350000,0.017097,0.005185,-0.023894,0.721,0.343
37997,-0.007080,-0.003784,1.034058,-0.005868,0.012332,0.999634,0.999727,0.000000,-0.630000,0.350000,0.017097,0.005185,-0.023894,0.707,0.336
38047,-0.007202,-0.003784,1.033691,-0.005986,0.012331,0.999271,0.999365,0.000000,-0.630000,0.350000,0.017097,0.005185,-0.023894,0.707,0.343
38097,-0.006592,-0.003662,1.033447,-0.005376,0.012453,0.999029,0.999121,0.000000,-0.630000,0.350000,0.017097,0.005185,-0.023894,0.714,0.308
38147,-0.005859,-0.003540,1.032715,-0.004640,0.012574,0.998303,0.998392,0.000000,-0.630000,0.350000,0.017097,0.005185,-0.023894,0.722,0.266
38197,-0.006958,-0.003174,1.033081,-0.005738,0.012940,0.998666,0.998766,-0.070000,-0.630000,0.350000,-0.052903,0.005185,-0.023894,0.742,0.329
38247,-0.006958,-0.003052,1.032715,-0.005734,0.013061,0.998303,0.998404,0.000000,-0.630000,0.350000,0.017097,0.005185,-0.023894,0.750,0.329
38297,-0.005859,-0.003296,1.033447,-0.004646,0.012818,0.999029,0.999122,0.000000,-0.630000,0.350000,0.017097,0.005185,-0.023894,0.735,0.266
38348,-0.006592,-0.004639,1.033569,-0.005376,0.011478,0.999150,0.999230,0.000000,-0.630000,0.350000,0.017097,0.005185,-0.023894,0.658,0.308
38398,-0.006836,-0.003418,1.033569,-0.005620,0.012697,0.999150,0.999246,0.000000,-0.630000,0.350000,0.017097,0.005185,-0.023894,0.728,0.322
38448,-0.007813,-0.003052,1.033447,-0.006592,0.013062,0.999029,0.999136,0.000000,-0.630000,0.350000,0.017097,0.005185,-0.023894,0.749,0.378
38498,-0.006104,-0.002075,1.032715,-0.004883,0.014036,0.998303,0.998413,0.000000,-0.630000,0.350000,0.017097,0.005185,-0.023894,0.806,0.280
38548,-0.007568,-0.002930,1.034058,-0.006354,0.013185,0.999634,0.999741,0.000000,-0.630000,0.350000,0.017097,0.005185,-0.023894,0.756,0.364
38598,-0.007080,-0.003784,1.033325,-0.005861,0.012331,0.998908,0.999001,0.000000,-0.700000,0.350000,0.017097,-0.064815,-0.023894,0.707,0.336
38648,-0.006836,-0.003906,1.033081,-0.005616,0.012208,0.998666,0.998756,0.000000,-0.700000,0.350000,0.017097,-0.064815,-0.023894,0.700,0.322
38698,-0.07324,-0.004028,1.032349,-0.006096,0.012086,0.997939,0.998031,-0.070000,-0.630000,0.350000,-0.052903,0.005185,-0.023894,0.694,0.350
38753,-0.007690,-0.004150,1.032837,-0.006465,0.011964,0.998424,0.998516,-0.070000,-0.630000,0.350000,-0.052903,0.005185,-0.023894,0.687,0.371
38803,-0.007446,-0.003418,1.032227,-0.006217,0.012695,0.997818,0.997919,0.000000,-0.630000,0.350000,0.017097,0.005185,-0.023894,0.729,0.357
38853,-0.006714,-0.003296,1.032837,-0.005492,0.012817,0.998424,0.998521,0.000000,-0.630000,0.350000,0.017097,0.005185,-0.023894,0.736,0.315
38903,-0.007202,-0.003906,1.032715,-0.005977,0.012208,0.998303,0.998395,0.000000,-0.630000,0.350000,0.017097,0.005185,-0.023894,0.701,0.343
38953,-0.006958,-0.003906,1.032593,-0.005733,0.012208,0.998182,0.998273,0.000000,-0.630000,0.350000,0.017097,0.005185,-0.023894,0.701,0.329
39003,-0.006958,-0.003296,1.033569,-0.005742,0.012819,0.999150,0.999248,0.000000,-0.630000,0.350000,0.017097,0.005185,-0.023894,0.735,0.329
39053,-0.007324,-0.003540,1.033447,-0.006106,0.012575,0.999029,0.999126,-0.070000,-0.630000,0.420000,-0.052903,0.005185,0.046106,0.721,0.350
39103,-0.006714,-0.003784,1.032959,-0.005493,0.012330,0.998545,0.998636,0.000000,-0.630000,0.350000,0.017097,0.005185,-0.023894,0.707,0.315
39153,-0.007080,-0.003906,1.033569,-0.005863,0.012209,0.999150,0.999241,-0.070000,-0.700000,0.350000,-0.052903,-0.064815,-0.023894,0.700,0.336
39203,-0.007202,-0.002930,1.032959,-0.005980,0.013183,0.998545,0.998649,0.000000,-0.630000,0.350000,0.017097,0.005185,-0.023894,0.756,0.343
39253,-0.007690,-0.003906,1.033203,-0.006468,0.012209,0.998787,0.998882,0.000000,-0.630000,0.350000,0.017097,0.005185,-0.023894,0.700,0.371
39303,-0.007202,-0.003174,1.033081,-0.005981,0.012940,0.998666,0.998767,0.000000,-0.700000,0.350000,0.017097,-0.064815,-0.023894,0.742,0.343
39353,-0.007446,-0.002930,1.033203,-0.006225,0.013184,0.998787,0.998893,0.000000,-0.630000,0.350000,0.017097,0.005185,-0.023894,0.756,0.357
39403,-0.006958,-0.003784,1.033325,-0.005740,0.012331,0.998908,0.999000,0.000000,-0.630000,0.350000,0.017097,0.005185,-0.023894,0.707,0.329
39453,-0.007324,-0.003052,1.032715,-0.006099,0.013061,0.998303,0.998407,0.000000,-0.630000,0.350000,0.017097,0.005185,-0.023894,0.750,0.350
39503,-0.006836,-0.002197,1.034180,-0.005626,0.013916,0.999755,0.999867,0.000000,-0.630000,0.350000,0.017097,0.005185,-0.023894,0.797,0.322
39553,-0.007202,-0.004028,1.033569,-0.005985,0.012087,0.999150,0.999241,0.000000,-0.630000,0.350000,0.017097,0.005185,-0.023894,0.693,0.343
39603,-0.006714,-0.003540,1.033691,-0.005500,0.012575,0.999271,0.999365,0.000000,-0.630000,0.350000,0.017097,0.005185,-0.023894,0.721,0.315
39654,-0.007080,-0.003052,1.033813,-0.005866,0.013063,0.999392,0.999494,0.000000,-0.630000,0.350000,0.017097,0.005185,-0.023894,0.749,0.336
39704,-0.00446,-0.002686,1.033569,-0.006229,0.013428,0.999150,0.999259,0.000000,-0.630000,0.350000,0.017097,0.005185,-0.023894,0.770,0.357
39758,-0.006958,-0.003784,1.032959,-0.005736,0.012330,0.998545,0.998637,0.000000,-0.700000,0.350000,0.017097,-0.064815,-0.023894,0.707,0.329
39808,-0.006958,-0.003540,1.033936,-0.005745,0.012575,0.999513,0.999608,0.000000,-0.630000,0.350000,0.017097,0.005185,-0.023894,0.721,0.329
39858,-0.007935,-0.003418,1.033203,-0.006712,0.012696,0.998787,0.998890,0.000000,-0.630000,0.350000,0.017097,0.005185,-0.023894,0.728,0.385
39909,-0.006348,-0.003784,1.034180,-0.005139,0.012332,0.999755,0.999844,0.000000,-0.700000,0.350000,0.017097,-0.064815,-0.023894,0.707,0.294
39959,-0.006958,-0.003540,1.033813,-0.005744,0.012575,0.999392,0.999487,0.000000,-0.630000,0.350000,0.017097,0.005185,-0.023894,0.721,0.329
40009,-0.006958,-0.003052,1.034058,-0.005746,0.013063,0.999634,0.999735,0.000000,-0.630000,0.350000,0.017097,0.005185,-0.023894,0.749,0.329
40059,-0.006592,-0.003906,1.032959,-0.005371,0.012208,0.998545,0.998634,0.000000,-0.630000,0.350000,0.017097,0.005185,-0.023894,0.700,0.308
40109,-0.007568,-0.002930,1.033569,-0.006350,0.013184,0.999150,0.999257,0.000000,-0.700000,0.350000,0.017097,-0.064815,-0.023894,0.756,0.364
40159,-0.007080,-0.004272,1.034180,-0.005869,0.011844,0.999755,0.999842,0.000000,-0.630000,0.350000,0.017097,0.005185,-0.023894,0.679,0.336
40209,-0.006714,-0.004150,1.034180,-0.005504,0.011966,0.999755,0.999841,-0.070000,-0.630000,0.350000,-0.052903,0.005185,-0.023894,0.686,0.315
40259,-0.006714,-0.003540,1.034302,-0.005505,0.012576,0.999876,0.999970,0.000000,-0.700000,0.350000,0.017097,-0.064815,-0.023894,0.721,0.315
40309,-0.007080,-0.003418,1.034668,-0.005873,0.012698,1.000239,1.000337,0.000000,-0.630000,0.350000,0.017097,0.005185,-0.023894,0.727,0.336
40359,-0.006592,-0.003784,1.034058,-0.005381,0.012332,0.999634,0.999724,0.000000,-0.630000,0.350000,0.017097,0.005185,-0.023894,0.707,0.308
40409,-0.006836,-0.002930,1.034302,-0.005627,0.013185,0.999876,0.999978,0.000000,-0.700000,0.420000,0.017097,-0.064815,0.046106,0.756,0.322
40459,-0.006592,-0.004028,1.034302,-0.005383,0.012088,0.999876,0.999963,0.000000,-0.630000,0.350000,0.017097,0.005185,-0.023894,0.693,0.308
40509,-0.007690,-0.002563,1.034058,-0.006476,0.013550,0.999634,0.999746,0.000000,-0.630000,0.420000,0.017097,0.005185,0.046106,0.777,0.371
40559,-0.006958,-0.003296,1.034180,-0.005747,0.012819,0.999755,0.999853,0.000000,-0.630000,0.350000,0.017097,0.005185,-0.023894,0.735,0.329
40610,-0.006958,-0.003662,1.034180,-0.005747,0.012454,0.999755,0.999849,0.000000,-0.700000,0.350000,0.017097,-0.064815,-0.023894,0.714,0.329
40660,-0.007324,-0.003418,1.034302,-0.006113,0.012698,0.999876,0.999975,0.000000,-0.630000,0.350000,0.017097,0.005185,-0.023894,0.728,0.350
40710,-0.00446,-0.003662,1.034790,-0.006239,0.012455,1.000360,1.000457,0.000000,-0.630000,0.350000,0.017097,0.005185,-0.023894,0.713,0.357
40764,-0.006714,-0.003540,1.034180,-0.005504,0.012576,0.999755,0.999849,-0.070000,-0.700000,0.350000,-0.052903,-0.064815,-0.023894,0.721,0.315
40814,-0.007080,-0.003906,1.034302,-0.005870,0.012210,0.999876,0.999967,0.000000,-0.700000,0.420000,0.017097,-0.064815,0.046106,0.700,0.336
40864,-0.006714,-0.002808,1.035156,-0.005513,0.013308,1.000723,1.000826,0.000000,-0.700000,0.350000,0.017097,-0.064815,-0.023894,0.762,0.316
40914,-0.006104,-0.003906,1.034424,-0.004898,0.012210,0.999997,1.000083,0.000000,-0.700000,0.350000,0.017097,-0.064815,-0.023894,0.700,0.281
40964,-0.007446,-0.003418,1.034668,-0.006238,0.012698,1.000239,1.000339,0.000000,-0.630000,0.350000,0.017097,0.005185,-0.023894,0.727,0.357
41015,-0.007202,-0.003296,1.034668,-0.005995,0.012820,1.000239,1.000339,-0.070000,-0.630000,0.350000,-0.052903,0.005185,-0.023894,0.734,0.343
41065,-0.007324,-0.004028,1.035278,-0.006121,0.012090,1.000844,1.000935,0.000000,-0.630000,0.420000,0.017097,0.005185,0.046106,0.692,0.350
41115,-0.006958,-0.002930,1.035522,-0.005759,0.013187,1.001086,1.001189,0.000000,-0.630000,0.350000,0.017097,0.005185,-0.023894,0.755,0.330
41165,-0.007324,-0.003662,1.036011,-0.006128,0.012457,1.001570,1.001666,0.000000,-0.630000,0.350000,0.017097,0.005185,-0.023894,0.713,0.351
41216,-0.007080,-0.004150,1.034912,-0.005875,0.011967,1.000481,1.000569,0.000000,-0.630000,0.350000,0.017097,0.005185,-0.023894,0.685,0.336
41266,-0.006836,-0.003296,1.035156,-0.005634,0.012821,1.000723,1.000821,0.000000,-0.700000,0.350000,0.017097,-0.064815,-0.023894,0.734,0.323
41316,-0.007690,-0.003418,1.035522,-0.006489,0.012700,1.001086,1.001187,0.000000,-0.630000,0.350000,0.017097,0.005185,-0.023894,0.727,0.371
41367,-0.007446,-0.002686,1.034790,-0.006239,0.013430,1.000360,1.000469,0.000000,-0.630000,0.420000,0.017097,0.005185,0.046106,0.769,0.357
41417,-0.006714,-0.002930,1.035767,-0.005518,0.013187,1.001328,1.001430,0.000000,-0.630000,0.350000,0.017097,0.005185,-0.023894,0.755,0.316
41467,-0.007935,-0.003174,1.035278,-0.006730,0.012943,1.000844,1.000950,0.000000,-0.700000,0.350000,0.017097,-0.064815,-0.023894,0.741,0.385
41518,-0.007446,-0.002930,1.035522,-0.006246,0.013187,1.001086,1.001192,0.000000,-0.630000,0.350000,0.017097,0.005185,-0.023894,0.755,0.357
41568,-0.006348,-0.003296,1.035522,-0.005151,0.012821,1.001086,1.001181,-0.070000,-0.700000,0.420000,-0.052903,-0.064815,0.046106,0.734,0.295
41618,-0.007568,-0.003174,1.035645,-0.006368,0.012943,1.001207,1.001311,0.000000,-0.700000,0.350000,0.017097,-0.064815,-0.023894,0.741,0.364
41670,-0.006958,-0.003174,1.035156,-0.005756,0.012943,1.000723,1.000823,0.000000,-0.630000,0.350000,0.017097,0.005185,-0.023894,0.741,0.330
41720,-0.006958,-0.003174,1.035767,-0.005761,0.012944,1.001328,1.001428,0.000000,-0.630000,0.350000,0.017097,0.005185,-0.023894,0.741,0.330
41770,-0.007202,-0.002930,1.036011,-0.006007,0.013188,1.001570,1.001675,0.000000,-0.630000,0.350000,0.017097,0.005185,-0.023894,0.754,0.344
41820,-0.006470,-0.004272,1.035522,-0.005272,0.011846,1.001086,1.001170,0.000000,-0.630000,0.350000,0.017097,0.005185,-0.023894,0.678,0.302
41870,-0.008057,-0.003174,1.035522,-0.006854,0.012943,1.001086,1.001193,0.000000,-0.700000,0.420000,0.017097,-0.064815,0.046106,0.741,0.392
41920,-0.008301,-0.003174,1.035889,-0.007100,0.012944,1.001449,1.001558,0.000000,-0.630000,0.350000,0.017097,0.005185,-0.023894,0.741,0.406
41971,-0.007080,-0.003418,1.035645,-0.005882,0.012700,1.001207,1.001305,0.000000,-0.700000,0.350000,0.017097,-0.064815,-0.023894,0.727,0.337
42021,-0.007080,-0.003296,1.035278,-0.005878,0.012821,1.000844,1.000943,0.000000,-0.700000,0.350000,0.017097,-0.064815,-0.023894,0.734,0.336
42071,-0.006470,-0.003784,1.035522,-0.005272,0.012334,1.001086,1.001176,0.000000,-0.700000,0.350000,0.017097,-0.064815,-0.023894,0.706,0.302
42121,-0.007568,-0.003662,1.035278,-0.006365,0.012455,1.000844,1.000942,0.000000,-0.630000,0.350000,0.017097,0.005185,-0.023894,0.713,0.364
42171,-0.007324,-0.003418,1.035767,-0.006126,0.012700,1.001328,1.001427,0.000000,-0.630000,0.350000,0.017097,0.005185,-0.023894,0.727,0.350
42221,-0.006836,-0.003296,1.035278,-0.005635,0.012821,1.000844,1.000942,0.000000,-0.700000,0.350000,0.017097,-0.064815,-0.023894,0.734,0.323
42271,-0.007324,-0.003174,1.035645,-0.006125,0.012943,1.001207,1.001309,0.000000,-0.630000,0.350000,0.017097,0.005185,-0.023894,0.741,0.350
42321,-0.006714,-0.003662,1.035278,-0.005513,0.012455,1.000844,1.000936,0.000000,-0.630000,0.350000,0.017097,0.005185,-0.023894,0.713,0.316
42371,-0.005981,-0.002686,1.035278,-0.004784,0.013430,1.000844,1.000945,0.000000,-0.630000,0.350000,0.017097,0.005185,-0.023894,0.769,0.274
42421,-0.006348,-0.003784,1.035156,-0.005147,0.012333,1.000723,1.000812,0.000000,-0.630000,0.350000,0.017097,0.005185,-0.023894,0.706,0.295
42471,-0.006836,-0.003784,1.035278,-0.005635,0.012334,1.000844,1.000936,-0.070000,-0.630000,0.350000,-0.052903,0.005185,-0.023894,0.706,0.323
42522,-0.007080,-0.004028,1.034668,-0.005873,0.012089,1.000239,1.000329,0.000000,-0.700000,0.350000,0.017097,-0.064815,-0.023894,0.692,0.336
42572,-0.007813,-0.003418,1.035278,-0.006608,0.012699,1.000844,1.000946,0.000000,-0.630000,0.350000,0.017097,0.005185,-0.023894,0.727,0.378
42622,-0.007324,-0.003296,1.035889,-0.006127,0.012822,1.001449,1.001550,-0.070000,-0.630000,0.350000,-0.052903,0.005185,-0.023894,0.734,0.351
42673,-0.007202,-0.002563,1.035889,-0.006006,0.013553,1.001449,1.001558,0.000000,-0.630000,0.350000,0.017097,0.005185,-0.023894,0.775,0.344
42723,-0.007324,-0.003418,1.035645,-0.006125,0.012700,1.001207,1.001306,0.000000,-0.630000,0.350000,0.017097,0.005185,-0.023894,0.727,0.350
42773,-0.006714,-0.003052,1.034912,-0.005510,0.013064,1.000481,1.000581,0.000000,-0.700000,0.350000,0.017097,-0.064815,-0.023894,0.748,0.316
42824,-0.006714,-0.003662,1.035156,-0.005512,0.012455,1.000723,1.000815,0.000000,-0.630000,0.350000,0.017097,0.005185,-0.023894,0.713,0.316
42874,-0.007446,-0.001831,1.035278,-0.006244,0.014283,1.000844,1.000965,0.000000,-0.700000,0.350000,0.017097,-0.064815,-0.023894,0.818,0.357
42924,-0.006836,-0.003906,1.035034,-0.005633,0.012211,1.000602,1.000692,0.000000,-0.630000,0.350000,0.017097,0.005185,-0.023894,0.699,0.323
42974,-0.006104,-0.002441,1.035400,-0.004907,0.013674,1.000965,1.001070,0.000000,-0.630000,0.350000,0.017097,0.005185,-0.023894,0.783,0.281
43024,-0.006714,-0.003296,1.035767,-0.005518,0.012822,1.001328,1.001425,0.000000,-0.630000,0.350000,0.017097,0.005185,-0.023894,0.734,0.316
43074,-0.007080,-0.003662,1.035645,-0.005881,0.012456,1.001207,1.001302,0.000000,-0.630000,0.350000,0.017097,0.005185,-0.023894,0.713,0.337
43124,-0.007568,-0.003662,1.035522,-0.006367,0.012456,1.001086,1.001184,0.000000,-0.630000,0.350000,0.017097,0.005185,-0.023894,0.713,0.364
43174,-0.006592,-0.002808,1.035767,-0.005396,0.013309,1.001328,1.001431,-0.070000,-0.700000,0.350000,-0.052903,-0.064815,-0.023894,0.762,0.309
43224,-0.007935,-0.00930,1.035156,-0.006729,0.013186,1.000723,1.000832,0.000000,-0.630000,0.350000,0.017097,0.005185,-0.023894,0.755,0.385
43280,-0.007080,-0.002686,1.036133,-0.005886,0.013432,1.001691,1.001798,0.000000,-0.700000,0.420000,0.017097,-0.064815,0.046106,0.768,0.337
43330,-0.008057,-0.003540,1.035522,-0.006854,0.012578,1.001086,1.001188,0.000000,-0.630000,0.350000,0.017097,0.005185,-0.023894,0.720,0.392
43380,-0.007446,-0.003052,1.035278,-0.006243,0.013065,1.000844,1.000949,0.000000,-0.630000,0.350000,0.017097,0.005185,-0.023894,0.748,0.357
43430,-0.007446,-0.004150,1.034302,-0.006235,0.011967,0.999876,0.999967,-0.070000,-0.700000,0.350000,-0.052903,-0.064815,-0.023894,0.686,0.357
43480,-0.006836,-0.003784,1.035156,-0.005634,0.012333,1.000723,1.000815,0.000000,-0.630000,0.350000,0.017097,0.005185,-0.023894,0.706,0.323
43530,-0.007080,-0.003418,1.035522,-0.005880,0.012700,1.001086,1.001184,0.000000,-0.630000,0.350000,0.017097,0.005185,-0.023894,0.727,0.337
43581,-0.006592,-0.003784,1.034912,-0.005388,0.012333,1.000481,1.000571,0.000000,-0.630000,0.350000,0.017097,0.005185,-0.023894,0.706,0.309
43631,-0.007568,-0.003662,1.035400,-0.006366,0.012456,1.000965,1.001063,0.000000,-0.630000,0.350000,0.017097,0.005185,-0.023894,0.713,0.364
43681,-0.007935,-0.003662,1.034912,-0.006727,0.012455,1.000481,1.000581,0.000000,-0.630000,0.350000,0.017097,0.005185,-0.023894,0.713,0.385
43733,-0.007202,-0.003662,1.035400,-0.006001,0.012456,1.000965,1.001060,0.000000,-0.630000,0.350000,0.017097,0.005185,-0.023894,0.713,0.343
43783,-0.008179,-0.003296,1.035889,-0.006979,0.012822,1.001449,1.001555,-0.070000,-0.630000,0.350000,-0.052903,0.005185,-0.023894,0.734,0.399
43833,-0.007324,-0.004028,1.035400,-0.006123,0.012090,1.000965,1.001057,0.000000,-0.700000,0.350000,0.017097,-0.064815,-0.023894,0.692,0.350
43883,-0.006470,-0.003296,1.034790,-0.005266,0.012820,1.000360,1.000456,0.000000,-0.630000,0.420000,0.017097,0.005185,0.046106,0.734,0.302
43933,-0.007080,-0.003784,1.034668,-0.005873,0.012333,1.000239,1.000332,0.000000,-0.630000,0.350000,0.017097,0.005185,-0.023894,0.706,0.336
43983,-0.007324,-0.003662,1.035278,-0.006122,0.012455,1.000844,1.000940,0.000000,-0.630000,0.350000,0.017097,0.005185,-0.023894,0.713,0.350
44034,-0.006958,-0.002563,1.035278,-0.005757,0.013552,1.000844,1.000952,0.000000,-0.630000,0.350000,0.017097,0.005185,-0.023894,0.776,0.330
44084,-0.007446,-0.003784,1.034424,-0.006236,0.012332,0.999997,1.000092,0.000000,-0.700000,0.350000,0.017097,-0.064815,-0.023894,0.707,0.357
44134,-0.006592,-0.003418,1.035156,-0.005391,0.012699,1.000723,1.000818,0.000000,-0.700000,0.350000,0.017097,-0.064815,-0.023894,0.727,0.309
44184,-0.007080,-0.003540,1.034668,-0.005873,0.012576,1.000239,1.000335,0.000000,-0.630000,0.350000,0.017097,0.005185,-0.023894,0.720,0.336
44235,-0.007080,-0.003296,1.035645,-0.005882,0.012822,1.001207,1.001306,0.000000,-0.630000,0.350000,0.017097,0.005185,-0.023894,0.734,0.337
44285,-0.006958,-0.003418,1.034790,-0.005752,0.012698,1.000360,1.000457,-0.070000,-0.630000,0.350000,-0.052903,0.005185,-0.023894,0.727,0.329
44335,-0.007080,-0.004150,1.034546,-0.005872,0.011967,1.000118,1.000206,0.000000,-0.700000,0.350000,0.017097,-0.064815,-0.023894,0.686,0.336
44386,-0.006470,-0.003052,1.034912,-0.005267,0.013064,1.000481,1.000580,-0.070000,-0.630000,0.350000,-0.052903,0.005185,-0.023894,0.748,0.302
44436,-0.007446,-0.002563,1.035400,-0.006245,0.013552,1.000965,1.001076,0.000000,-0.700000,0.350000,0.017097,-0.064815,-0.023894,0.776,0.357
44486,-0.007080,-0.004150,1.034546,-0.005872,0.011967,1.000118,1.000206,0.000000,-0.630000,0.350000,0.017097,0.005185,-0.023894,0.686,0.336
44536,-0.007446,-0.002319,1.034546,-0.006237,0.013795,1.000118,1.000232,-0.070000,-0.630000,0.350000,-0.052903,0.005185,-0.023894,0.790,0.357
44586,-0.007446,-0.003540,1.034424,-0.006236,0.012576,0.999997,1.000095,0.000000,-0.630000,0.350000,0.017097,0.005185,-0.023894,0.721,0.357
44636,-0.006836,-0.002319,1.035400,-0.005636,0.013796,1.000965,1.001076,0.000000,-0.700000,0.350000,0.017097,-0.064815,-0.023894,0.790,0.323
44687,-0.007446,-0.003174,1.034546,-0.006237,0.012942,1.000118,1.000221,0.000000,-0.630000,0.350000,0.017097,0.005185,-0.023894,0.741,0.357
44737,-0.007935,-0.002808,1.034668,-0.006725,0.013308,1.000239,1.000350,0.000000,-0.700000,0.350000,0.017097,-0.064815,-0.023894,0.762,0.385
44787,-0.006470,-0.003662,1.034790,-0.005266,0.012455,1.000360,1.000451,0.000000,-0.700000,0.350000,0.017097,-0.064815,-0.023894,0.713,0.302
44837,-0.008057,-0.003906,1.034546,-0.006845,0.012211,1.000118,1.000216,0.000000,-0.630000,0.350000,0.017097,0.005185,-0.023894,0.699,0.392
44888,-0.007202,-0.003296,1.035400,-0.006001,0.012821,1.000965,1.001065,0.000000,-0.630000,0.350000,0.017097,0.005185,-0.023894,0.734,0.343
44938,-0.007324,-0.002808,1.035156,-0.006121,0.013308,1.000723,1.000830,0.000000,-0.630000,0.350000,0.017097,0.005185,-0.023894,0.762,0.350
44988,-0.007324,-0.004395,1.033813,-0.006109,0.011722,0.999392,0.999479,0.000000,-0.630000,0.350000,0.017097,0.005185,-0.023894,0.672,0.350
45039,-0.006348,-0.003540,1.034424,-0.005141,0.012576,0.999997,1.000089,0.000000,-0.630000,0.350000,0.017097,0.005185,-0.023894,0.721,0.295
45089,-0.006958,-0.004028,1.034058,-0.005746,0.012088,0.999634,0.999723,0.000000,-0.630000,0.350000,0.017097,0.005185,-0.023894,0.693,0.329
45139,-0.006470,-0.003296,1.034302,-0.005262,0.012820,0.999876,0.999972,0.000000,-0.630000,0.350000,0.017097,0.005185,-0.023894,0.735,0.301
45189,-0.006958,-0.003418,1.034546,-0.005750,0.012698,1.000118,1.000215,0.000000,-0.630000,0.350000,0.017097,0.005185,-0.023894,0.727,0.329
45239,-0.007446,-0.003662,1.034546,-0.006237,0.012454,1.000118,1.000215,0.000000,-0.630000,0.350000,0.017097,0.005185,-0.023894,0.713,0.357
45289,-0.007080,-0.003784,1.034790,-0.005874,0.012333,1.000360,1.000453,0.000000,-0.630000,0.420000,0.017097,0.005185,0.046106,0.706,0.336
45339,-0.007690,-0.003540,1.034790,-0.006482,0.012577,1.000360,1.000460,0.000000,-0.630000,0.350000,0.017097,0.005185,-0.023894,0.720,0.371
45389,-0.006836,-0.003662,1.035034,-0.005633,0.012455,1.000602,1.000695,0.000000,-0.700000,0.350000,0.017097,-0.064815,-0.023894,0.713,0.323
45439,-0.007813,-0.003784,1.034424,-0.006601,0.012332,0.999997,1.000094,0.000000,-0.630000,0.350000,0.017097,0.005185,-0.023894,0.707,0.378
45489,-0.006470,-0.002808,1.034790,-0.005266,0.013308,1.000360,1.000462,-0.070000,-0.630000,0.350000,-0.052903,0.005185,-0.023894,0.762,0.302
45539,-0.007813,-0.003296,1.034668,-0.006603,0.012820,1.000239,1.000343,0.000000,-0.630000,0.350000,0.017097,0.005185,-0.023894,0.734,0.378
45589,-0.007446,-0.003784,1.035400,-0.006244,0.012334,1.000965,1.001060,0.000000,-0.630000,0.420000,0.017097,0.005185,0.046106,0.706,0.357
45639,-0.006958,-0.003174,1.035278,-0.005757,0.012943,1.000844,1.000944,0.000000,-0.630000,0.350000,0.017097,0.005185,-0.023894,0.741,0.330
45689,-0.007446,-0.003906,1.035034,-0.006241,0.012211,1.000602,1.000696,0.000000,-0.700000,0.350000,0.017097,-0.064815,-0.023894,0.699,0.357
45739,-0.007568,-0.003906,1.035156,-0.006364,0.012212,1.000723,1.000818,-0.070000,-0.630000,0.420000,-0.052903,0.005185,0.046106,0.699,0.364
45789,-0.007202,-0.003784,1.034790,-0.005996,0.012333,1.000360,1.000454,0.000000,-0.630000,0.350000,0.017097,0.005185,-0.023894,0.706,0.343
45839,-0.006836,-0.003784,1.034058,-0.005624,0.012332,0.999634,0.999725,0.000000,-0.630000,0.350000,0.017097,0.005185,-0.023894,0.707,0.322
45889,-0.007446,-0.002686,1.034180,-0.006234,0.013429,0.999755,0.999864,0.000000,-0.630000,0.420000,0.017097,0.005185,0.046106,0.770,0.357
45939,-0.007324,-0.003418,1.034424,-0.006114,0.012698,0.999997,1.000096,0.000000,-0.630000,0.350000,0.017097,0.005185,-0.023894,0.728,0.350
45989,-0.007202,-0.003906,1.034912,-0.005997,0.012211,1.000481,1.000573,0.000000,-0.630000,0.350000,0.017097,0.005185,-0.023894,0.699,0.343
46039,-0.007324,-0.004028,1.034424,-0.006114,0.012089,0.999997,1.000088,0.000000,-0.700000,0.350000,0.017097,-0.064815,-0.023894,0.693,0.350
46090,-0.006714,-0.003784,1.034546,-0.005507,0.012332,1.000118,1.000209,0.000000,-0.630000,0.350000,0.017097,0.005185,-0.023894,0.706,0.315
46140,-0.006592,-0.003052,1.035034,-0.005390,0.013064,1.000602,1.000701,0.000000,-0.630000,0.350000,0.017097,0.005185,-0.023894,0.748,0.309
46190,-0.007080,-0.003418,1.034546,-0.005872,0.012698,1.000118,1.000216,0.000000,-0.700000,0.350000,0.017097,-0.064815,-0.023894,0.727,0.336
46241,-0.006836,-0.003784,1.034302,-0.005626,0.012332,0.999876,0.999968,-0.070000,-0.630000,0.350000,-0.052903,0.005185,-0.023894,0.707,0.322
46291,-0.007446,-0.002930,1.034424,-0.006236,0.013185,0.999997,1.000103,0.000000,-0.700000,0.350000,0.017097,-0.064815,-0.023894,0.755,0.357
46341,-0.007202,-0.004028,1.034790,-0.005996,0.012089,1.000360,1.000451,0.000000,-0.630000,0.350000,0.017097,0.005185,-0.023894,0.692,0.343
46391,-0.006958,-0.003174,1.034790,-0.005753,0.012942,1.000360,1.000460,0.000000,-0.700000,0.420000,0.017097,-0.064815,0.046106,0.741,0.329
46441,-0.006836,-0.004395,1.035156,-0.005634,0.011724,1.000723,1.000807,0.000000,-0.630000,0.350000,0.017097,0.005185,-0.023894,0.671,0.323
46491,-0.007568,-0.002930,1.034424,-0.006358,0.013185,0.999997,1.000104,0.000000,-0.630000,0.350000,0.017097,0.005185,-0.023894,0.755,0.364
46541,-0.007080,-0.002808,1.035400,-0.005880,0.013309,1.000965,1.001070,0.000000,-0.630000,0.350000,0.017097,0.005185,-0.023894,0.762,0.337
46591,-0.008057,-0.004150,1.035156,-0.006850,0.011968,1.000723,1.000818,-0.070000,-0.630000,0.350000,-0.052903,0.005185,-0.023894,0.685,0.392
46641,-0.007080,-0.004150,1.035034,-0.005876,0.011968,1.000602,1.000690,0.000000,-0.630000,0.350000,0.017097,0.005185,-0.023894,0.685,0.336
46691,-0.006714,-0.003540,1.034668,-0.005508,0.012576,1.000239,1.000333,0.000000,-0.700000,0.350000,0.017097,-0.064815,-0.023894,0.720,0.315
46741,-0.007446,-0.003662,1.034058,-0.006233,0.012454,0.999634,0.999731,0.000000,-0.700000,0.350000,0.017097,-0.064815,-0.023894,0.714,0.357
46791,-0.007324,-0.002563,1.035156,-0.006121,0.013552,1.000723,1.000833,0.000000,-0.630000,0.350000,0.017097,0.005185,-0.023894,0.776,0.350
46841,-0.007568,-0.002808,1.034546,-0.006359,0.013307,1.000118,1.000226,0.000000,-0.700000,0.420000,0.017097,-0.064815,0.046106,0.762,0.364
46891,-0.007813,-0.003540,1.034424,-0.006601,0.012576,0.999997,1.000098,0.000000,-0.630000,0.350000,0.017097,0.005185,-0.023894,0.721,0.378
46941,-0.007202,-0.003784,1.034912,-0.005997,0.012333,1.000481,1.000575,-0.070000,-0.630000,0.350000,-0.052903,0.005185,-0.023894,0.706,0.343
46991,-0.007324,-0.003052,1.034546,-0.006115,0.013064,1.000118,1.000222,0.000000,-0.630000,0.350000,0.017097,0.005185,-0.023894,0.748,0.350
47041,-0.008057,-0.004028,1.034424,-0.006844,0.012089,0.999997,1.000093,0.000000,-0.700000,0.350000,0.017097,-0.064815,-0.023894,0.693,0.392
47093,-0.006958,-0.003784,1.035034,-0.005754,0.012333,1.000602,1.000694,0.000000,-0.630000,0.350000,0.017097,0.005185,-0.023894,0.706,0.329
47143,-0.008545,-0.003174,1.035400,-0.007339,0.012943,1.000965,1.001075,0.000000,-0.700000,0.350000,0.017097,-0.064815,-0.023894,0.741,0.420
47193,-0.007324,-0.003052,1.034302,-0.006113,0.013063,0.999876,0.999980,0.000000,-0.630000,0.350000,0.017097,0.005185,-0.023894,0.749,0.350
47244,-0.007202,-0.003174,1.034546,-0.005994,0.012942,1.000118,1.000219,0.000000,-0.630000,0.420000,0.017097,0.005185,0.046106,0.741,0.343
47294,-0.007568,-0.003174,1.034668,-0.006360,0.012942,1.000239,1.000343,0.000000,-0.630000,0.350000,0.017097,0.005185,-0.023894,0.741,0.364
47344,-0.007446,-0.003052,1.035278,-0.006243,0.013065,1.000844,1.000949,0.000000,-0.630000,0.280000,0.017097,0.005185,-0.093894,0.748,0.357
47394,-0.007202,-0.003296,1.034912,-0.005997,0.012821,1.000481,1.000581,0.000000,-0.630000,0.350000,0.017097,0.005185,-0.023894,0.734,0.343
47444,-0.007080,-0.004028,1.035156,-0.005877,0.012090,1.000723,1.000813,0.000000,-0.630000,0.350000,0.017097,0.005185,-0.023894,0.692,0.336
47494,-0.006958,-0.003662,1.034790,-0.005752,0.012455,1.000360,1.000454,0.000000,-0.630000,0.350000,0.017097,0.005185,-0.023894,0.713,0.329
47544,-0.007446,-0.003540,1.035522,-0.006245,0.012578,1.001086,1.001184,0.000000,-0.630000,0.350000,0.017097,0.005185,-0.023894,0.720,0.357
47594,-0.006958,-0.003784,1.035400,-0.005758,0.012334,1.000965,1.001057,0.000000,-0.630000,0.350000,0.017097,0.005185,-0.023894,0.706,0.330
47644,-0.007202,-0.002808,1.035156,-0.005999,0.013308,1.000723,1.000829,0.000000,-0.630000,0.350000,0.017097,0.005185,-0.023894,0.762,0.343
47694,-0.006592,-0.003906,1.035278,-0.005392,0.012212,1.000844,1.000933,0.000000,-0.630000,0.350000,0.017097,0.005185,-0.023894,0.699,0.309
47744,-0.007080,-0.003296,1.035034,-0.005876,0.012821,1.000602,1.000701,0.000000,-0.700000,0.350000,0.017097,-0.064815,-0.023894,0.734,0.336
47794,-0.007080,-0.003418,1.035034,-0.005876,0.012699,1.000602,1.000699,-0.070000,-0.630000,0.350000,-0.052903,0.005185,-0.023894,0.727,0.336
47844,-0.007568,-0.003662,1.034302,-0.006356,0.012454,0.999876,0.999973,0.000000,-0.700000,0.350000,0.017097,-0.064815,-0.023894,0.714,0.364
47894,-0.007202,-0.003662,1.035034,-0.005998,0.012455,1.000602,1.000697,0.000000,-0.630000,0.350000,0.017097,0.005185,-0.023894,0.713,0.343
47945,-0.007080,-0.003540,1.034302,-0.005870,0.012576,0.999876,0.999972,0.070000,-0.630000,0.350000,0.087097,0.005185,-0.023894,0.721,0.336
47995,-0.006714,-0.002686,1.034546,-0.005507,0.013429,1.000118,1.000223,0.000000,-0.630000,0.350000,0.017097,0.005185,-0.023894,0.769,0.315
48045,-0.007690,-0.002930,1.034058,-0.006476,0.013185,0.999634,0.999741,0.000000,-0.630000,0.350000,0.017097,0.005185,-0.023894,0.756,0.371
48096,-0.006836,-0.003052,1.033691,-0.005621,0.013062,0.999271,0.999372,0.070000,-0.630000,0.350000,0.087097,0.005185,-0.023894,0.749,0.322
48146,-0.006226,-0.003662,1.034058,-0.005016,0.012454,0.999634,0.999724,0.000000,-0.700000,0.350000,0.017097,-0.064815,-0.023894,0.714,0.287
48196,-0.007080,-0.002808,1.034058,-0.005868,0.013307,0.999634,0.999739,0.000000,-0.630000,0.350000,0.017097,0.005185,-0.023894,0.763,0.336
48247,-0.007080,-0.004028,1.034546,-0.005872,0.012089,1.000118,1.000208,-0.070000,-0.630000,0.35000,-0.052903,0.005185,-0.023894,0.693,0.336
48302,-0.007813,-0.003052,1.035156,-0.006607,0.013065,1.000723,1.000830,0.000000,-0.630000,0.350000,0.017097,0.005185,-0.023894,0.748,0.378
48352,-0.007690,-0.003540,1.035034,-0.006484,0.012577,1.000602,1.000702,-0.070000,-0.700000,0.350000,-0.052903,-0.064815,-0.023894,0.720,0.371
48402,-0.006836,-0.001953,1.034546,-0.005629,0.014161,1.000118,1.000234,0.000000,-0.630000,0.350000,0.017097,0.005185,-0.023894,0.811,0.322
48452,-0.007813,-0.004150,1.034302,-0.006599,0.011967,0.999876,0.999969,0.000000,-0.700000,0.350000,0.017097,-0.064815,-0.023894,0.686,0.378
48503,-0.007324,-0.003784,1.034180,-0.006112,0.012332,0.999755,0.999849,0.000000,-0.630000,0.350000,0.017097,0.005185,-0.023894,0.707,0.350
48553,-0.006592,-0.002930,1.034424,-0.005384,0.013185,0.999997,1.000098,0.000000,-0.630000,0.350000,0.017097,0.005185,-0.023894,0.755,0.308
48603,-0.008301,-0.003906,1.034424,-0.007087,0.012210,0.999997,1.000096,0.000000,-0.700000,0.350000,0.017097,-0.064815,-0.023894,0.700,0.406
48653,-0.007080,-0.003662,1.035645,-0.005881,0.012456,1.001207,1.001302,0.000000,-0.630000,0.350000,0.017097,0.005185,-0.023894,0.713,0.337
48703,-0.007202,-0.002930,1.034302,-0.005992,0.013185,0.999876,0.999981,0.000000,-0.630000,0.350000,0.017097,0.005185,-0.023894,0.756,0.343
48753,-0.007080,-0.003662,1.034424,-0.005871,0.012454,0.99997,1.000091,0.000000,-0.630000,0.350000,0.017097,0.005185,-0.023894,0.714,0.336
48809,-0.007202,-0.003052,1.034668,-0.005995,0.013064,1.000239,1.000342,0.000000,-0.560000,0.350000,0.017097,0.075185,-0.023894,0.748,0.343
48859,-0.007690,-0.002686,1.034546,-0.006480,0.013429,1.000118,1.000229,0.000000,-0.700000,0.350000,0.017097,-0.064815,-0.023894,0.769,0.371
48910,-0.006592,-0.003540,1.034302,-0.005383,0.012576,0.999876,0.999969,0.000000,-0.700000,0.350000,0.017097,-0.064815,-0.023894,0.721,0.308
48960,-0.007446,-0.003906,1.034424,-0.006236,0.012210,0.999997,1.000091,0.000000,-0.630000,0.350000,0.017097,0.005185,-0.023894,0.700,0.357
49010,-0.007446,-0.004028,1.034668,-0.006238,0.012089,1.000239,1.000331,0.000000,-0.630000,0.350000,0.017097,0.005185,-0.023894,0.692,0.357
49061,-0.007446,-0.002808,1.034302,-0.006235,0.013307,0.999876,0.999984,-0.070000,-0.630000,0.350000,-0.052903,0.005185,-0.023894,0.762,0.357
49111,-0.007080,-0.003906,1.035156,-0.005877,0.012212,1.000723,1.000815,0.000000,-0.630000,0.350000,0.017097,0.005185,-0.023894,0.699,0.336
49161,-0.007080,-0.003540,1.034790,-0.005874,0.012577,1.000360,1.000456,0.000000,-0.630000,0.350000,0.017097,0.005185,-0.023894,0.720,0.336
49212,-0.007568,-0.002686,1.035034,-0.006363,0.013430,1.000602,1.000712,0.000000,-0.700000,0.350000,0.017097,-0.064815,-0.023894,0.769,0.364
49262,-0.006836,-0.003662,1.033936,-0.005623,0.012453,0.999513,0.999606,0.000000,-0.630000,0.350000,0.017097,0.005185,-0.023894,0.714,0.322
49312,-0.006836,-0.002930,1.034668,-0.005630,0.013186,1.000239,1.000341,0.000000,-0.630000,0.350000,0.017097,0.005185,-0.023894,0.755,0.322
49364,-0.006958,-0.002808,1.034668,-0.005752,0.013308,1.000239,1.000344,0.000000,-0.630000,0.350000,0.017097,0.005185,-0.023894,0.762,0.329
49414,-0.006714,-0.002686,1.033325,-0.005497,0.013428,0.998908,0.999013,0.000000,-0.700000,0.350000,0.017097,-0.064815,-0.023894,0.770,0.315
49464,-0.007690,-0.004272,1.033936,-0.006475,0.011844,0.999513,0.999604,0.000000,-0.630000,0.350000,0.017097,0.005185,-0.023894,0.679,0.371
49516,-0.007446,-0.003784,1.033813,-0.006230,0.012331,0.999392,0.999487,0.000000,-0.700000,0.350000,0.017097,-0.064815,-0.023894,0.707,0.357
49566,-0.006714,-0.003662,1.034424,-0.005506,0.012454,0.999997,1.000089,0.000000,-0.700000,0.350000,0.017097,-0.064815,-0.023894,0.714,0.315
49616,-0.006470,-0.003418,1.034180,-0.005261,0.012698,0.999755,0.999849,0.000000,-0.630000,0.350000,0.017097,0.005185,-0.023894,0.728,0.301
49667,-0.007080,-0.003418,1.034302,-0.005870,0.012698,0.999876,0.999973,0.000000,-0.630000,0.350000,0.017097,0.005185,-0.023894,0.728,0.336
49717,-0.007690,-0.003174,1.034058,-0.006476,0.012941,0.999634,0.999738,0.000000,-0.630000,0.350000,0.017097,0.005185,-0.023894,0.742,0.371
49767,-0.006836,-0.003906,1.034668,-0.005630,0.012211,1.000239,1.000329,-0.070000,-0.630000,0.350000,-0.052903,0.005185,-0.023894,0.699,0.322
49819,-0.007324,-0.003540,1.034790,-0.006117,0.012577,1.000360,1.000457,-0.070000,-0.630000,0.350000,-0.052903,0.005185,-0.023894,0.720,0.350
49869,-0.006348,-0.003296,1.034424,-0.005141,0.012820,0.999997,1.000092,0.000000,-0.630000,0.350000,0.017097,0.005185,-0.023894,0.734,0.295
49919,-0.007446,-0.003296,1.034058,-0.006233,0.012819,0.999634,0.999735,0.000000,-0.700000,0.350000,0.017097,-0.064815,-0.023894,0.735,0.357
49970,-0.006714,-0.004395,1.034302,-0.005505,0.011723,0.999876,0.999960,0.000000,-0.700000,0.420000,0.017097,-0.064815,0.046106,0.672,0.315
50020,-0.007324,-0.003662,1.033447,-0.006106,0.012453,0.999029,0.999125,0.000000,-0.700000,0.350000,0.017097,-0.064815,-0.023894,0.714,0.350
50070,-0.007690,-0.003906,1.034180,-0.006477,0.012210,0.999755,0.999850,0.000000,-0.630000,0.350000,0.017097,0.005185,-0.023894,0.700,0.371
50121,-0.007446,-0.003418,1.034912,-0.006240,0.012699,1.000481,1.000581,0.000000,-0.700000,0.350000,0.017097,-0.064815,-0.023894,0.727,0.357
50171,-0.007446,-0.003174,1.034668,-0.006238,0.012942,1.000239,1.000342,0.000000,-0.630000,0.420000,0.017097,0.005185,0.046106,0.741,0.357
50221,-0.006592,-0.003662,1.034546,-0.005385,0.012454,1.000118,1.000210,0.000000,-0.630000,0.350000,0.017097,0.005185,-0.023894,0.713,0.308
50271,-0.007568,-0.003418,1.034912,-0.006362,0.012699,1.000481,1.000582,0.000000,-0.630000,0.350000,0.017097,0.005185,-0.023894,0.727,0.364
50321,-0.006592,-0.003784,1.034424,-0.005384,0.012332,0.999997,1.000087,0.000000,-0.700000,0.350000,0.017097,-0.064815,-0.023894,0.707,0.308
50371,-0.006592,-0.003540,1.034180,-0.005382,0.012576,0.999755,0.999848,0.000000,-0.630000,0.350000,0.017097,0.005185,-0.023894,0.721,0.308
50421,-0.006592,-0.002686,1.033691,-0.005378,0.013428,0.999271,0.999375,0.000000,-0.700000,0.350000,0.017097,-0.064815,-0.023894,0.770,0.308
50471,-0.007080,-0.002930,1.034668,-0.005873,0.013186,1.000239,1.000343,0.000000,-0.630000,0.350000,0.017097,0.005185,-0.023894,0.755,0.336
50521,-0.007080,-0.002808,1.034424,-0.005871,0.013307,0.999997,1.000102,0.000000,-0.630000,0.350000,0.017097,0.005185,-0.023894,0.762,0.336
50571,-0.006714,-0.003052,1.034424,-0.005506,0.013064,0.999997,1.000097,0.000000,-0.630000,0.350000,0.017097,0.005185,-0.023894,0.748,0.315
50623,-0.007202,-0.003296,1.034302,-0.005992,0.012820,0.999876,0.999976,0.000000,-0.630000,0.350000,0.017097,0.005185,-0.023894,0.735,0.343
50673,-0.006714,-0.002319,1.034790,-0.005509,0.013795,1.000360,1.000470,0.000000,-0.630000,0.350000,0.017097,0.005185,-0.023894,0.790,0.316
50723,-0.006592,-0.004028,1.035034,-0.005389,0.012089,1.000602,1.000689,0.000000,-0.700000,0.420000,0.017097,-0.064815,0.046106,0.692,0.309
50773,-0.006958,-0.003052,1.034790,-0.005753,0.013064,1.000360,1.000461,0.000000,-0.630000,0.350000,0.017097,0.005185,-0.023894,0.748,0.329
50823,-0.007202,-0.003540,1.034668,-0.005995,0.012576,1.000239,1.000336,0.000000,-0.630000,0.350000,0.017097,0.005185,-0.023894,0.720,0.343
50873,-0.007324,-0.003174,1.034790,-0.006117,0.012942,1.000360,1.000462,0.000000,-0.630000,0.350000,0.017097,0.005185,-0.023894,0.741,0.350
50923,-0.006714,-0.003662,1.034790,-0.005509,0.012455,1.000360,1.000452,-0.070000,-0.630000,0.350000,-0.052903,0.005185,-0.023894,0.713,0.316
50973,-0.007202,-0.003418,1.034668,-0.005995,0.012698,1.000239,1.000337,0.000000,-0.630000,0.350000,0.017097,0.005185,-0.023894,0.727,0.343
51023,-0.007446,-0.003418,1.033813,-0.006231,0.012697,0.999392,0.999492,0.000000,-0.630000,0.350000,0.017097,0.005185,-0.023894,0.728,0.357
51073,-0.005737,-0.003052,1.034058,-0.004530,0.013063,0.999634,0.999729,-0.070000,-0.630000,0.350000,-0.052903,0.005185,-0.023894,0.749,0.260
51123,-0.007202,-0.003418,1.033447,-0.005984,0.012696,0.999029,0.999127,0.000000,-0.630000,0.350000,0.017097,0.005185,-0.023894,0.728,0.343
51173,-0.007324,-0.003418,1.034180,-0.006112,0.012698,0.999755,0.999854,0.000000,-0.700000,0.350000,0.017097,-0.064815,-0.023894,0.728,0.350
51223,-0.008057,-0.003662,1.034058,-0.006841,0.012454,0.999634,0.999735,0.000000,-0.630000,0.350000,0.017097,0.005185,-0.023894,0.714,0.392
51273,0.007080,-0.003418,1.033325,-0.005861,0.012696,0.998908,0.999005,0.000000,-0.630000,0.350000,0.017097,0.005185,-0.023894,0.728,0.336
51327,-0.007813,-0.003540,1.034058,-0.006598,0.012576,0.999634,0.999734,0.000000,-0.630000,0.420000,0.017097,0.005185,0.046106,0.721,0.378
51377,-0.006470,-0.003662,1.034180,-0.005260,0.012454,0.999755,0.999846,-0.070000,-0.630000,0.350000,-0.052903,0.005185,-0.023894,0.714,0.301
51427,-0.006714,-0.004028,1.034546,-0.005507,0.012089,1.000118,1.000206,0.000000,-0.700000,0.420000,0.017097,-0.064815,0.046106,0.693,0.315
51477,-0.007324,-0.003540,1.034546,-0.006115,0.012576,1.000118,1.000215,0.000000,-0.630000,0.350000,0.017097,0.005185,-0.023894,0.720,0.350
51527,-0.007202,-0.003052,1.034302,-0.005992,0.013063,0.999876,0.999979,0.000000,-0.630000,0.350000,0.017097,0.005185,-0.023894,0.749,0.343
51577,-0.007568,-0.003174,1.034180,-0.006355,0.012941,0.999755,0.999859,0.000000,-0.630000,0.350000,0.017097,0.005185,-0.023894,0.742,0.364
51627,-0.006958,-0.003418,1.034302,-0.005748,0.012698,0.999876,0.999973,0.000000,-0.630000,0.350000,0.017097,0.005185,-0.023894,0.728,0.329
51677,-0.007080,-0.003052,1.034180,-0.005869,0.013063,0.999755,0.999857,0.000000,-0.630000,0.350000,0.017097,0.005185,-0.023894,0.749,0.336
51727,-0.007568,-0.003540,1.034058,-0.006354,0.012576,0.999634,0.999733,0.000000,-0.630000,0.350000,0.017097,0.005185,-0.023894,0.721,0.364
51777,-0.007690,-0.003052,1.034302,-0.006478,0.013063,0.999876,0.999982,0.000000,-0.630000,0.350000,0.017097,0.005185,-0.023894,0.749,0.371
51827,-0.006836,-0.003906,1.033936,-0.005623,0.012210,0.999513,0.999603,0.000000,-0.630000,0.350000,0.017097,0.005185,-0.023894,0.700,0.322
51877,-0.006836,-0.003296,1.034180,-0.005626,0.012819,0.999755,0.999853,0.000000,-0.630000,0.350000,0.017097,0.005185,-0.023894,0.735,0.322
51927,-0.007324,-0.003296,1.034546,-0.006115,0.012820,1.000118,1.000219,0.000000,-0.630000,0.350000,0.017097,0.005185,-0.023894,0.734,0.350
51977,-0.006836,-0.003296,1.034302,-0.005627,0.012820,0.999876,0.999974,0.000000,-0.630000,0.350000,0.017097,0.005185,-0.023894,0.735,0.322
52027,-0.006958,-0.003906,1.034424,-0.005749,0.012210,0.999997,1.000088,0.000000,-0.630000,0.350000,0.017097,0.005185,-0.023894,0.700,0.329
52077,-0.007202,-0.003418,1.033691,-0.005986,0.012697,0.999271,0.999369,0.000000,-0.630000,0.350000,0.017097,0.005185,-0.023894,0.728,0.343
52128,-0.007324,-0.003296,1.034424,-0.006114,0.012820,0.999997,1.000098,0.000000,-0.630000,0.350000,0.017097,0.005185,-0.023894,0.734,0.350
52178,-0.007324,-0.004150,1.034058,-0.006111,0.011966,0.999634,0.999724,-0.070000,-0.700000,0.350000,-0.052903,-0.064815,-0.023894,0.686,0.350
52228,-0.007080,-0.003540,1.034180,-0.005869,0.012576,0.999755,0.999851,-0.070000,-0.630000,0.350000,-0.052903,0.005185,-0.023894,0.721,0.336
52279,-0.006714,-0.003052,1.034912,-0.005510,0.013064,1.000481,1.000581,0.000000,-0.630000,0.350000,0.017097,0.005185,-0.023894,0.748,0.316
52329,-0.007324,-0.002808,1.034546,-0.006115,0.013307,1.000118,1.000225,0.000000,-0.630000,0.350000,0.017097,0.005185,-0.023894,0.762,0.350
52379,-0.006348,-0.003906,1.035034,-0.005146,0.012211,1.000602,1.000689,0.000000,-0.630000,0.350000,0.017097,0.005185,-0.023894,0.699,0.295
52430,-0.007324,-0.003174,1.034424,-0.006114,0.012942,0.999997,1.000099,0.000000,-0.630000,0.350000,0.017097,0.005185,-0.023894,0.741,0.350
52480,-0.007324,-0.003906,1.034546,-0.006115,0.012211,1.000118,1.000211,0.000000,-0.630000,0.350000,0.017097,0.005185,-0.023894,0.699,0.350
52530,-0.007202,-0.003662,1.034546,-0.005994,0.012454,1.000118,1.000213,0.000000,-0.700000,0.350000,0.017097,-0.064815,-0.023894,0.713,0.343
52581,-0.007324,-0.003662,1.033447,-0.006106,0.012453,0.999029,0.999125,0.000000,-0.630000,0.350000,0.017097,0.005185,-0.023894,0.714,0.350
52631,-0.007446,-0.003174,1.034302,-0.006235,0.012941,0.999876,0.999979,0.000000,-0.630000,0.350000,0.017097,0.005185,-0.023894,0.742,0.357
52681,-0.007324,-0.002808,1.034302,-0.006113,0.013307,0.999876,0.999983,0.000000,-0.630000,0.350000,0.017097,0.005185,-0.023894,0.762,0.350
52732,-0.007080,-0.004028,1.034302,-0.005870,0.012088,0.999876,0.999966,0.000000,-0.700000,0.350000,0.017097,-0.064815,-0.023894,0.693,0.336
52782,-0007568,-0.003906,1.033936,-0.006353,0.012210,0.999513,0.999607,-0.070000,-0.630000,0.350000,-0.052903,0.005185,-0.023894,0.700,0.364
52836,-0.007690,-0.003174,1.033936,-0.006475,0.012941,0.999513,0.999617,0.000000,-0.700000,0.350000,0.017097,-0.064815,-0.023894,0.742,0.371
52886,-0.006714,-0.003662,1.034302,-0.005505,0.012454,0.999876,0.999968,0.000000,-0.630000,0.350000,0.017097,0.005185,-0.023894,0.714,0.315
52936,-0.007568,-0.003540,1.033813,-0.006352,0.012575,0.999392,0.999491,0.000000,-0.630000,0.350000,0.017097,0.005185,-0.023894,0.721,0.364
52986,-0.007080,-0.002930,1.034424,-0.005871,0.013185,0.999997,1.000101,0.000000,-0.700000,0.350000,0.017097,-0.064815,-0.023894,0.755,0.336
53037,-0.006592,-0.003296,1.034424,-0.005384,0.012820,0.999997,1.000093,0.000000,-0.630000,0.350000,0.017097,0.005185,-0.023894,0.734,0.308
53087,-0.007935,-0.003662,1.033813,-0.006717,0.012453,0.999392,0.999492,0.000000,-0.630000,0.350000,0.017097,0.005185,-0.023894,0.714,0.385
53137,-0.007568,-0.003906,1.033447,-0.006349,0.012209,0.999029,0.999123,0.000000,-0.630000,0.350000,0.017097,0.005185,-0.023894,0.700,0.364
53188,-0.006958,-0.003540,1.034302,-0.005748,0.012576,0.999876,0.999971,0.000000,-0.630000,0.350000,0.017097,0.005185,-0.023894,0.721,0.329
53238,-0.007202,-0.003662,1.033325,-0.005983,0.012453,0.998908,0.999003,0.000000,-0.630000,0.350000,0.017097,0.005185,-0.023894,0.714,0.343
53288,-0.007324,-0.003540,1.034668,-0.006116,0.012576,1.000239,1.000336,0.000000,-0.630000,0.420000,0.017097,0.005185,0.046106,0.720,0.350
53339,-0.006836,-0.002808,1.034302,-0.005627,0.013307,0.999876,0.999980,0.000000,-0.700000,0.350000,0.017097,-0.064815,-0.023894,0.762,0.322
53389,-0.007080,-0.003052,1.034302,-0.005870,0.013063,0.999876,0.999978,0.000000,-0.630000,0.350000,0.017097,0.005185,-0.023894,0.749,0.336
53439,-0.007080,-0.003296,1.034912,-0.005875,0.012821,1.000481,1.000580,0.000000,-0.700000,0.350000,0.017097,-0.064815,-0.023894,0.734,0.336
53489,-0.007080,-0.003540,1.034546,-0.005872,0.012576,1.000118,1.000214,0.000000,-0.630000,0.350000,0.017097,0.005185,-0.023894,0.720,0.336
53539,-0.007202,-0.003540,1.034546,-0.005994,0.012576,1.000118,1.000215,0.000000,-0.630000,0.350000,0.017097,0.005185,-0.023894,0.720,0.343
53589,-0.007446,-0.002563,1.033447,-0.006228,0.013550,0.999029,0.999140,0.000000,-0.630000,0.350000,0.017097,0.005185,-0.023894,0.777,0.357
53639,-0.007690,-0.003662,1.034302,-0.006478,0.012454,0.999876,0.999974,-0.070000,-0.630000,0.350000,-0.052903,0.005185,-0.023894,0.714,0.371
53689,-0.007446,-0.003662,1.034058,-0.006233,0.012454,0.999634,0.999731,0.000000,-0.630000,0.350000,0.017097,0.005185,-0.023894,0.714,0.357
53739,-0.007202,-0.003662,1.034912,-0.005997,0.012455,1.000481,1.000576,0.000000,-0.630000,0.350000,0.017097,0.005185,-0.023894,0.713,0.343
53789,-0.007568,-0.003296,1.034790,-0.006361,0.012820,1.000360,1.000462,0.000000,-0.700000,0.350000,0.017097,-0.064815,-0.023894,0.734,0.364
53839,-0.007324,-0.004395,1.035156,-0.006120,0.011724,1.000723,1.000810,0.000000,-0.630000,0.420000,0.017097,0.005185,0.046106,0.671,0.350
53889,-0.007324,-0.003662,1.035767,-0.006126,0.012456,1.001328,1.001424,0.000000,-0.630000,0.350000,0.017097,0.005185,-0.023894,0.713,0.350
53939,-0.007446,-0.003418,1.035034,-0.006241,0.012699,1.000602,1.000702,0.000000,-0.630000,0.350000,0.017097,0.005185,-0.023894,0.727,0.357
53989,-0.008179,-0.003174,1.034912,-0.006970,0.012942,1.000481,1.000589,0.000000,-0.700000,0.350000,0.017097,-0.064815,-0.023894,0.741,0.399
54039,-0.007324,-0.003296,1.034668,-0.006116,0.012820,1.000239,1.000340,0.000000,-0.630000,0.350000,0.017097,0.005185,-0.023894,0.734,0.350
54089,-0.007202,-0.003662,1.035645,-0.006003,0.012456,1.001207,1.001302,0.000000,-0.700000,0.350000,0.017097,-0.064815,-0.023894,0.713,0.344
54139,-0.007690,-0.004150,1.034668,-0.006481,0.011967,1.000239,1.000331,0.000000,-0.630000,0.350000,0.017097,0.005185,-0.023894,0.685,0.371
54190,-0.006958,-0.002930,1.035156,-0.005756,0.013186,1.000723,1.000826,0.000000,-0.630000,0.350000,0.017097,0.005185,-0.023894,0.755,0.330
54240,-0.007690,-0.003662,1.035278,-0.006487,0.012455,1.000844,1.000942,0.000000,-0.630000,0.350000,0.017097,0.005185,-0.023894,0.713,0.371
54290,-0.007568,-0.003662,1.034424,-0.006357,0.012454,0.999997,1.000094,-0.070000,-0.630000,0.350000,-0.052903,0.005185,-0.023894,0.714,0.364
54340,-0.007324,-0.003418,1.034546,-0.006115,0.012698,1.000118,1.000217,-0.070000,-0.630000,0.420000,-0.052903,0.005185,0.046106,0.727,0.350
54390,-0.006592,-0.003906,1.034790,-0.005387,0.012211,1.000360,1.000449,0.000000,-0.630000,0.420000,0.017097,0.005185,0.046106,0.699,0.309
54440,-0.007446,-0.003418,1.035278,-0.006243,0.012699,1.000844,1.000944,0.000000,-0.630000,0.350000,0.017097,0.005185,-0.023894,0.727,0.357
54490,-0.006592,-0.003174,1.034912,-0.005389,0.012942,1.000481,1.000579,0.000000,-0.630000,0.350000,0.017097,0.005185,-0.023894,0.741,0.309
54541,-0.007446,-0.003052,1.034912,-0.006240,0.013064,1.000481,1.000585,0.000000,-0.630000,0.350000,0.017097,0.005185,-0.023894,0.748,0.357
54591,-0.008057,-0.003906,1.034546,-0.006845,0.012211,1.000118,1.000216,0.000000,-0.630000,0.350000,0.017097,0.005185,-0.023894,0.699,0.392
54641,-0.007935,-0.004395,1.034912,-0.006726,0.011724,1.000481,1.000572,0.000000,-0.630000,0.350000,0.017097,0.005185,-0.023894,0.671,0.385
54693,-0.006958,-0.003662,1.035278,-0.005757,0.012455,1.000844,1.000938,0.000000,-0.630000,0.350000,0.017097,0.005185,-0.023894,0.713,0.330
54743,-0.007446,-0.002930,1.035278,-0.006243,0.013187,1.000844,1.000950,0.000000,-0.630000,0.350000,0.017097,0.005185,-0.023894,0.755,0.357
54793,-0.07446,-0.003174,1.035034,-0.006241,0.012943,1.000602,1.000705,-0.070000,-0.630000,0.350000,-0.052903,0.005185,-0.023894,0.741,0.357
54848,-0.005981,-0.003540,1.035156,-0.004782,0.012577,1.000723,1.000813,0.000000,-0.630000,0.350000,0.017097,0.005185,-0.023894,0.720,0.274
54898,-0.006958,-0.003906,1.034790,-0.005752,0.012211,1.000360,1.000451,0.000000,-0.630000,0.350000,0.017097,0.005185,-0.023894,0.699,0.329
54949,-0.006348,-0.003540,1.035156,-0.005147,0.012577,1.000723,1.000815,0.000000,-0.630000,0.350000,0.017097,0.005185,-0.023894,0.720,0.295
54999,-0.007324,-0.003052,1.034668,-0.006116,0.013064,1.000239,1.000343,-0.070000,-0.630000,0.350000,-0.052903,0.005185,-0.023894,0.748,0.350
55049,-0.006470,-0.003662,1.035278,-0.005270,0.012455,1.000844,1.000935,0.000000,-0.630000,0.350000,0.017097,0.005185,-0.023894,0.713,0.302
55099,-0.008057,-0.002686,1.035034,-0.006850,0.013430,1.000602,1.000715,0.000000,-0.630000,0.350000,0.017097,0.005185,-0.023894,0.769,0.392
55149,-0.007568,-0.003784,1.035034,-0.006363,0.012333,1.000602,1.000698,0.000000,-0.700000,0.350000,0.017097,-0.064815,-0.023894,0.706,0.364
55199,-0.007202,-0.003052,1.034912,-0.005997,0.013064,1.000481,1.000584,0.000000,-0.630000,0.350000,0.017097,0.005185,-0.023894,0.748,0.343
55251,-0.006592,-0.004150,1.035156,-0.005390,0.011968,1.000723,1.000809,0.000000,-0.630000,0.350000,0.017097,0.005185,-0.023894,0.685,0.309
55301,-0.007690,-0.003418,1.034668,-0.006481,0.012698,1.000239,1.000340,0.000000,-0.630000,0.350000,0.017097,0.005185,-0.023894,0.727,0.371
55351,-0.006592,-0.003540,1.034912,-0.005389,0.012577,1.000481,1.000574,0.000000,-0.630000,0.350000,0.017097,0.005185,-0.023894,0.720,0.309
55402,-0.006836,-0.002930,1.034424,-0.005628,0.013185,0.999997,1.000099,0.000000,-0.700000,0.350000,0.017097,-0.064815,-0.023894,0.755,0.322
55452,-0.007202,-0.003906,1.035278,-0.006000,0.012212,1.000844,1.000936,0.000000,-0.700000,0.350000,0.017097,-0.064815,-0.023894,0.699,0.343
55502,-0.007080,-0.002930,1.035278,-0.005879,0.013187,1.000844,1.000948,0.000000,-0.700000,0.350000,0.017097,-0.064815,-0.023894,0.755,0.336
55554,-0.007446,-0.003662,1.036011,-0.006250,0.012457,1.001570,1.001667,0.000000,-0.630000,0.350000,0.017097,0.005185,-0.023894,0.713,0.357
55604,-0.006714,-0.003296,1.035034,-0.005511,0.012821,1.000602,1.000699,0.000000,-0.630000,0.420000,0.017097,0.005185,0.046106,0.734,0.316
55654,-0.007568,-0.003174,1.035767,-0.006369,0.012944,1.001328,1.001432,0.000000,-0.630000,0.420000,0.017097,0.005185,0.046106,0.741,0.364
55705,-0.007690,-0.004150,1.034790,-0.006482,0.011967,1.000360,1.000452,0.000000,-0.630000,0.350000,0.017097,0.005185,-0.023894,0.685,0.371
55755,-0.006958,-0.004028,1.035645,-0.005760,0.012090,1.001207,1.001296,0.000000,-0.630000,0.350000,0.017097,0.005185,-0.023894,0.692,0.330
55805,-0.007568,-0.002808,1.035767,-0.006369,0.013309,1.001328,1.001436,0.000000,-0.700000,0.350000,0.017097,-0.064815,-0.023894,0.762,0.364
55855,-0.006714,-0.002930,1.035156,-0.005513,0.013186,1.000723,1.000825,-0.070000,-0.630000,0.350000,-0.052903,0.005185,-0.023894,0.755,0.316
55905,-0.007813,-0.002808,1.034302,-0.006600,0.013307,0.999876,0.999986,-0.070000,-0.700000,0.350000,-0.052903,-0.064815,-0.023894,0.762,0.378
