3824,0.120850,0.027588,1.025757,0.121679,0.043640,0.991405,0.999797,0.000000,-0.630000,0.350000,0.017097,0.005185,-0.023894,2.520,-6.990
3874,0.121338,0.029663,1.025146,0.122170,0.045711,0.990800,0.999350,-0.070000,-0.630000,0.420000,-0.052903,0.005185,0.046106,2.642,-7.022
3924,0.121216,0.029053,1.025269,0.122048,0.045102,0.990921,0.999427,0.070000,-0.700000,0.350000,0.087097,-0.064815,-0.023894,2.606,-7.014
3976,0.120483,0.027344,1.026489,0.121308,0.043398,0.992131,1.000461,0.000000,-0.700000,0.420000,0.017097,-0.064815,0.046106,2.505,-6.964
4026,0.119019,0.029785,1.026367,0.119848,0.045835,0.992010,1.000274,0.000000,-0.630000,0.420000,0.017097,0.005185,0.046106,2.645,-6.881
4076,0.121826,0.028809,1.024414,0.122663,0.044857,0.990074,0.998651,0.000000,-0.630000,0.420000,0.017097,0.005185,0.046106,2.594,-7.055
4127,0.121826,0.028320,1.023804,0.122669,0.044369,0.989469,0.998030,-0.070000,-0.700000,0.420000,-0.052903,-0.064815,0.046106,2.567,-7.060
4177,0.121216,0.030640,1.028320,0.122020,0.046691,0.993946,1.002496,0.000000,-0.700000,0.350000,0.017097,-0.064815,-0.023894,2.690,-6.991
4227,0.121216,0.027954,1.026367,0.122038,0.044007,0.992010,1.000457,0.000000,-0.560000,0.350000,0.017097,0.075185,-0.023894,2.540,-7.007
4278,0.122192,0.028687,1.024902,0.123024,0.044736,0.990558,0.999170,-0.070000,-0.560000,0.350000,-0.052903,0.075185,-0.023894,2.586,-7.073
4328,0.119873,0.028687,1.026123,0.120702,0.044738,0.991768,1.000087,0.070000,-0.700000,0.350000,0.087097,-0.064815,-0.023894,2.583,-6.932
4378,0.121338,0.028442,1.027222,0.122152,0.044496,0.992857,1.001332,-0.070000,-0.630000,0.350000,-0.052903,0.005185,-0.023894,2.566,-7.007
4430,0.121216,0.029297,1.025146,0.122049,0.045346,0.990800,0.999318,-0.070000,-0.630000,0.420000,-0.052903,0.005185,0.046106,2.620,-7.015
4480,0.120483,0.029541,1.026733,0.121305,0.045592,0.992373,1.000798,0.000000,-0.700000,0.420000,0.017097,-0.064815,0.046106,2.630,-6.962
4530,0.120117,0.028687,1.027100,0.120937,0.044739,0.992736,1.001076,0.000000,-0.630000,0.350000,0.017097,0.005185,-0.023894,2.580,-6.939
4581,0.121094,0.028931,1.025757,0.121922,0.044981,0.991405,0.999886,0.000000,-0.630000,0.420000,0.017097,0.005185,0.046106,2.598,-7.004
4631,0.121460,0.028809,1.025635,0.122288,0.044859,0.991284,0.999805,0.000000,-0.700000,0.350000,0.017097,-0.064815,-0.023894,2.591,-7.026
4681,0.119751,0.028931,1.027344,0.120570,0.044983,0.992978,1.001282,-0.140000,-0.630000,0.420000,-0.122903,0.005185,0.046106,2.594,-6.916
4732,0.121460,0.030273,1.026367,0.122281,0.046322,0.992010,1.000591,0.000000,-0.630000,0.350000,0.017097,0.005185,-0.023894,2.674,-7.020
4782,0.120728,0.027832,1.025024,0.121564,0.043883,0.990679,0.999074,0.000000,-0.630000,0.350000,0.017097,0.005185,-0.023894,2.536,-6.989
4832,0.121216,0.030029,1.026733,0.122035,0.046079,0.992373,1.000910,-0.070000,-0.630000,0.350000,-0.052903,0.005185,-0.023894,2.659,-7.003
4883,0.121094,0.028442,1.025635,0.121923,0.044493,0.991284,0.999744,0.000000,-0.630000,0.350000,0.017097,0.005185,-0.023894,2.570,-7.005
4933,0.120728,0.028931,1.026611,0.121549,0.044982,0.992252,1.000681,-0.070000,-0.630000,0.420000,-0.052903,0.005185,0.046106,2.596,-6.977
4983,0.120972,0.029663,1.026245,0.121796,0.045713,0.991889,1.000384,0.000000,-0.630000,0.350000,0.017097,0.005185,-0.023894,2.639,-6.993
5034,0.120117,0.028687,1.026489,0.120942,0.044738,0.992131,1.000476,0.070000,-0.770000,0.350000,0.087097,-0.134815,-0.023894,2.582,-6.943
5084,0.121460,0.028931,1.026489,0.122280,0.044982,0.992131,1.000650,-0.070000,-0.630000,0.420000,-0.052903,0.005185,0.046106,2.596,-7.019
5134,0.120361,0.028931,1.025269,0.121196,0.044980,0.990921,0.999318,0.070000,-0.630000,0.420000,0.087097,0.005185,0.046106,2.599,-6.966
5184,0.120117,0.028564,1.026611,0.120941,0.044617,0.992252,1.000591,-0.070000,-0.700000,0.420000,-0.052903,-0.064815,0.046106,2.575,-6.942
5234,0.120117,0.030273,1.026978,0.120938,0.046323,0.992615,1.001028,0.000000,-0.700000,0.420000,0.017097,-0.064815,0.046106,2.672,-6.939
5284,0.120483,0.027466,1.025879,0.121313,0.043519,0.991526,0.999867,0.000000,-0.630000,0.350000,0.017097,0.005185,-0.023894,2.513,-6.969
5334,0.120972,0.029541,1.024780,0.121808,0.045589,0.990437,0.998940,-0.070000,-0.700000,0.420000,-0.052903,-0.064815,0.046106,2.635,-7.004
5386,0.119507,0.028442,1.027344,0.120327,0.044496,0.992978,1.001231,0.000000,-0.700000,0.350000,0.017097,-0.064815,-0.023894,2.566,-6.902
5436,0.121460,0.030273,1.025269,0.122291,0.046321,0.990921,0.999512,0.000000,-0.560000,0.420000,0.017097,0.075185,0.046106,2.676,-7.028
5486,0.120972,0.028687,1.025269,0.121804,0.044737,0.990921,0.999381,0.000000,-0.700000,0.350000,0.017097,-0.064815,-0.023894,2.585,-7.001
5536,0.120483,0.029785,1.027466,0.121298,0.045837,0.993099,1.001529,-0.070000,-0.700000,0.350000,-0.052903,-0.064815,-0.023894,2.643,-6.956
5586,0.120483,0.028931,1.026611,0.121306,0.044982,0.992252,1.000651,-0.070000,-0.630000,0.420000,-0.052903,0.005185,0.046106,2.596,-6.963
5636,0.121948,0.029175,1.024536,0.122784,0.045223,0.990195,0.998803,0.070000,-0.630000,0.350000,0.087097,0.005185,-0.023894,2.615,-7.061
5686,0.118896,0.028564,1.026978,0.119722,0.044617,0.992615,1.000804,-0.070000,-0.630000,0.420000,-0.052903,0.005185,0.046106,2.574,-6.870
5736,0.121338,0.028809,1.025513,0.122167,0.044859,0.991163,0.999671,0.000000,-0.560000,0.420000,0.017097,0.075185,0.046106,2.591,-7.020
5786,0.121826,0.028442,1.026245,0.122647,0.044494,0.991889,1.000433,-0.070000,-0.630000,0.420000,-0.052903,0.005185,0.046106,2.568,-7.042
5836,0.120605,0.029907,1.025635,0.121436,0.045956,0.991284,0.999751,0.070000,-0.630000,0.350000,0.087097,0.005185,-0.023894,2.654,-6.977
5886,0.120483,0.027588,1.026489,0.121308,0.043641,0.992131,1.000472,0.000000,-0.630000,0.420000,0.017097,0.005185,0.046106,2.519,-6.964
5936,0.120850,0.030518,1.026245,0.121674,0.046566,0.991889,1.000408,-0.070000,-0.630000,0.420000,-0.052903,0.005185,0.046106,2.688,-6.986
5986,0.121826,0.026855,1.027588,0.122636,0.042912,0.993220,1.001682,0.000000,-0.700000,0.420000,0.017097,-0.064815,0.046106,2.474,-7.032
6036,0.120850,0.031250,1.026978,0.121667,0.047298,0.992615,1.001162,-0.070000,-0.630000,0.420000,-0.052903,0.005185,0.046106,2.728,-6.980
6086,0.122192,0.028442,1.024902,0.123024,0.044492,0.990558,0.999159,0.140000,-0.630000,0.350000,0.157097,0.005185,-0.023894,2.572,-7.073
6136,0.120850,0.027100,1.027466,0.121664,0.043155,0.993099,1.001454,-0.210000,-0.770000,0.420000,-0.192903,-0.134815,0.046106,2.488,-6.978
6186,0.12060,0.031372,1.025635,0.121435,0.047418,0.991284,0.999819,0.070000,-0.490000,0.350000,0.087097,0.145185,-0.023894,2.739,-6.976
6240,0.122070,0.026611,1.023560,0.122915,0.042662,0.989227,0.997746,0.000000,-0.630000,0.350000,0.017097,0.005185,-0.023894,2.469,-7.076
6290,0.120239,0.030884,1.027832,0.121052,0.046934,0.993462,1.001910,-0.140000,-0.770000,0.420000,-0.122903,-0.134815,0.046106,2.705,-6.939
6340,0.120239,0.027954,1.027954,0.121051,0.044009,0.993583,1.001897,0.140000,-0.630000,0.350000,0.157097,0.005185,-0.023894,2.536,-6.940
6390,0.121094,0.028687,1.024780,0.121930,0.044736,0.990437,0.998916,-0.140000,-0.560000,0.420000,-0.122903,0.075185,0.046106,2.586,-7.011
6440,0.121704,0.030396,1.026245,0.122525,0.046444,0.991889,1.000507,0.140000,-0.700000,0.350000,0.157097,-0.064815,-0.023894,2.681,-7.034
6490,0.120361,0.026855,1.029419,0.121161,0.042915,0.995035,1.003303,-0.140000,-0.630000,0.420000,-0.122903,0.005185,0.046106,2.470,-6.936
6541,0.120728,0.032227,1.026978,0.121545,0.048273,0.992615,1.001193,-0.070000,-0.560000,0.420000,-0.052903,0.075185,0.046106,2.784,-6.973
6591,0.122437,0.026978,1.024292,0.123273,0.043029,0.989953,0.998526,0.070000,-0.700000,0.350000,0.087097,-0.064815,-0.023894,2.489,-7.092
6641,0.120239,0.029419,1.027466,0.121055,0.045471,0.993099,1.001483,-0.140000,-0.700000,0.420000,-0.122903,-0.064815,0.046106,2.622,-6.943
6692,0.120483,0.030029,1.028687,0.121288,0.046082,0.994309,1.002739,0.070000,-0.560000,0.350000,0.087097,0.075185,-0.023894,2.654,-6.947
6742,0.121460,0.027954,1.024170,0.122301,0.044004,0.989832,0.998329,-0.070000,-0.630000,0.420000,-0.052903,0.005185,0.046106,2.545,-7.037
6792,0.121704,0.030273,1.026001,0.122527,0.046322,0.991647,1.000261,0.000000,-0.770000,0.350000,0.017097,-0.134815,-0.023894,2.674,-7.036
6842,0.119995,0.028564,1.028809,0.120800,0.044620,0.994430,1.002734,0.000000,-0.700000,0.350000,0.017097,-0.064815,-0.023894,2.569,-6.919
6892,0.121216,0.030396,1.025635,0.122044,0.046443,0.991284,0.999848,-0.070000,-0.490000,0.420000,-0.052903,0.145185,0.046106,2.682,-7.011
6942,0.121826,0.028320,1.024292,0.122665,0.044370,0.989953,0.998510,0.070000,-0.770000,0.350000,0.087097,-0.134815,-0.023894,2.566,-7.056
6993,0.119629,0.028809,1.028076,0.120442,0.044863,0.993704,1.001981,0.000000,-0.700000,0.350000,0.017097,-0.064815,-0.023894,2.585,-6.904
7043,0.120850,0.030884,1.026001,0.121676,0.046931,0.991647,1.000186,-0.070000,-0.560000,0.350000,-0.052903,0.075185,-0.023894,2.710,-6.988
7093,0.121216,0.027954,1.024658,0.122053,0.044004,0.990316,0.998779,0.000000,-0.700000,0.350000,0.017097,-0.064815,-0.023894,2.544,-7.019
7143,0.120483,0.030029,1.027344,0.121299,0.046080,0.992978,1.001420,-0.140000,-0.630000,0.420000,-0.122903,0.005185,0.046106,2.657,-6.957
7194,0.119995,0.030029,1.026855,0.120817,0.046079,0.992494,1.000882,0.070000,-0.560000,0.350000,0.087097,0.075185,-0.023894,2.658,-6.933
7244,0.120972,0.027466,1.025635,0.121802,0.043518,0.991284,0.999687,-0.070000,-0.630000,0.420000,-0.052903,0.005185,0.046106,2.514,-6.998
7294,0.121460,0.029541,1.025757,0.122286,0.045590,0.991405,0.999958,0.000000,-0.700000,0.350000,0.017097,-0.064815,-0.023894,2.633,-7.024
7344,0.120972,0.027954,1.027466,0.121785,0.044009,0.993099,1.001506,0.000000,-0.700000,0.420000,0.017097,-0.064815,0.046106,2.537,-6.985
7394,0.120850,0.028931,1.025879,0.121677,0.044981,0.991526,0.999976,0.000000,-0.560000,0.420000,0.017097,0.075185,0.046106,2.597,-6.989
7444,0.120728,0.028931,1.025879,0.121556,0.044981,0.991526,0.999961,-0.070000,-0.630000,0.420000,-0.052903,0.005185,0.046106,2.597,-6.982
7495,0.120483,0.029541,1.026245,0.121309,0.045591,0.991889,1.000319,0.070000,-0.700000,0.350000,0.087097,-0.064815,-0.023894,2.632,-6.965
7545,0.120483,0.026733,1.027588,0.121298,0.042790,0.993220,1.001514,-0.140000,-0.700000,0.420000,-0.122903,-0.064815,0.046106,2.467,-6.956
7595,0.121216,0.030518,1.025024,0.122049,0.046564,0.990679,0.999254,0.070000,-0.700000,0.350000,0.087097,-0.064815,-0.023894,2.691,-7.016
7645,0.121216,0.026001,1.027222,0.122031,0.042058,0.992857,1.001212,-0.140000,-0.700000,0.420000,-0.122903,-0.064815,0.046106,2.426,-7.001
7696,0.120728,0.032349,1.026367,0.121550,0.048394,0.992010,1.000600,-0.070000,-0.630000,0.420000,-0.052903,0.005185,0.046106,2.793,-6.977
7746,0.121948,0.026245,1.026489,0.122768,0.042301,0.992131,1.000592,0.070000,-0.630000,0.350000,0.087097,0.005185,-0.023894,2.441,-7.048
7796,0.120361,0.030640,1.026855,0.121182,0.046689,0.992494,1.000954,-0.140000,-0.630000,0.420000,-0.122903,0.005185,0.046106,2.693,-6.954
7846,0.120850,0.030029,1.026245,0.121674,0.046079,0.991889,1.000386,0.140000,-0.630000,0.350000,0.157097,0.005185,-0.023894,2.660,-6.986
7896,0.121704,0.027100,1.025269,0.122535,0.043152,0.990921,0.999400,0.000000,-0.700000,0.420000,0.017097,-0.064815,0.046106,2.494,-7.043
7946,0.120361,0.030884,1.026611,0.121184,0.046932,0.992252,1.000726,-0.070000,-0.630000,0.420000,-0.052903,0.005185,0.046106,2.708,-6.955
7996,0.121338,0.027954,1.025269,0.122170,0.044005,0.990921,0.999393,0.070000,-0.630000,0.350000,0.087097,0.005185,-0.023894,2.543,-7.022
8046,0.121216,0.026245,1.025513,0.122046,0.042299,0.991163,0.999544,-0.140000,-0.700000,0.420000,-0.122903,-0.064815,0.046106,2.444,-7.013
8096,0.120483,0.031738,1.026489,0.121306,0.047785,0.992131,1.000661,0.070000,-0.630000,0.350000,0.087097,0.005185,-0.023894,2.757,-6.963
8146,0.120850,0.026367,1.025513,0.121681,0.042421,0.991163,0.999505,-0.070000,-0.630000,0.420000,-0.052903,0.005185,0.046106,2.451,-6.993
8197,0.1207280.031372,1.025269,0.121560,0.047418,0.990921,0.999475,-0.070000,-0.630000,0.420000,-0.052903,0.005185,0.046106,2.740,-6.986
8251,0.120850,0.026978,1.026978,0.121668,0.043033,0.992615,1.000969,0.070000,-0.630000,0.350000,0.087097,0.005185,-0.023894,2.482,-6.982
8301,0.119873,0.028442,1.026001,0.120703,0.044494,0.991647,0.999956,-0.070000,-0.630000,0.420000,-0.052903,0.005185,0.046106,2.569,-6.933
8351,0.120972,0.028931,1.024902,0.121808,0.044980,0.990558,0.999032,0.000000,-0.700000,0.420000,0.017097,-0.064815,0.046106,2.600,-7.003
8401,0.121094,0.027710,1.026611,0.121915,0.043764,0.992252,1.000671,0.000000,-0.700000,0.420000,0.017097,-0.064815,0.046106,2.525,-6.998
8452,0.120239,0.029419,1.025879,0.121069,0.045469,0.991526,0.999924,-0.070000,-0.630000,0.420000,-0.052903,0.005185,0.046106,2.626,-6.954
8502,0.120361,0.028931,1.025879,0.121191,0.044981,0.991526,0.999917,0.000000,-0.630000,0.350000,0.017097,0.005185,-0.023894,2.597,-6.961
8552,0.121338,0.029053,1.026245,0.122161,0.045104,0.991889,1.000401,-0.070000,-0.700000,0.420000,-0.052903,-0.064815,0.046106,2.604,-7.014
8604,0.120239,0.029663,1.026123,0.121067,0.045713,0.991768,1.000175,0.000000,-0.630000,0.350000,0.017097,0.005185,-0.023894,2.639,-6.952
8654,0.120850,0.027710,1.026245,0.121675,0.043763,0.991889,1.000282,0.000000,-0.630000,0.350000,0.017097,0.005185,-0.023894,2.526,-6.987
8704,0.120972,0.029419,1.025757,0.121800,0.045468,0.991405,0.999893,-0.070000,-0.630000,0.420000,-0.052903,0.005185,0.046106,2.626,-6.997
8755,0.121582,0.029785,1.025635,0.122409,0.045834,0.991284,0.999864,0.070000,-0.630000,0.350000,0.087097,0.005185,-0.023894,2.647,-7.032
8805,0.122070,0.027832,1.026001,0.122893,0.043885,0.991647,1.000196,-0.140000,-0.630000,0.420000,-0.122903,0.005185,0.046106,2.534,-7.058
8855,0.120850,0.031860,1.026489,0.121671,0.047907,0.992131,1.000711,0.000000,-0.560000,0.350000,0.017097,0.075185,-0.023894,2.764,-6.984
8907,0.121826,0.027466,1.025146,0.122657,0.043518,0.990800,0.999311,0.140000,-0.630000,0.350000,0.157097,0.005185,-0.023894,2.515,-7.050
8957,0.120728,0.029785,1.025391,0.121560,0.045834,0.991042,0.999521,-0.210000,-0.700000,0.420000,-0.192903,-0.064815,0.046106,2.648,-6.985
9007,0.120361,0.029541,1.026123,0.121188,0.045591,0.991768,1.000184,0.070000,-0.630000,0.350000,0.087097,0.005185,-0.023894,2.632,-6.959
9057,0.120850,0.027466,1.024292,0.121692,0.043516,0.989953,0.998353,-0.070000,-0.630000,0.350000,-0.052903,0.005185,-0.023894,2.517,-7.001
9107,0.121948,0.030640,1.025635,0.122774,0.046687,0.991284,0.999949,0.000000,-0.700000,0.350000,0.017097,-0.064815,-0.023894,2.696,-7.053
9157,0.120850,0.027222,1.027100,0.121667,0.043277,0.992736,1.001100,0.000000,-0.630000,0.420000,0.017097,0.005185,0.046106,2.496,-6.981
9208,0.121094,0.029785,1.024658,0.121931,0.045832,0.990316,0.998846,0.000000,-0.560000,0.420000,0.017097,0.075185,0.046106,2.650,-7.012
9258,0.120850,0.028931,1.025024,0.121685,0.044980,0.990679,0.999137,0.000000,-0.700000,0.350000,0.017097,-0.064815,-0.023894,2.600,-6.995
9308,0.120239,0.028076,1.026733,0.121062,0.044129,0.992373,1.000703,-0.070000,-0.700000,0.420000,-0.052903,-0.064815,0.046106,2.546,-6.948
9358,0.120728,0.029785,1.025391,0.121560,0.045834,0.991042,0.999521,-0.070000,-0.630000,0.420000,-0.052903,0.005185,0.046106,2.648,-6.985
9408,0.121948,0.027954,1.023926,0.122790,0.044003,0.989590,0.998149,0.000000,-0.630000,0.420000,0.017097,0.005185,0.046106,2.546,-7.066
9458,0.119995,0.030762,1.025635,0.120827,0.046809,0.991284,0.999717,-0.070000,-0.630000,0.350000,-0.052903,0.005185,-0.023894,2.704,-6.942
9508,0.121460,0.027710,1.025635,0.122288,0.043762,0.991284,0.999757,0.000000,-0.630000,0.350000,0.017097,0.005185,-0.023894,2.528,-7.026
9558,0.121338,0.029419,1.025513,0.122167,0.045468,0.991163,0.999698,-0.140000,-0.630000,0.420000,-0.122903,0.005185,0.046106,2.627,-7.019
9608,0.121216,0.029907,1.025635,0.122044,0.045956,0.991284,0.999825,0.000000,-0.630000,0.350000,0.017097,0.005185,-0.023894,2.654,-7.011
9658,0.120605,0.028198,1.026611,0.121428,0.044251,0.992252,1.000633,0.000000,-0.630000,0.350000,0.017097,0.005185,-0.023894,2.554,-6.970
9708,0.121460,0.029297,1.026855,0.122277,0.045348,0.992494,1.001026,-0.070000,-0.630000,0.420000,-0.052903,0.005185,0.046106,2.616,-7.016
9758,0.120605,0.029785,1.025391,0.121438,0.045834,0.991042,0.999506,0.070000,-0.630000,0.350000,0.087097,0.005185,-0.023894,2.648,-6.979
9808,0.120483,0.027710,1.026001,0.121312,0.043763,0.991647,0.999998,-0.070000,-0.700000,0.420000,-0.052903,-0.064815,0.046106,2.527,-6.968
9858,0.121826,0.029785,1.026367,0.122646,0.045835,0.992010,1.000613,0.070000,-0.630000,0.420000,0.087097,0.005185,0.046106,2.645,-7.040
9910,0.121460,0.027710,1.025391,0.122290,0.043762,0.991042,0.999517,0.070000,-0.630000,0.350000,0.087097,0.005185,-0.023894,2.528,-7.028
9960,0.120239,0.029297,1.026367,0.121065,0.045348,0.992010,1.000398,-0.070000,-0.630000,0.420000,-0.052903,0.005185,0.046106,2.617,-6.951
10010,0.120361,0.029297,1.026245,0.121187,0.045347,0.991889,1.000293,0.000000,-0.630000,0.350000,0.017097,0.005185,-0.023894,2.618,-6.959
10060,0.121094,0.029419,1.026123,0.121918,0.045469,0.991768,1.000268,0.000000,-0.630000,0.420000,0.017097,0.005185,0.046106,2.625,-7.001
10110,0.121338,0.029419,1.026123,0.122162,0.045469,0.991768,1.000297,0.000000,-0.630000,0.420000,0.017097,0.005185,0.046106,2.625,-7.015
10160,0.121094,0.028687,1.026733,0.121913,0.044739,0.992373,1.000834,0.000000,-0.700000,0.420000,0.017097,-0.064815,0.046106,2.581,-6.997
10210,0120972,0.029419,1.025879,0.121799,0.045469,0.991526,1.000013,0.000000,-0.630000,0.420000,0.017097,0.005185,0.046106,2.626,-6.996
10265,0.120605,0.028687,1.025757,0.121435,0.044737,0.991405,0.999816,0.000000,-0.630000,0.350000,0.017097,0.005185,-0.023894,2.584,-6.976
10315,0.120850,0.028687,1.026489,0.121672,0.044738,0.992131,1.000565,-0.070000,-0.700000,0.420000,-0.052903,-0.064815,0.046106,2.582,-6.985
10365,0.120483,0.030762,1.026978,0.121302,0.046811,0.992615,1.001094,0.070000,-0.630000,0.420000,0.087097,0.005185,0.046106,2.700,-6.960
10415,0.121704,0.027466,1.025391,0.122534,0.043518,0.991042,0.999536,0.000000,-0.700000,0.420000,0.017097,-0.064815,0.046106,2.514,-7.042
10465,0.120361,0.029175,1.027466,0.121177,0.045227,0.993099,1.001486,0.000000,-0.630000,0.350000,0.017097,0.005185,-0.023894,2.608,-6.950
10516,0.120361,0.028687,1.027344,0.121178,0.044740,0.992978,1.001345,0.070000,-0.630000,0.350000,0.087097,0.005185,-0.023894,2.580,-6.951
10566,0.121460,0.028687,1.026001,0.122285,0.044738,0.991647,1.000159,-0.070000,-0.630000,0.420000,-0.052903,0.005185,0.046106,2.583,-7.023
10616,0.121338,0.028809,1.026489,0.122159,0.044860,0.992131,1.000629,0.070000,-0.700000,0.350000,0.087097,-0.064815,-0.023894,2.589,-7.012
10667,0.121094,0.027466,1.026855,0.121913,0.043520,0.992494,1.000900,-0.070000,-0.700000,0.420000,-0.052903,-0.064815,0.046106,2.511,-6.996
10717,0.120728,0.030640,1.027466,0.121541,0.046690,0.993099,1.001598,0.000000,-0.560000,0.350000,0.017097,0.075185,-0.023894,2.692,-6.970
10767,0.120972,0.028198,1.026245,0.121796,0.044250,0.991889,1.000318,0.000000,-0.630000,0.350000,0.017097,0.005185,-0.023894,2.554,-6.994
10817,0.120972,0.028687,1.027832,0.121782,0.044740,0.993462,1.001898,-0.070000,-0.700000,0.420000,-0.052903,-0.064815,0.046106,2.579,-6.982
10867,0.120850,0.030029,1.026611,0.121671,0.046079,0.992252,1.000745,0.070000,-0.630000,0.350000,0.087097,0.005185,-0.023894,2.659,-6.983
10917,0.120605,0.029541,1.025879,0.121434,0.045591,0.991526,0.999974,0.000000,-0.630000,0.420000,0.017097,0.005185,0.046106,2.633,-6.975
10967,0.120483,0.029907,1.026978,0.121303,0.045958,0.992615,1.001055,0.000000,-0.630000,0.350000,0.017097,0.005185,-0.023894,2.651,-6.960
11017,0.120239,0.028931,1.027100,0.121058,0.044983,0.992736,1.001101,0.000000,-0.630000,0.420000,0.017097,0.005185,0.046106,2.594,-6.946
11067,0.120605,0.030029,1.026367,0.121429,0.046079,0.992010,1.000476,-0.070000,-0.630000,0.420000,-0.052903,0.005185,0.046106,2.659,-6.971
11117,0.120972,0.028442,1.026978,0.121790,0.044495,0.992615,1.001048,0.000000,-0.700000,0.350000,0.017097,-0.064815,-0.023894,2.567,-6.988
11169,0.120239,0.028564,1.026855,0.121061,0.044617,0.992494,1.000845,-0.070000,-0.700000,0.420000,-0.052903,-0.064815,0.046106,2.574,-6.947
11219,0.120483,0.029053,1.025879,0.121312,0.045103,0.991526,0.999937,0.000000,-0.630000,0.420000,0.017097,0.005185,0.046106,2.605,-6.968
11269,0.121094,0.028564,1.025024,0.121928,0.044614,0.990679,0.999150,0.000000,-0.700000,0.350000,0.017097,-0.064815,-0.023894,2.579,-7.009
11319,0.120605,0.029419,1.026367,0.121430,0.045469,0.992010,1.000448,0.000000,-0.700000,0.420000,0.017097,-0.064815,0.046106,2.624,-6.971
11369,0.120605,0.029175,1.026367,0.121430,0.045226,0.992010,1.000437,0.000000,-0.630000,0.420000,0.017097,0.005185,0.046106,2.610,-6.972
11419,0.121338,0.029053,1.024658,0.122175,0.045101,0.990316,0.998842,0.000000,-0.630000,0.350000,0.017097,0.005185,-0.023894,2.608,-7.026
11469,0.121094,0.029541,1.026855,0.121912,0.045592,0.992494,1.000992,-0.070000,-0.700000,0.420000,-0.052903,-0.064815,0.046106,2.630,-6.995
11519,0.120361,0.028809,1.025635,0.121193,0.044859,0.991284,0.999672,0.000000,-0.630000,0.420000,0.017097,0.005185,0.046106,2.591,-6.963
11569,0.120850,0.028198,1.025024,0.121685,0.044249,0.990679,0.999105,0.000000,-0.630000,0.350000,0.017097,0.005185,-0.023894,2.557,-6.996
11619,0.121216,0.029419,1.025635,0.122044,0.045468,0.991284,0.999803,0.000000,-0.630000,0.350000,0.017097,0.005185,-0.023894,2.626,-7.011
11670,0.120728,0.028687,1.026245,0.121553,0.044738,0.991889,1.000310,0.000000,-0.630000,0.350000,0.017097,0.005185,-0.023894,2.583,-6.980
11720,.121582,0.030029,1.025391,0.122411,0.046077,0.991042,0.999636,0.000000,-0.700000,0.420000,0.017097,-0.064815,0.046106,2.662,-7.034
11773,0.121094,0.029297,1.025635,0.121923,0.045346,0.991284,0.999783,0.000000,-0.630000,0.350000,0.017097,0.005185,-0.023894,2.619,-7.005
11823,0.121338,0.029785,1.026245,0.122161,0.045835,0.991889,1.000434,-0.070000,-0.630000,0.350000,-0.052903,0.005185,-0.023894,2.646,-7.014
11873,0.121826,0.028687,1.025146,0.122657,0.044736,0.990800,0.999365,0.000000,-0.700000,0.350000,0.017097,-0.064815,-0.023894,2.585,-7.050
11923,0.120728,0.028809,1.025879,0.121556,0.044859,0.991526,0.999956,0.000000,-0.630000,0.350000,0.017097,0.005185,-0.023894,2.590,-6.982
11973,0.121826,0.029175,1.025146,0.122657,0.045224,0.990800,0.999387,0.000000,-0.630000,0.420000,0.017097,0.005185,0.046106,2.613,-7.050
12023,0.120972,0.028442,1.026367,0.121795,0.044494,0.992010,1.000449,0.000000,-0.630000,0.350000,0.017097,0.005185,-0.023894,2.568,-6.993
12073,0.120605,0.029541,1.026001,0.121433,0.045591,0.991647,1.000094,-0.070000,-0.630000,0.420000,-0.052903,0.005185,0.046106,2.632,-6.974
12124,0.121216,0.029419,1.025146,0.122049,0.045468,0.990800,0.999324,0.000000,-0.630000,0.420000,0.017097,0.005185,0.046106,2.627,-7.015
12174,0.121216,0.028442,1.025391,0.122047,0.044493,0.991042,0.999519,-0.070000,-0.630000,0.420000,-0.052903,0.005185,0.046106,2.571,-7.014
12224,0.120728,0.030640,1.025513,0.121558,0.046687,0.991163,0.999680,0.000000,-0.630000,0.350000,0.017097,0.005185,-0.023894,2.697,-6.984
12274,0.121094,0.027710,1.025635,0.121923,0.043762,0.991284,0.999712,0.070000,-0.630000,0.350000,0.087097,0.005185,-0.023894,2.528,-7.005
12324,0.120605,0.029419,1.025513,0.121437,0.045468,0.991163,0.999609,-0.070000,-0.700000,0.420000,-0.052903,-0.064815,0.046106,2.627,-6.978
12374,0.120605,0.028809,1.025757,0.121435,0.044859,0.991405,0.999821,0.000000,-0.630000,0.350000,0.017097,0.005185,-0.023894,2.591,-6.976
12424,0.120850,0.029053,1.025146,0.121684,0.045102,0.990800,0.999263,-0.070000,-0.630000,0.420000,-0.052903,0.005185,0.046106,2.606,-6.994
12475,0.120361,0.029785,1.024292,0.121204,0.045832,0.989953,0.998398,0.000000,-0.630000,0.350000,0.017097,0.005185,-0.023894,2.651,-6.973
12525,0.120361,0.028198,1.025024,0.121198,0.044249,0.990679,0.999045,0.070000,-0.700000,0.420000,0.087097,-0.064815,0.046106,2.557,-6.968
12575,0.120972,0.029175,1.025024,0.121806,0.045224,0.990679,0.999163,-0.070000,-0.630000,0.420000,-0.052903,0.005185,0.046106,2.614,-7.002
12626,0.121582,0.029907,1.024048,0.122423,0.045953,0.989711,0.998312,0.000000,-0.630000,0.420000,0.017097,0.005185,0.046106,2.658,-7.044
12676,0.121094,0.028320,1.024048,0.121937,0.044369,0.989711,0.998181,0.000000,-0.700000,0.420000,0.017097,-0.064815,0.046106,2.567,-7.017
12726,0.120605,0.029297,1.026001,0.121433,0.045347,0.991647,1.000083,0.000000,-0.700000,0.420000,0.017097,-0.064815,0.046106,2.618,-6.974
12777,0.120605,0.029419,1.025879,0.121434,0.045469,0.991526,0.999969,0.000000,-0.630000,0.350000,0.017097,0.005185,-0.023894,2.626,-6.975
12827,0.121704,0.028809,1.023682,0.122548,0.044856,0.989348,0.997917,0.000000,-0.630000,0.420000,0.017097,0.005185,0.046106,2.596,-7.054
12877,0.119751,0.029175,1.026978,0.120573,0.045227,0.992615,1.000934,-0.070000,-0.700000,0.350000,-0.052903,-0.064815,-0.023894,2.609,-6.919
12927,0.121094,0.028442,1.025757,0.121922,0.044494,0.991405,0.999864,0.000000,-0.630000,0.350000,0.017097,0.005185,-0.023894,2.570,-7.004
12977,0.121826,0.028442,1.024414,0.122663,0.044492,0.990074,0.998635,0.000000,-0.630000,0.350000,0.017097,0.005185,-0.023894,2.573,-7.056
13027,0.120605,0.029419,1.024658,0.121445,0.045467,0.990316,0.998770,0.000000,-0.700000,0.350000,0.017097,-0.064815,-0.023894,2.629,-6.984
13077,0.121338,0.028442,1.026367,0.122160,0.044494,0.992010,1.000493,-0.070000,-0.630000,0.420000,-0.052903,0.005185,0.046106,2.568,-7.013
13128,0.121582,0.029175,1.026001,0.122406,0.045225,0.991647,1.000196,-0.070000,-0.630000,0.420000,-0.052903,0.005185,0.046106,2.611,-7.030
13178,0.121094,0.029785,1.024536,0.121932,0.045832,0.990195,0.998726,0.070000,-0.630000,0.350000,0.087097,0.005185,-0.023894,2.650,-7.013
13228,0.120728,0.028076,1.025635,0.121558,0.044128,0.991284,0.999684,0.000000,-0.630000,0.350000,0.017097,0.005185,-0.023894,2.549,-6.984
13278,0.120605,0.029663,1.025269,0.121439,0.045712,0.990921,0.999380,-0.070000,-0.630000,0.420000,-0.052903,0.005185,0.046106,2.641,-6.980
13328,0.122070,0.027832,1.024780,0.122904,0.043883,0.990437,0.998998,0.070000,-0.630000,0.420000,0.087097,0.005185,0.046106,2.537,-7.067
13378,0.120483,0.029297,1.025391,0.121317,0.045346,0.991042,0.999469,-0.070000,-0.700000,0.420000,-0.052903,-0.064815,0.046106,2.620,-6.972
13429,0.120972,0.028809,1.024780,0.121809,0.044858,0.990437,0.998907,0.070000,-0.630000,0.420000,0.087097,0.005185,0.046106,2.593,-7.004
13479,0.120483,0.027588,1.025146,0.121319,0.043640,0.990800,0.999153,-0.070000,-0.700000,0.420000,-0.052903,-0.064815,0.046106,2.522,-6.974
13529,0.120239,0.030029,1.025146,0.121075,0.046077,0.990800,0.999233,0.000000,-0.700000,0.420000,0.017097,-0.064815,0.046106,2.663,-6.960
13579,0.120972,0.027588,1.025024,0.121807,0.043639,0.990679,0.999093,0.000000,-0.630000,0.350000,0.017097,0.005185,-0.023894,2.522,-7.003
13629,0.120361,0.029053,1.025146,0.121197,0.045102,0.990800,0.999203,-0.070000,-0.630000,0.420000,-0.052903,0.005185,0.046106,2.606,-6.967
13679,0.121338,0.029541,1.024414,0.122177,0.045588,0.990074,0.998625,0.000000,-0.630000,0.350000,0.017097,0.005185,-0.023894,2.636,-7.027
13729,0.120972,0.028076,1.024902,0.121808,0.044127,0.990558,0.998994,0.000000,-0.700000,0.420000,0.017097,-0.064815,0.046106,2.551,-7.004
13779,0.121582,0.029907,1.025635,0.122409,0.045956,0.991284,0.999870,0.000000,-0.630000,0.350000,0.017097,0.005185,-0.023894,2.654,-7.032
13829,0.121582,0.028687,1.024780,0.122417,0.044736,0.990437,0.998976,0.000000,-0.630000,0.350000,0.017097,0.005185,-0.023894,2.586,-7.039
13879,0.121216,0.029419,1.024658,0.122053,0.045467,0.990316,0.998844,-0.070000,-0.700000,0.350000,-0.052903,-0.064815,-0.023894,2.629,-7.019
13929,0.120728,0.028564,1.025269,0.121561,0.044615,0.990921,0.999346,0.000000,-0.630000,0.350000,0.017097,0.005185,-0.023894,2.578,-6.987
13979,0.121460,0.028198,1.024902,0.122294,0.044249,0.990558,0.999059,0.000000,-0.630000,0.350000,0.017097,0.005185,-0.023894,2.558,-7.031
14029,0.120239,0.029297,1.026001,0.121068,0.045347,0.991647,1.000039,-0.070000,-0.700000,0.420000,-0.052903,-0.064815,0.046106,2.618,-6.953
14079,0.121216,0.029053,1.025269,0.122048,0.045102,0.990921,0.999427,0.000000,-0.630000,0.420000,0.017097,0.005185,0.046106,2.606,-7.014
14129,0.121216,0.028320,1.025513,0.122046,0.044371,0.991163,0.999634,0.000000,-0.630000,0.420000,0.017097,0.005185,0.046106,2.563,-7.013
14179,0.120117,0.029419,1.027222,0.120936,0.045471,0.992857,1.001228,0.000000,-0.630000,0.350000,0.017097,0.005185,-0.023894,2.622,-6.938
14229,0.120972,0.028931,1.026245,0.121796,0.044982,0.991889,1.00031,0.000000,-0.630000,0.350000,0.017097,0.005185,-0.023894,2.597,-6.993
14282,0.120972,0.028687,1.024780,0.121809,0.044736,0.990437,0.998901,-0.070000,-0.630000,0.420000,-0.052903,0.005185,0.046106,2.586,-7.004
14332,0.120850,0.029419,1.025635,0.121679,0.045468,0.991284,0.999759,0.000000,-0.630000,0.350000,0.017097,0.005185,-0.023894,2.626,-6.991
14382,0.120239,0.027222,1.025757,0.121071,0.043275,0.991405,0.999707,0.000000,-0.630000,0.420000,0.017097,0.005185,0.046106,2.499,-6.956
14432,0.120483,0.031128,1.024658,0.121322,0.047173,0.990316,0.998834,-0.070000,-0.630000,0.420000,-0.052903,0.005185,0.046106,2.727,-6.977
14482,0.121460,0.028076,1.025513,0.122289,0.044128,0.991163,0.999653,0.070000,-0.700000,0.350000,0.087097,-0.064815,-0.023894,2.549,-7.027
14532,0.120239,0.029175,1.025879,0.121069,0.045225,0.991526,0.999913,-0.070000,-0.630000,0.420000,-0.052903,0.005185,0.046106,2.612,-6.954
14582,0.120483,0.028442,1.024414,0.121325,0.044492,0.990074,0.998472,0.000000,-0.630000,0.350000,0.017097,0.005185,-0.023894,2.573,-6.979
14632,0.120972,0.028564,1.025269,0.121804,0.044615,0.990921,0.999375,0.000000,-0.630000,0.420000,0.017097,0.005185,0.046106,2.578,-7.001
14682,0.120728,0.029785,1.026367,0.121551,0.045835,0.992010,1.000480,-0.070000,-0.700000,0.420000,-0.052903,-0.064815,0.046106,2.645,-6.978
14732,0.121216,0.028564,1.024780,0.122052,0.044614,0.990437,0.998926,0.070000,-0.630000,0.350000,0.087097,0.005185,-0.023894,2.579,-7.018
14784,0.121460,0.028320,1.024658,0.122296,0.044370,0.990316,0.998825,0.000000,-0.700000,0.420000,0.017097,-0.064815,0.046106,2.565,-7.033
14834,0.120605,0.029663,1.026123,0.121432,0.045713,0.991768,1.000219,0.000000,-0.630000,0.420000,0.017097,0.005185,0.046106,2.639,-6.973
14884,0.120728,0.028931,1.025513,0.121559,0.044981,0.991163,0.999602,-0.070000,-0.560000,0.420000,-0.052903,0.075185,0.046106,2.598,-6.985
14934,0.121216,0.028687,1.024658,0.122053,0.044736,0.990316,0.998811,0.000000,-0.630000,0.420000,0.017097,0.005185,0.046106,2.586,-7.019
14984,0.120117,0.028076,1.026245,0.120945,0.044129,0.991889,1.000209,0.000000,-0.700000,0.350000,0.017097,-0.064815,-0.023894,2.547,-6.945
15034,0.120605,0.030273,1.025757,0.121435,0.046322,0.991405,0.999888,0.000000,-0.630000,0.420000,0.017097,0.005185,0.046106,2.675,-6.976
15084,0.121216,0.028809,1.025146,0.122049,0.044858,0.990800,0.999296,0.000000,-0.700000,0.420000,0.017097,-0.064815,0.046106,2.592,-7.015
15134,0.120850,0.028564,1.025146,0.121684,0.044614,0.990800,0.999241,-0.070000,-0.700000,0.420000,-0.052903,-0.064815,0.046106,2.578,-6.995
15184,0.120605,0.028809,1.026733,0.121427,0.044861,0.992373,1.000780,-0.070000,-0.630000,0.420000,-0.052903,0.005185,0.046106,2.588,-6.969
15234,0.120239,0.029053,1.024170,0.121084,0.045101,0.989832,0.998230,0.000000,-0.560000,0.350000,0.017097,0.075185,-0.023894,2.609,-6.967
15285,0.121826,0.028198,1.024658,0.122661,0.044248,0.990316,0.998864,0.000000,-0.700000,0.350000,0.017097,-0.064815,-0.023894,2.558,-7.054
15335,0.120117,0.029785,1.026978,0.120938,0.045836,0.992615,1.001005,0.000000,-0.630000,0.420000,0.017097,0.005185,0.046106,2.644,-6.939
15385,0.121338,0.028198,1.024780,0.122174,0.044248,0.990437,0.998924,0.000000,-0.630000,0.350000,0.017097,0.005185,-0.023894,2.558,-7.025
15437,0.120728,0.029053,1.025269,0.121561,0.045102,0.990921,0.999368,-0.070000,-0.630000,0.350000,-0.052903,0.005185,-0.023894,2.606,-6.987
15487,0.120972,0.029053,1.026367,0.121795,0.045104,0.992010,1.000476,0.000000,-0.630000,0.350000,0.017097,0.005185,-0.023894,2.603,-6.992
15537,0.120361,0.028564,1.025269,0.121196,0.044615,0.990921,0.999301,-0.070000,-0.700000,0.420000,-0.052903,-0.064815,0.046106,2.578,-6.966
15587,0.120972,0.029297,1.025513,0.121802,0.045346,0.991163,0.999648,0.000000,-0.700000,0.420000,0.017097,-0.064815,0.046106,2.619,-6.999
15637,0.119629,0.029175,1.026123,0.120459,0.045225,0.991768,1.000080,0.000000,-0.630000,0.350000,0.017097,0.005185,-0.023894,2.611,-6.918
15687,0.121460,0.028687,1.025513,0.122289,0.044737,0.991163,0.999680,-0.070000,-0.560000,0.420000,-0.052903,0.075185,0.046106,2.584,-7.026
15738,0.121216,0.028564,1.025024,0.122050,0.044614,0.99069,0.999165,0.000000,-0.630000,0.350000,0.017097,0.005185,-0.023894,2.579,-7.016
15794,0.120483,0.028442,1.026123,0.121310,0.044494,0.991768,1.000150,-0.070000,-0.630000,0.420000,-0.052903,0.005185,0.046106,2.569,-6.967
15844,0.120728,0.030029,1.025879,0.121555,0.046078,0.991526,1.000011,-0.070000,-0.630000,0.350000,-0.052903,0.005185,-0.023894,2.661,-6.982
15894,0.121460,0.028198,1.025635,0.122288,0.044250,0.991284,0.999778,0.070000,-0.630000,0.420000,0.087097,0.005185,0.046106,2.556,-7.026
15944,0.120972,0.029053,1.024780,0.121809,0.045101,0.990437,0.998918,0.000000,-0.700000,0.350000,0.017097,-0.064815,-0.023894,2.607,-7.004
15995,0.119995,0.028931,1.025024,0.120833,0.044980,0.990679,0.999034,0.000000,-0.700000,0.350000,0.017097,-0.064815,-0.023894,2.600,-6.947
16045,0.120239,0.028198,1.026245,0.121066,0.044250,0.991889,1.000229,-0.070000,-0.630000,0.420000,-0.052903,0.005185,0.046106,2.554,-6.952
16095,0.121338,0.029663,1.025269,0.122169,0.045712,0.990921,0.999469,0.000000,-0.630000,0.420000,0.017097,0.005185,0.046106,2.641,-7.021
16145,0.121338,0.027832,1.025513,0.122167,0.043884,0.991163,0.999627,0.000000,-0.630000,0.350000,0.017097,0.005185,-0.023894,2.535,-7.020
16195,0.119995,0.029785,1.024658,0.120836,0.045832,0.990316,0.998713,-0.070000,-0.630000,0.420000,-0.052903,0.005185,0.046106,2.650,-6.949
16245,0.120850,0.029297,1.025513,0.121680,0.045346,0.991163,0.999633,0.000000,-0.630000,0.420000,0.017097,0.005185,0.046106,2.619,-6.992
16295,0.120972,0.028442,1.026001,0.121798,0.044494,0.991647,1.000089,-0.070000,-0.630000,0.420000,-0.052903,0.005185,0.046106,2.569,-6.995
16346,0.120972,0.030518,1.025879,0.121799,0.046565,0.991526,1.000063,0.000000,-0.630000,0.420000,0.017097,0.005185,0.046106,2.689,-6.995
16396,0.120483,0.027710,1.025146,0.121319,0.043761,0.990800,0.999159,0.000000,-0.700000,0.350000,0.017097,-0.064815,-0.023894,2.529,-6.974
16446,0.120239,0.029541,1.025635,0.121071,0.045590,0.991284,0.999690,-0.070000,-0.630000,0.420000,-0.052903,0.005185,0.046106,2.633,-6.956
16496,0.121826,0.028809,1.024536,0.122662,0.044857,0.990195,0.998771,0.000000,-0.630000,0.420000,0.017097,0.005185,0.046106,2.594,-7.054
16546,0.120361,0.028564,1.024902,0.121199,0.044614,0.990558,0.998942,0.000000,-0.700000,0.420000,0.017097,-0.064815,0.046106,2.579,-6.969
16596,0.120605,0.029541,1.024902,0.121442,0.045589,0.990558,0.999015,0.070000,-0.630000,0.350000,0.087097,0.005185,-0.023894,2.635,-6.982
16646,0.120361,0.028198,1.024780,0.121201,0.044248,0.990437,0.998806,-0.070000,-0.700000,0.420000,-0.052903,-0.064815,0.046106,2.558,-6.970
16696,0.120483,0.029907,1.025146,0.121319,0.045955,0.990800,0.999257,-0.070000,-0.630000,0.420000,-0.052903,0.005185,0.046106,2.656,-6.973
16746,0.120972,0.028442,1.02024,0.121807,0.044492,0.990679,0.999130,0.070000,-0.630000,0.420000,0.087097,0.005185,0.046106,2.571,-7.003
16800,0.121826,0.028564,1.025269,0.122656,0.044615,0.990921,0.999480,0.000000,-0.630000,0.420000,0.017097,0.005185,0.046106,2.578,-7.049
16850,0.120972,0.030273,1.025635,0.121801,0.046321,0.991284,0.999812,0.000000,-0.630000,0.420000,0.017097,0.005185,0.046106,2.675,-6.997
16900,0.120850,0.028198,1.025879,0.121678,0.044250,0.991526,0.999944,0.000000,-0.630000,0.350000,0.017097,0.005185,-0.023894,2.555,-6.989
16951,0.120850,0.029053,1.025024,0.121685,0.045102,0.990679,0.999143,-0.070000,-0.630000,0.420000,-0.052903,0.005185,0.046106,2.607,-6.995
17001,0.120728,0.029663,1.025513,0.121559,0.045712,0.991163,0.999635,0.000000,-0.700000,0.350000,0.017097,-0.064815,-0.023894,2.641,-6.985
17051,0.121216,0.028442,1.025146,0.122049,0.044493,0.990800,0.999280,-0.070000,-0.630000,0.350000,-0.052903,0.005185,-0.023894,2.571,-7.015
17102,0.120361,0.029785,1.024902,0.121199,0.045833,0.990558,0.998997,-0.070000,-0.700000,0.420000,-0.052903,-0.064815,0.046106,2.649,-6.968
17152,0.120728,0.027588,1.026611,0.121550,0.043642,0.992252,1.000621,0.000000,-0.700000,0.350000,0.017097,-0.064815,-0.023894,2.518,-6.977
17202,0.120972,0.029541,1.025269,0.121804,0.045590,0.990921,0.999419,-0.070000,-0.630000,0.420000,-0.052903,0.005185,0.046106,2.634,-7.000
17253,0.120972,0.028076,1.025391,0.121804,0.044127,0.991042,0.999474,0.000000,-0.630000,0.420000,0.017097,0.005185,0.046106,2.549,-7.000
17303,0.120361,0.028809,1.026245,0.121188,0.044860,0.991889,1.000271,-0.070000,-0.630000,0.350000,-0.052903,0.005185,-0.023894,2.590,-6.959
17353,0.121094,0.030029,1.025635,0.121922,0.046078,0.991284,0.999816,-0.070000,-0.630000,0.420000,-0.052903,0.005185,0.046106,2.661,-7.004
17404,0.120972,0.027954,1.024658,0.121810,0.044004,0.990316,0.998749,0.070000,-0.630000,0.420000,0.087097,0.005185,0.046106,2.544,-7.005
17454,0.121704,0.028564,1.025513,0.122532,0.044615,0.991163,0.999704,-0.070000,-0.700000,0.420000,-0.052903,-0.064815,0.046106,2.577,-7.040
17504,0.119995,0.030029,1.025757,0.120827,0.046078,0.991405,0.999803,0.000000,-0.630000,0.420000,0.017097,0.005185,0.046106,2.661,-6.941
17554,0.121094,0.028320,1.025146,0.121927,0.044371,0.990800,0.999260,-0.070000,-0.700000,0.420000,-0.052903,-0.064815,0.046106,2.564,-7.009
17605,0.121216,0.029785,1.025024,0.122050,0.045833,0.990679,0.999220,-0.070000,-0.700000,0.420000,-0.052903,-0.064815,0.046106,2.649,-7.016
17655,0.121094,0.027954,1.024902,0.121929,0.044005,0.990558,0.999004,0.070000,-0.560000,0.350000,0.087097,0.075185,-0.023894,2.544,-7.010
17705,0.121582,0.028931,1.023926,0.122424,0.044978,0.989590,0.998148,-0.070000,-0.630000,0.420000,-0.052903,0.005185,0.046106,2.602,-7.045
17755,0.120728,0.029175,1.024414,0.121568,0.045223,0.990074,0.998534,0.000000,-0.630000,0.350000,0.017097,0.005185,-0.023894,2.615,-6.993
17805,0.121338,0.028442,1.024536,0.122176,0.044492,0.990195,0.998695,0.000000,-0.630000,0.350000,0.017097,0.005185,-0.023894,2.573,-7.027
17855,0.121460,0.028442,1.024048,0.122302,0.044491,0.989711,0.998231,0.000000,-0.630000,0.350000,0.017097,0.005185,-0.023894,2.574,-7.037
17907,0.121216,0.029663,1.023560,0.122062,0.045709,0.989227,0.997777,0.000000,-0.700000,0.350000,0.017097,-0.064815,-0.023894,2.646,-7.027
17957,0.120239,0.028564,1.025269,0.121075,0.044615,0.990921,0.999287,0.000000,-0.630000,0.420000,0.017097,0.005185,0.046106,2.578,-6.959
18007,0.120483,0.030518,1.024536,0.121324,0.046564,0.990195,0.998686,0.000000,-0.630000,0.350000,0.017097,0.005185,-0.023894,2.692,-6.978
18057,0.121704,0.028809,1.024170,0.122544,0.044857,0.989832,0.998397,0.000000,-0.630000,0.350000,0.017097,0.005185,-0.023894,2.595,-7.050
18107,0.121094,0.029419,1.024414,0.121933,0.045467,0.990074,0.998590,-0.070000,-0.700000,0.420000,-0.052903,-0.064815,0.046106,2.629,-7.014
18157,0.120239,0.028931,1.025635,0.121071,0.044981,0.991284,0.999663,0.000000,-0.560000,0.350000,0.017097,0.075185,-0.023894,2.598,-6.956
18207,0.121582,0.029175,1.023804,0.122425,0.045222,0.989469,0.998039,0.000000,-0.630000,0.350000,0.017097,0.005185,-0.023894,2.617,-7.046
18258,0.120850,0.028687,1.024658,0.121688,0.044736,0.990316,0.998767,0.000000,-0.700000,0.420000,0.017097,-0.064815,0.046106,2.586,-6.998
18308,0.120117,0.028931,1.024170,0.120962,0.044979,0.989832,0.998209,0.000000,-0.630000,0.350000,0.017097,0.005185,-0.023894,2.602,-6.960
18358,0.121582,0.029297,1.023193,0.122431,0.045343,0.988864,0.997445,0.000000,-0.630000,0.420000,0.017097,0.005185,0.046106,2.625,-7.051
18409,0.121338,0.028687,1.023682,0.122183,0.044734,0.989348,0.997867,0.000000,-0.630000,0.350000,0.017097,0.005185,-0.023894,2.589,-7.033
18459,0.121094,0.028564,1.024780,0.121930,0.044614,0.990437,0.998911,-0.070000,-0.630000,0.420000,-0.052903,0.005185,0.046106,2.579,-7.011
18509,0.120605,0.029175,1.023926,0.121451,0.045222,0.989590,0.998040,0.000000,-0.630000,0.350000,0.017097,0.005185,-0.023894,2.616,-6.990
18559,0.121216,0.028320,1.024048,0.122058,0.044369,0.989711,0.998196,0.000000,-0.630000,0.420000,0.017097,0.005185,0.046106,2.567,-7.024
18609,0.119507,0.029053,1.024048,0.120355,0.045100,0.989711,0.998022,0.000000,-0.700000,0.420000,0.017097,-0.064815,0.046106,2.609,-6.926
18659,0.120361,0.028442,1.025146,0.121197,0.044493,0.990800,0.999176,0.000000,-0.630000,0.350000,0.017097,0.005185,-0.023894,2.571,-6.967
18709,0.120605,0.028442,1.023926,0.121451,0.044491,0.989590,0.998007,-0.070000,-0.630000,0.420000,-0.052903,0.005185,0.046106,2.574,-6.990
18759,0.121094,0.029297,1.024170,0.121935,0.045344,0.989832,0.998344,0.000000,-0.700000,0.350000,0.017097,-0.064815,-0.023894,2.623,-7.015
18809,0.120117,0.028809,1.025635,0.120950,0.044859,0.991284,0.999642,-0.070000,-0.700000,0.350000,-0.052903,-0.064815,-0.023894,2.591,-6.949
18859,0.121094,0.029053,1.024902,0.121929,0.045102,0.990558,0.999052,0.000000,-0.560000,0.420000,0.017097,0.075185,0.046106,2.607,-7.010
18910,0.120605,0.029297,1.024780,0.121444,0.045345,0.990437,0.998884,0.000000,-0.630000,0.420000,0.017097,0.005185,0.046106,2.621,-6.983
18960,0.120605,0.029663,1.025146,0.121440,0.045711,0.990800,0.999261,0.000000,-0.630000,0.420000,0.017097,0.005185,0.046106,2.642,-6.980
19010,0.121338,0.028809,1.025879,0.122164,0.044859,0.991526,1.000030,-0.070000,-0.630000,0.420000,-0.052903,0.005185,0.046106,2.590,-7.017
19062,0.119751,0.029419,1.025757,0.120583,0.045468,0.991405,0.999746,-0.070000,-0.560000,0.420000,-0.052903,0.075185,0.046106,2.626,-6.928
19112,0.121338,0.028320,1.024536,0.122176,0.044370,0.990195,0.998690,0.000000,-0.630000,0.350000,0.017097,0.005185,-0.023894,2.566,-7.027
19162,0.121338,0.029541,1.025635,0.122166,0.045590,0.991284,0.999823,0.000000,-0.630000,0.420000,0.017097,0.005185,0.046106,2.633,-7.018
19213,0.121338,0.029175,1.026245,0.122161,0.045225,0.991889,1.000406,0.000000,-0.630000,0.350000,0.017097,0.005185,-0.023894,2.611,-7.014
19263,0.121826,0.028320,1.026001,0.122650,0.044372,0.991647,1.000188,-0.070000,-0.630000,0.350000,-0.052903,0.005185,-0.023894,2.562,-7.044
19313,0.120239,0.029297,1.026123,0.121067,0.045347,0.991768,1.000159,0.000000,-0.630000,0.350000,0.017097,0.005185,-0.023894,2.618,-6.953
19363,0.121826,0.028931,1.024902,0.122659,0.044980,0.990558,0.999136,0.000000,-0.630000,0.350000,0.017097,0.005185,-0.023894,2.600,-7.052
19413,0.121582,0.029053,1.025879,0.122407,0.045103,0.991526,1.000071,-0.070000,-0.700000,0.420000,-0.052903,-0.064815,0.046106,2.605,-7.031
19463,0.120239,0.029785,1.026367,0.121065,0.045835,0.992010,1.000421,0.000000,-0.630000,0.420000,0.017097,0.005185,0.046106,2.645,-6.951
19513,0.120972,0.028564,1.024170,0.121814,0.044613,0.989832,0.998297,0.000000,-0.630000,0.350000,0.017097,0.005185,-0.023894,2.581,-7.009
19563,0.120117,0.029053,1.024902,0.120956,0.045102,0.990558,0.998934,0.000000,-0.630000,0.420000,0.017097,0.005185,0.046106,2.607,-6.955
19613,0.120728,0.029053,1.025146,0.121562,0.045102,0.990800,0.999248,0.000000,-0.630000,0.350000,0.017097,0.005185,-0.023894,2.606,-6.988
19663,0.121460,0.028687,1.025635,0.122288,0.044737,0.991284,0.999800,0.000000,-0.700000,0.420000,0.017097,-0.064815,0.046106,2.584,-7.026
19713,0.120850,0.029053,1.026123,0.121675,0.045103,0.991768,1.000221,0.000000,-0.630000,0.350000,0.017097,0.005185,-0.023894,2.604,-6.987
19763,0.120605,0.028687,1.025879,0.121434,0.044737,0.991526,0.999936,0.000000,-0.630000,0.420000,0.017097,0.005185,0.046106,2.583,-6.975
19813,0.120972,0.029053,1.025879,0.121799,0.045103,0.991526,0.999996,0.000000,-0.630000,0.350000,0.017097,0.005185,-0.023894,2.605,-6.996
19863,0.121338,0.028809,1.025269,0.122169,0.044858,0.990921,0.999431,0.000000,-0.630000,0.350000,0.017097,0.005185,-0.023894,2.592,-7.021
19913,0.121094,0.028320,1.026245,0.121918,0.044372,0.991889,1.000338,-0.070000,-0.700000,0.350000,-0.052903,-0.064815,-0.023894,2.561,-7.000
19963,0.120239,0.028442,1.026489,0.121064,0.044495,0.992131,1.000480,0.000000,-0.630000,0.420000,0.017097,0.005185,0.046106,2.568,-6.950
20013,0.121338,0.029175,1.024780,0.122173,0.045223,0.990437,0.998968,0.000000,-0.630000,0.350000,0.017097,0.005185,-0.023894,2.614,-7.025
20064,0.120239,0.028931,1.025635,0.121071,0.044981,0.991284,0.999663,0.000000,-0.700000,0.350000,0.017097,-0.064815,-0.023894,2.598,-6.956
20114,0.120728,0.028809,1.026123,0.121554,0.044860,0.991768,1.000196,0.000000,-0.630000,0.420000,0.017097,0.005185,0.046106,2.590,-6.980
20164,0.120117,0.029785,1.025513,0.120950,0.045834,0.991163,0.999567,-0.070000,-0.700000,0.420000,-0.052903,-0.064815,0.046106,2.648,-6.950
20216,0.120728,0.029663,1.026245,0.121552,0.045713,0.991889,1.000354,0.000000,-0.700000,0.350000,0.017097,-0.064815,-0.023894,2.639,-6.979
20266,0.120850,0.028687,1.025757,0.121679,0.044737,0.991405,0.999845,0.000000,-0.630000,0.350000,0.017097,0.005185,-0.023894,2.584,-6.990
20316,0.121338,0.028687,1.026123,0.122162,0.044738,0.991768,1.000264,0.000000,-0.630000,0.350000,0.017097,0.005185,-0.023894,2.583,-7.015
20368,0.121338,0.030151,1.026367,0.122159,0.046201,0.992010,1.000570,0.000000,-0.700000,0.350000,0.017097,-0.064815,-0.023894,2.666,-7.013
20418,0.120972,0.028687,1.026001,0.121798,0.044738,0.991647,1.000100,0.000000,-0.630000,0.420000,0.017097,0.005185,0.046106,2.583,-6.995
20468,0.120972,0.030029,1.025513,0.121802,0.046077,0.991163,0.999681,0.000000,-0.700000,0.420000,0.017097,-0.064815,0.046106,2.662,-6.998
20518,0.120972,0.028931,1.026367,0.121795,0.044982,0.992010,1.000471,0.000000,-0.630000,0.420000,0.017097,0.005185,0.046106,2.596,-6.992
20568,0.121216,0.028687,1.026367,0.122038,0.044738,0.992010,1.000489,-0.070000,-0.630000,0.420000,-0.052903,0.005185,0.046106,2.582,-7.006
20618,0.121460,0.029175,1.026489,0.122280,0.045226,0.992131,1.000661,0.000000,-0.630000,0.350000,0.017097,0.005185,-0.023894,2.610,-7.019
20668,0.120728,0.028687,1.026001,0.121555,0.044738,0.991647,1.000070,0.000000,-0.630000,0.420000,0.017097,0.005185,0.046106,2.583,-6.981
20718,0.121216,0.027588,1.026123,0.122041,0.043641,0.991768,1.000201,-0.070000,-0.700000,0.420000,-0.052903,-0.064815,0.046106,2.520,-7.008
20768,0.120972,0.030518,1.026611,0.121792,0.046567,0.992252,1.000783,-0.070000,-0.630000,0.420000,-0.052903,0.005185,0.046106,2.687,-6.990
20818,0.122070,0.028198,1.025757,0.122895,0.044250,0.991405,0.999972,0.000000,-0.630000,0.420000,0.017097,0.005185,0.046106,2.556,-7.059
20868,0.120850,0.029663,1.026123,0.121675,0.045713,0.991768,1.000249,-0.070000,-0.630000,0.420000,-0.052903,0.005185,0.046106,2.639,-6.987
20918,0.121338,0.028687,1.026611,0.122158,0.044739,0.992252,1.000744,0.070000,-0.700000,0.350000,0.087097,-0.064815,-0.023894,2.582,-7.011
20968,0.120972,0.029419,1.025635,0.121801,0.045468,0.991284,0.999773,-0.070000,-0.630000,0.420000,-0.052903,0.005185,0.046106,2.626,-6.998
21018,0.121704,0.028931,1.026001,0.122528,0.044981,0.991647,1.000200,0.000000,-0.630000,0.350000,0.017097,0.005185,-0.023894,2.597,-7.037
21069,0.120605,0.028320,1.025757,0.121435,0.044372,0.991405,0.999800,0.000000,-0.700000,0.420000,0.017097,-0.064815,0.046106,2.563,-6.976
21119,0.120728,0.029785,1.026978,0.121546,0.045836,0.992615,1.001079,-0.070000,-0.630000,0.420000,-0.052903,0.005185,0.046106,2.644,-6.974
21169,0.120728,0.029785,1.025513,0.121559,0.045834,0.991163,0.999641,0.070000,-0.630000,0.350000,0.087097,0.005185,-0.023894,2.648,-6.985
21220,0.121826,0.028076,1.025513,0.122654,0.044128,0.991163,0.999698,0.000000,-0.630000,0.420000,0.017097,0.005185,0.046106,2.549,-7.047
21270,0.120483,0.029663,1.026855,0.121304,0.045714,0.992494,1.000924,0.000000,-0.630000,0.420000,0.017097,0.005185,0.046106,2.637,-6.961
21320,0.120972,0.029053,1.026245,0.121796,0.045104,0.991889,1.000356,0.000000,-0.630000,0.350000,0.017097,0.005185,-0.023894,2.604,-6.993
21371,0.122314,0.028687,1.025635,0.123139,0.044737,0.991284,0.999904,-0.070000,-0.630000,0.350000,-0.052903,0.005185,-0.023894,2.584,-7.074
21421,0.120361,0.029541,1.026733,0.121183,0.045592,0.992373,1.000784,0.070000,-0.630000,0.350000,0.087097,0.005185,-0.023894,2.630,-6.955
21471,0.121704,0.029297,1.025269,0.122534,0.045346,0.990921,0.999497,-0.070000,-0.630000,0.350000,-0.052903,0.005185,-0.023894,2.620,-7.042
21521,0.120728,0.029663,1.026733,0.121548,0.045714,0.992373,1.000834,0.000000,-0.700000,0.420000,0.017097,-0.064815,0.046106,2.637,-6.976
21571,0.120728,0.028809,1.025269,0.121561,0.044858,0.990921,0.999357,-0.070000,-0.630000,0.420000,-0.052903,0.005185,0.046106,2.592,-6.987
21621,0.122314,0.029053,1.024780,0.123147,0.045101,0.990437,0.999082,0.000000,-0.630000,0.420000,0.017097,0.005185,0.046106,2.607,-7.080
21671,0.119995,0.028442,1.025757,0.120827,0.044494,0.991405,0.999731,-0.070000,-0.630000,0.420000,-0.052903,0.005185,0.046106,2.570,-6.942
21721,0.121094,0.029541,1.025635,0.121923,0.045590,0.991284,0.999794,0.000000,-0.630000,0.420000,0.017097,0.005185,0.046106,2.633,-7.005
21771,0.121338,0.028564,1.025757,0.122165,0.044615,0.991405,0.999899,0.000000,-0.700000,0.420000,0.017097,-0.064815,0.046106,2.577,-7.018
21821,0.120728,0.029541,1.026245,0.121552,0.045591,0.991889,1.000349,-0.070000,-0.630000,0.420000,-0.052903,0.005185,0.046106,2.632,-6.979
21873,0.121582,0.029907,1.025757,0.122408,0.045956,0.991405,0.999990,0.000000,-0.630000,0.350000,0.017097,0.005185,-0.023894,2.654,-7.031
21923,0.121216,0.028931,1.025269,0.122048,0.044980,0.990921,0.999421,0.000000,-0.700000,0.420000,0.017097,-0.064815,0.046106,2.599,-7.014
21973,0.120728,0.029053,1.025391,0.121560,0.045102,0.991042,0.999487,0.000000,-0.630000,0.420000,0.017097,0.005185,0.046106,2.606,-6.986
22023,0.121216,0.028687,1.025024,0.122050,0.044736,0.990679,0.999171,0.000000,-0.630000,0.420000,0.017097,0.005185,0.046106,2.586,-7.016
22073,0.121582,0.028320,1.025269,0.122413,0.044371,0.990921,0.999439,-0.070000,-0.630000,0.420000,-0.052903,0.005185,0.046106,2.564,-7.035
22123,0.120117,0.029053,1.025879,0.120947,0.045103,0.991526,0.999893,0.000000,-0.700000,0.420000,0.017097,-0.064815,0.046106,2.605,-6.948
22173,0.121094,0.028931,1.025635,0.121923,0.044981,0.991284,0.999766,0.000000,-0.630000,0.350000,0.017097,0.005185,-0.023894,2.598,-7.005
22223,0.121460,0.029053,1.024536,0.122297,0.045101,0.990195,0.998738,0.000000,-0.630000,0.420000,0.017097,0.005185,0.046106,2.608,-7.034
22273,0.119995,0.029297,1.025146,0.120832,0.045346,0.990800,0.999170,0.000000,-0.700000,0.350000,0.017097,-0.064815,-0.023894,2.620,-6.946
22323,0.120850,0.029297,1.025513,0.121680,0.045346,0.991163,0.999633,0.000000,-0.630000,0.350000,0.017097,0.005185,-0.023894,2.619,-6.992
22374,0.120728,0.028442,1.025024,0.121563,0.044492,0.990679,0.999101,0.000000,-0.630000,0.350000,0.017097,0.005185,-0.023894,2.571,-6.989
22424,0.120483,0.028687,1.025269,0.121318,0.044737,0.990921,0.999322,0.000000,-0.700000,0.420000,0.017097,-0.064815,0.046106,2.585,-6.973
22474,0.120850,0.028320,1.026123,0.121675,0.044372,0.991768,1.000189,0.000000,-0.630000,0.350000,0.017097,0.005185,-0.023894,2.562,-6.987
22524,0.121216,0.028931,1.024536,0.122054,0.044979,0.990195,0.998702,-0.070000,-0.630000,0.350000,-0.052903,0.005185,-0.023894,2.601,-7.020
22574,0.120972,0.028320,1.025146,0.121806,0.044371,0.990800,0.999245,0.000000,-0.700000,0.350000,0.017097,-0.064815,-0.023894,2.564,-7.002
22624,0.120361,0.029053,1.026855,0.121182,0.045104,0.992494,1.000882,-0.070000,-0.630000,0.420000,-0.052903,0.005185,0.046106,2.602,-6.954
22674,0.121338,0.028931,1.024658,0.122175,0.044979,0.990316,0.998837,0.000000,-0.560000,0.350000,0.017097,0.075185,-0.023894,2.601,-7.026
22725,0.121338,0.028687,1.025391,0.122168,0.044737,0.991042,0.999545,0.000000,-0.630000,0.420000,0.017097,0.005185,0.046106,2.585,-7.020
22775,0.120850,0.029175,1.026001,0.121676,0.045225,0.991647,1.000107,-0.070000,-0.700000,0.420000,-0.052903,-0.064815,0.046106,2.611,-6.988
22825,0.120605,0.029297,1.025269,0.121439,0.045346,0.990921,0.999364,0.000000,-0.560000,0.350000,0.017097,0.075185,-0.023894,2.620,-6.980
22876,0.121338,0.029053,1.025757,0.122165,0.045103,0.991405,0.999921,0.000000,-0.630000,0.420000,0.017097,0.005185,0.046106,2.605,-7.018
22926,0.120850,0.029419,1.025269,0.121683,0.045468,0.990921,0.999399,0.000000,-0.630000,0.350000,0.017097,0.005185,-0.023894,2.627,-6.993
22976,0.120850,0.027588,1.025024,0.121685,0.043639,0.990679,0.999078,-0.070000,-0.630000,0.420000,-0.052903,0.005185,0.046106,2.522,-6.996
23026,0.120605,0.028931,1.025513,0.121437,0.044981,0.991163,0.999587,-0.070000,-0.630000,0.420000,-0.052903,0.005185,0.046106,2.598,-6.978
23076,0.120605,0.028320,1.024902,0.121443,0.044370,0.990558,0.998960,-0.070000,-0.630000,0.350000,-0.052903,0.005185,-0.023894,2.565,-6.983
23126,0.119751,0.029419,1.025269,0.120588,0.045468,0.990921,0.999266,0.000000,-0.700000,0.350000,0.017097,-0.064815,-0.023894,2.627,-6.931
23176,0.120483,0.028809,1.025513,0.121316,0.044859,0.991163,0.999567,0.000000,-0.630000,0.350000,0.017097,0.005185,-0.023894,2.591,-6.971
23226,0.121582,0.029419,1.025024,0.122415,0.045467,0.990679,0.999248,-0.070000,-0.630000,0.420000,-0.052903,0.005185,0.046106,2.628,-7.037
23276,0.120850,0.029175,1.024780,0.121687,0.045223,0.990437,0.998908,0.000000,-0.630000,0.350000,0.017097,0.005185,-0.023894,2.614,-6.997
23326,0.120605,0.027954,1.025024,0.121442,0.044005,0.990679,0.999064,0.000000,-0.700000,0.420000,0.017097,-0.064815,0.046106,2.543,-6.982
23376,0.121338,0.029419,1.025024,0.122171,0.045467,0.990679,0.999219,-0.070000,-0.630000,0.420000,-0.052903,0.005185,0.046106,2.628,-7.023
23426,0.121216,0.029785,1.024170,0.122057,0.045832,0.989832,0.998381,0.070000,-0.700000,0.420000,0.087097,-0.064815,0.046106,2.651,-7.022
23476,0.119995,0.029175,1.025024,0.120833,0.045224,0.990679,0.999045,-0.070000,-0.630000,0.350000,-0.052903,0.005185,-0.023894,2.614,-6.947
23526,0.120361,0.029419,1.023804,0.121209,0.045466,0.989469,0.997901,0.000000,-0.630000,0.420000,0.017097,0.005185,0.046106,2.631,-6.977
23576,0.120850,0.028564,1.024658,0.121688,0.044614,0.990316,0.998761,0.000000,-0.630000,0.350000,0.017097,0.005185,-0.023894,2.579,-6.998
23626,0.119751,0.029663,1.024658,0.120593,0.045711,0.990316,0.998678,0.000000,-0.630000,0.350000,0.017097,0.005185,-0.023894,2.643,-6.936
23676,0.120850,0.028931,1.024658,0.121688,0.044979,0.990316,0.998778,0.000000,-0.630000,0.350000,0.017097,0.005185,-0.023894,2.601,-6.998
23726,0.121216,0.028564,1.024780,0.122052,0.044614,0.990437,0.998926,0.000000,-0.700000,0.350000,0.017097,-0.064815,-0.023894,2.579,-7.018
23776,0.120361,0.028931,1.025269,0.121196,0.044980,0.990921,0.999318,0.000000,-0.700000,0.350000,0.017097,-0.064815,-0.023894,2.599,-6.966
23826,0.120483,0.029175,1.024536,0.121324,0.045223,0.990195,0.998624,-0.070000,-0.630000,0.350000,-0.052903,0.005185,-0.023894,2.615,-6.978
23876,0.120361,0.029297,1.024170,0.121206,0.045344,0.989832,0.998255,-0.070000,-0.700000,0.420000,-0.052903,-0.064815,0.046106,2.623,-6.974
23926,0.120361,0.029785,1.024536,0.121202,0.045832,0.990195,0.998637,0.000000,-0.630000,0.420000,0.017097,0.005185,0.046106,2.650,-6.971
23976,0.120850,0.029053,1.024170,0.121692,0.045101,0.989832,0.998304,0.000000,-0.630000,0.350000,0.017097,0.005185,-0.023894,2.609,-7.002
24026,0.120239,0.029297,1.024536,0.121081,0.045345,0.990195,0.998600,-0.070000,-0.700000,0.420000,-0.052903,-0.064815,0.046106,2.622,-6.964
24076,0.119995,0.028931,1.025269,0.120831,0.044980,0.990921,0.999274,0.000000,-0.700000,0.350000,0.017097,-0.064815,-0.023894,2.599,-6.945
24126,0.121338,0.028442,1.024292,0.122178,0.044491,0.989953,0.998456,0.000000,-0.630000,0.420000,0.017097,0.005185,0.046106,2.573,-7.029
24176,0.120361,0.030640,1.023315,0.121213,0.046684,0.988985,0.997478,0.000000,-0.630000,0.420000,0.017097,0.005185,0.046106,2.703,-6.980
24226,0.120850,0.027710,1.025269,0.121683,0.043762,0.990921,0.999323,0.000000,-0.700000,0.350000,0.017097,-0.064815,-0.023894,2.529,-6.994
24277,0.119751,0.028564,1.025146,0.120589,0.044614,0.990800,0.999108,-0.140000,-0.630000,0.420000,-0.122903,0.005185,0.046106,2.578,-6.932
24327,0.122070,0.030518,1.024414,0.122906,0.046563,0.990074,0.998759,0.070000,-0.630000,0.420000,0.087097,0.005185,0.046106,2.693,-7.069
24377,0.120972,0.028320,1.025024,0.121807,0.044371,0.990679,0.999125,0.000000,-0.700000,0.420000,0.017097,-0.064815,0.046106,2.564,-7.003
24428,0.120972,0.030151,1.025024,0.121806,0.046199,0.990679,0.999208,-0.070000,-0.700000,0.420000,-0.052903,-0.064815,0.046106,2.670,-7.002
24478,0.120361,0.028564,1.024658,0.121202,0.044614,0.990316,0.998702,0.000000,-0.630000,0.350000,0.017097,0.005185,-0.023894,2.579,-6.971
24528,0.121338,0.029175,1.023193,0.122187,0.045221,0.988864,0.997410,0.000000,-0.630000,0.420000,0.017097,0.005185,0.046106,2.618,-7.037
24578,0.120972,0.029053,1.024414,0.121812,0.045101,0.990074,0.998558,0.070000,-0.630000,0.420000,0.087097,0.005185,0.046106,2.608,-7.007
24628,0.121094,0.028442,1.024536,0.121933,0.044492,0.990195,0.998666,-0.070000,-0.630000,0.350000,-0.052903,0.005185,-0.023894,2.573,-7.013
24678,0.120850,0.030151,1.024048,0.121693,0.046197,0.989711,0.998234,0.000000,-0.630000,0.350000,0.017097,0.005185,-0.023894,2.672,-7.002
24728,0.120483,0.028076,1.023926,0.121330,0.044125,0.989590,0.997976,0.000000,-0.700000,0.420000,0.017097,-0.064815,0.046106,2.553,-6.983
24778,0.120117,0.029785,1.025391,0.120952,0.045834,0.991042,0.999447,-0.070000,-0.700000,0.420000,-0.052903,-0.064815,0.046106,2.648,-6.951
24828,0.121094,0.028687,1.024048,0.121937,0.044735,0.989711,0.998197,0.000000,-0.630000,0.350000,0.017097,0.005185,-0.023894,2.588,-7.017
24878,0.119873,0.029297,1.024902,0.120713,0.045345,0.990558,0.998916,-0.070000,-0.630000,0.420000,-0.052903,0.005185,0.046106,2.621,-6.941
24928,0.120728,0.029053,1.025024,0.121563,0.045102,0.990679,0.999128,0.000000,-0.630000,0.420000,0.017097,0.005185,0.046106,2.607,-6.988
24978,0.121460,0.028442,1.024414,0.122299,0.044492,0.990074,0.998590,0.000000,-0.700000,0.350000,0.017097,-0.064815,-0.023894,2.573,-7.035
25028,0.120728,0.029297,1.024536,0.121567,0.045345,0.990195,0.998659,0.000000,-0.630000,0.350000,0.017097,0.005185,-0.023894,2.622,-6.992
25078,0.121094,0.028564,1.024536,0.121932,0.044614,0.990195,0.998671,-0.070000,-0.630000,0.420000,-0.052903,0.005185,0.046106,2.580,-7.013
25128,0.121216,0.028198,1.023926,0.122060,0.044247,0.989590,0.998070,0.000000,-0.700000,0.350000,0.017097,-0.064815,-0.023894,2.560,-7.025
25178,0.120728,0.029175,1.024658,0.121566,0.045223,0.990316,0.998774,-0.070000,-0.700000,0.420000,-0.052903,-0.064815,0.046106,2.615,-6.991
25228,0.120483,0.028442,1.023560,0.121333,0.044490,0.989227,0.997633,-0.070000,-0.630000,0.350000,-0.052903,0.005185,-0.023894,2.575,-6.986
25279,0.120728,0.028809,1.024292,0.121570,0.044857,0.989953,0.998398,0.000000,-0.630000,0.420000,0.017097,0.005185,0.046106,2.594,-6.994
25329,0.120361,0.029297,1.024902,0.121199,0.045345,0.990558,0.998975,0.000000,-0.700000,0.420000,0.017097,-0.064815,0.046106,2.621,-6.968
25379,0.121094,0.028320,1.024048,0.121937,0.044369,0.989711,0.998181,0.000000,-0.630000,0.350000,0.017097,0.005185,-0.023894,2.567,-7.017
25431,0.120483,0.028442,1.023804,0.121331,0.044491,0.989469,0.997872,0.000000,-0.700000,0.350000,0.017097,-0.064815,-0.023894,2.575,-6.984
25481,0.119263,0.030762,1.025024,0.120103,0.046808,0.990679,0.999030,-0.070000,-0.700000,0.420000,-0.052903,-0.064815,0.046106,2.705,-6.905
25531,0.120728,0.027710,1.023682,0.121575,0.043759,0.989348,0.997750,0.070000,-0.630000,0.420000,0.087097,0.005185,0.046106,2.533,-6.999
25583,0.121582,0.027954,1.024658,0.122418,0.044004,0.990316,0.998823,-0.070000,-0.630000,0.420000,-0.052903,0.005185,0.046106,2.544,-7.040
25633,0.119995,0.030884,1.024292,0.120839,0.046929,0.989953,0.998404,0.000000,-0.700000,0.420000,0.017097,-0.064815,0.046106,2.714,-6.952
25683,0.121582,0.027954,1.024170,0.122422,0.044004,0.989832,0.998344,0.000000,-0.630000,0.420000,0.017097,0.005185,0.046106,2.545,-7.044
25734,0.121826,0.029419,1.023926,0.122667,0.045466,0.989590,0.998200,-0.070000,-0.630000,0.350000,-0.052903,0.005185,-0.023894,2.631,-7.059
25784,0.121704,0.028320,1.024048,0.122545,0.044369,0.989711,0.998255,0.070000,-0.700000,0.350000,0.087097,-0.064815,-0.023894,2.567,-7.051
25834,0.121094,0.029663,1.024780,0.121930,0.045711,0.990437,0.998960,-0.070000,-0.630000,0.420000,-0.052903,0.005185,0.046106,2.642,-7.011
25885,0.121094,0.029663,1.023438,0.121942,0.045709,0.989106,0.997642,0.000000,-0.630000,0.420000,0.017097,0.005185,0.046106,2.646,-7.021
25935,0.121460,0.027588,1.023560,0.122306,0.043637,0.989227,0.997714,-0.070000,-0.700000,0.350000,-0.052903,-0.064815,-0.023894,2.526,-7.041
25985,0.120850,0.030396,1.024658,0.121688,0.046442,0.990316,0.998845,-0.070000,-0.700000,0.420000,-0.052903,-0.064815,0.046106,2.685,-6.998
26037,0.120605,0.028687,1.023560,0.121454,0.044734,0.989227,0.997658,0.000000,-0.630000,0.350000,0.017097,0.005185,-0.023894,2.589,-6.993
26087,0.120117,0.028809,1.024414,0.120960,0.044857,0.990074,0.998444,-0.070000,-0.700000,0.420000,-0.052903,-0.064815,0.046106,2.594,-6.958
26137,0.120850,0.029297,1.024292,0.121691,0.045344,0.989953,0.998435,0.070000,-0.630000,0.350000,0.087097,0.005185,-0.023894,2.623,-7.001
26187,0.121094,0.028198,1.024170,0.121936,0.044247,0.989832,0.998295,0.000000,-0.630000,0.350000,0.017097,0.005185,-0.023894,2.560,-7.016
26237,0.120239,0.029175,1.025146,0.121075,0.045224,0.990800,0.999194,-0.070000,-0.630000,0.420000,-0.052903,0.005185,0.046106,2.613,-6.960
26287,0.120850,0.029053,1.025269,0.121683,0.045102,0.990921,0.999382,0.000000,-0.630000,0.350000,0.017097,0.005185,-0.023894,2.606,-6.994
26338,0.121704,0.028442,1.024414,0.122542,0.044492,0.990074,0.998620,-0.070000,-0.630000,0.350000,-0.052903,0.005185,-0.023894,2.573,-7.049
26388,0.121582,0.029541,1.025024,0.122415,0.045589,0.990679,0.999254,0.000000,-0.700000,0.420000,0.017097,-0.064815,0.046106,2.635,-7.037
26438,0.120605,0.028198,1.025513,0.121437,0.044249,0.991163,0.999554,0.000000,-0.630000,0.350000,0.017097,0.005185,-0.023894,2.556,-6.978
26488,0.120239,0.029785,1.024658,0.121080,0.045832,0.990316,0.998742,-0.070000,-0.630000,0.350000,-0.052903,0.005185,-0.023894,2.650,-6.963
26538,0.121704,0.028442,1.024780,0.122539,0.044492,0.990437,0.998980,0.070000,-0.630000,0.420000,0.087097,0.005185,0.046106,2.572,-7.046
26588,0.120850,0.028320,1.025879,0.121678,0.044372,0.991526,0.999949,-0.070000,-0.630000,0.350000,-0.052903,0.005185,-0.023894,2.562,-6.989
26638,0.120239,0.030396,1.025024,0.121076,0.046442,0.990679,0.999130,0.000000,-0.560000,0.350000,0.017097,0.075185,-0.023894,2.684,-6.960
26688,0.122192,0.027710,1.024658,0.123026,0.043761,0.990316,0.998887,0.070000,-0.630000,0.350000,0.087097,0.005185,-0.023894,2.530,-7.075
26738,0.119873,0.028809,1.025513,0.120707,0.044859,0.991163,0.999493,-0.070000,-0.700000,0.420000,-0.052903,-0.064815,0.046106,2.591,-6.936
26788,0.120239,0.029297,1.025513,0.121072,0.045346,0.991163,0.999559,0.070000,-0.630000,0.350000,0.087097,0.005185,-0.023894,2.619,-6.957
26838,0.121338,0.027222,1.024902,0.122173,0.043274,0.990558,0.999001,-0.140000,-0.630000,0.420000,-0.122903,0.005185,0.046106,2.501,-7.025
26889,0.120483,0.030396,1.025024,0.121319,0.046442,0.990679,0.999160,0.000000,-0.700000,0.420000,0.017097,-0.064815,0.046106,2.684,-6.974
26939,0.121216,0.028564,1.025513,0.122046,0.044615,0.991163,0.999645,0.000000,-0.630000,0.350000,0.017097,0.005185,-0.023894,2.577,-7.013
26989,0.121094,0.030151,1.024780,0.121930,0.046198,0.990437,0.998983,-0.070000,-0.630000,0.420000,-0.052903,0.005185,0.046106,2.671,-7.011
27039,0.119751,0.028320,1.025757,0.120584,0.044372,0.991405,0.999696,0.070000,-0.630000,0.350000,0.087097,0.005185,-0.023894,2.563,-6.928
27089,0.120483,0.028442,1.025513,0.121316,0.044493,0.991163,0.999550,-0.070000,-0.630000,0.350000,-0.052903,0.005185,-0.023894,2.570,-6.971
27139,0.121460,0.030029,1.024414,0.122298,0.046076,0.990074,0.998662,0.000000,-0.700000,0.420000,0.017097,-0.064815,0.046106,2.664,-7.034
27190,0.120483,0.028931,1.025635,0.121315,0.044981,0.991284,0.999692,0.000000,-0.700000,0.350000,0.017097,-0.064815,-0.023894,2.598,-6.970
27240,0.120728,0.029175,1.025513,0.121559,0.045224,0.991163,0.999613,-0.070000,-0.630000,0.420000,-0.052903,0.005185,0.046106,2.612,-6.985
27290,0.121094,0.029297,1.024658,0.121931,0.045345,0.990316,0.998824,0.000000,-0.630000,0.350000,0.017097,0.005185,-0.023894,2.622,-7.012
27340,0.120483,0.028809,1.025879,0.121312,0.044859,0.991526,0.999926,-0.070000,-0.630000,0.420000,-0.052903,0.005185,0.046106,2.590,-6.968
27390,0.120483,0.029297,1.025757,0.121313,0.045347,0.991405,0.999829,0.000000,-0.630000,0.350000,0.017097,0.005185,-0.023894,2.619,-6.969
27440,0.121094,0.027710,1.025269,0.121926,0.043762,0.990921,0.999353,0.000000,-0.700000,0.420000,0.017097,-0.064815,0.046106,2.529,-7.008
27490,0.120239,0.030273,1.025391,0.121073,0.046321,0.991042,0.999484,-0.070000,-0.630000,0.420000,-0.052903,0.005185,0.046106,2.676,-6.958
27540,0.120972,0.028442,1.024292,0.121813,0.044491,0.989953,0.998411,0.070000,-0.630000,0.350000,0.087097,0.005185,-0.023894,2.573,-7.008
27590,0.121460,0.029907,1.025513,0.122288,0.045956,0.991163,0.999735,-0.070000,-0.700000,0.420000,-0.052903,-0.064815,0.046106,2.655,-7.026
27640,0.120605,0.028931,1.026123,0.121432,0.044982,0.991768,1.000186,0.000000,-0.630000,0.350000,0.017097,0.005185,-0.023894,2.597,-6.973
27690,0.122437,0.028198,1.024902,0.123268,0.044249,0.990558,0.999179,-0.070000,-0.630000,0.420000,-0.052903,0.005185,0.046106,2.558,-7.087
27740,0.120239,0.029419,1.025513,0.121072,0.045468,0.991163,0.999565,0.000000,-0.700000,0.350000,0.017097,-0.064815,-0.023894,2.627,-6.957
27790,0.120361,0.028320,1.026978,0.121181,0.044373,0.992615,1.000969,0.000000,-0.630000,0.350000,0.017097,0.005185,-0.023894,2.560,-6.954
27840,0.121216,0.028687,1.025513,0.122046,0.044737,0.991163,0.999650,-0.140000,-0.630000,0.420000,-0.122903,0.005185,0.046106,2.584,-7.013
27892,0.122803,0.029907,1.025513,0.123627,0.045956,0.991163,0.999900,0.070000,-0.630000,0.350000,0.087097,0.005185,-0.023894,2.655,-7.102
27942,0.120972,0.028687,1.026611,0.121793,0.044739,0.992252,1.000699,-0.070000,-0.630000,0.420000,-0.052903,0.005185,0.046106,2.582,-6.991
27992,0.121094,0.029541,1.025146,0.121927,0.045589,0.990800,0.999314,0.000000,-0.630000,0.350000,0.017097,0.005185,-0.023894,2.634,-7.008
28043,0.121094,0.028198,1.025024,0.121928,0.044249,0.990679,0.999134,0.000000,-0.630000,0.350000,0.017097,0.005185,-0.023894,2.557,-7.010
28093,0.120483,0.029907,1.025757,0.121313,0.045956,0.991405,0.999856,-0.070000,-0.630000,0.420000,-0.052903,0.005185,0.046106,2.654,-6.969
28143,0.121216,0.029541,1.025146,0.122049,0.045589,0.990800,0.999329,0.000000,-0.630000,0.350000,0.017097,0.005185,-0.023894,2.634,-7.015
28193,0.120850,0.029175,1.025269,0.121683,0.045224,0.990921,0.999388,-0.070000,-0.630000,0.420000,-0.052903,0.005185,0.046106,2.613,-6.994
28243,0.120239,0.029907,1.025879,0.121069,0.045956,0.991526,0.999947,0.000000,-0.700000,0.420000,0.017097,-0.064815,0.046106,2.654,-6.954
28293,0.120972,0.028809,1.025391,0.121803,0.044859,0.991042,0.999506,0.000000,-0.630000,0.350000,0.017097,0.005185,-0.023894,2.592,-7.000
28343,0.121460,0.029419,1.025391,0.122290,0.045468,0.991042,0.999593,-0.070000,-0.630000,0.420000,-0.052903,0.005185,0.046106,2.627,-7.027
28393,0.120728,0.029907,1.024536,0.121567,0.045954,0.990195,0.998687,0.070000,-0.630000,0.350000,0.087097,0.005185,-0.023894,2.657,-6.992
28443,0.120972,0.027832,1.025635,0.121801,0.043884,0.991284,0.999703,-0.070000,-0.630000,0.420000,-0.052903,0.005185,0.046106,2.535,-6.998
28493,0.120850,0.030029,1.026001,0.121676,0.046078,0.991647,1.000146,0.000000,-0.560000,0.350000,0.017097,0.075185,-0.023894,2.660,-6.988
28544,0.120972,0.026855,1.025635,0.121802,0.042909,0.991284,0.999660,0.000000,-0.630000,0.350000,0.017097,0.005185,-0.023894,2.479,-6.998
28594,0.121338,0.028931,1.026123,0.122162,0.044982,0.991768,1.000275,-0.070000,-0.700000,0.420000,-0.052903,-0.064815,0.046106,2.597,-7.015
28644,0.119873,0.028931,1.026123,0.120702,0.044982,0.991768,1.000098,0.070000,-0.630000,0.350000,0.087097,0.005185,-0.023894,2.597,-6.932
28694,0.121094,0.028442,1.025269,0.121926,0.044493,0.990921,0.999385,-0.140000,-0.560000,0.420000,-0.122903,0.075185,0.046106,2.571,-7.008
28744,0.119995,0.030029,1.025391,0.120830,0.046077,0.991042,0.999443,0.000000,-0.630000,0.420000,0.017097,0.005185,0.046106,2.662,-6.944
28794,0.120850,0.027588,1.026367,0.121674,0.043641,0.992010,1.000396,0.000000,-0.700000,0.350000,0.017097,-0.064815,-0.023894,2.519,-6.986
28844,0.121460,0.029907,1.025879,0.122285,0.045956,0.991526,1.000095,-0.070000,-0.630000,0.420000,-0.052903,0.005185,0.046106,2.654,-7.023
28894,0.121704,0.027832,1.025879,0.122529,0.043884,0.991526,1.000031,0.000000,-0.630000,0.350000,0.017097,0.005185,-0.023894,2.534,-7.038
28944,0.120483,0.028320,1.026489,0.121307,0.044373,0.992131,1.000504,-0.070000,-0.630000,0.420000,-0.052903,0.005185,0.046106,2.561,-6.964
28994,0.120361,0.029541,1.026489,0.121185,0.045591,0.992131,1.000544,0.000000,-0.630000,0.420000,0.017097,0.005185,0.046106,2.631,-6.957
29045,0.120972,0.027954,1.025391,0.121804,0.044005,0.991042,0.999468,0.000000,-0.630000,0.420000,0.017097,0.005185,0.046106,2.542,-7.000
29095,0.120850,0.029663,1.026611,0.121671,0.045713,0.992252,1.000728,-0.070000,-0.700000,0.420000,-0.052903,-0.064815,0.046106,2.638,-6.983
29145,0.121338,0.028320,1.026611,0.122158,0.044373,0.992252,1.000727,0.070000,-0.630000,0.350000,0.087097,0.005185,-0.023894,2.561,-7.012
29195,0.121582,0.029419,1.026245,0.122404,0.045469,0.991889,1.000447,-0.070000,-0.630000,0.420000,-0.052903,0.005185,0.046106,2.625,-7.028
29245,0.121216,0.029419,1.026978,0.122033,0.045470,0.992615,1.001121,0.000000,-0.630000,0.350000,0.017097,0.005185,-0.023894,2.623,-7.002
29295,0.121094,0.028198,1.026245,0.121918,0.044250,0.991889,1.000333,0.000000,-0.630000,0.350000,0.017097,0.005185,-0.023894,2.554,-7.000
29345,0.121216,0.030518,1.026855,0.122033,0.046567,0.992494,1.001052,-0.070000,-0.630000,0.420000,-0.052903,0.005185,0.046106,2.686,-7.002
29397,0.121216,0.028809,1.026489,0.122037,0.044860,0.992131,1.000615,0.000000,-0.630000,0.350000,0.017097,0.005185,-0.023894,2.589,-7.005
29447,0.120483,0.029175,1.026367,0.121308,0.045226,0.992010,1.000422,-0.070000,-0.630000,0.420000,-0.052903,0.005185,0.046106,2.610,-6.965
29497,0.120239,0.029175,1.026978,0.121059,0.045227,0.992615,1.000992,0.000000,-0.630000,0.350000,0.017097,0.005185,-0.023894,2.609,-6.946
29547,0.119385,0.028076,1.026611,0.120212,0.044129,0.992252,1.000481,0.000000,-0.630000,0.350000,0.017097,0.005185,-0.023894,2.546,-6.901
29597,0.120728,0.029907,1.026123,0.121553,0.045957,0.991768,1.000245,-0.070000,-0.560000,0.420000,-0.052903,0.075185,0.046106,2.653,-6.980
29647,0.120972,0.027954,1.025513,0.121803,0.044006,0.991163,0.999588,0.070000,-0.700000,0.420000,0.087097,-0.064815,0.046106,2.542,-6.999
29698,0.120972,0.029053,1.028076,0.121780,0.045106,0.993704,1.002154,-0.070000,-0.630000,0.420000,-0.052903,0.005185,0.046106,2.599,-6.980
29748,0.121460,0.029419,1.026733,0.122278,0.045470,0.992373,1.000911,0.070000,-0.560000,0.350000,0.087097,0.075185,-0.023894,2.623,-7.017
29798,0.121216,0.028442,1.025269,0.122048,0.044493,0.990921,0.999400,0.000000,-0.630000,0.420000,0.017097,0.005185,0.046106,2.571,-7.015
29848,0.119873,0.030518,1.027832,0.120687,0.046568,0.993462,1.001849,0.000000,-0.630000,0.350000,0.017097,0.005185,-0.023894,2.684,-6.919
29899,0.120605,0.027466,1.027100,0.121424,0.043521,0.992736,1.001081,0.000000,-0.630000,0.350000,0.017097,0.005185,-0.023894,2.510,-6.967
29949,0.121582,0.029175,1.026489,0.122402,0.045226,0.992131,1.000676,-0.070000,-0.700000,0.420000,-0.052903,-0.064815,0.046106,2.610,-7.026
29999,0.120483,0.029175,1.026978,0.121303,0.045227,0.992615,1.001022,0.070000,-0.630000,0.350000,0.087097,0.005185,-0.023894,2.609,-6.960
30050,0.121094,0.027832,1.026611,0.121915,0.043885,0.992252,1.000676,0.000000,-0.630000,0.420000,0.017097,0.005185,0.046106,2.532,-6.998
30100,0.120605,0.029663,1.026001,0.121433,0.045713,0.991647,1.000100,0.000000,-0.630000,0.420000,0.017097,0.005185,0.046106,2.639,-6.974
30150,0.121216,0.027710,1.026611,0.122036,0.043764,0.992252,1.000686,0.000000,-0.700000,0.350000,0.017097,-0.064815,-0.023894,2.525,-7.005
30200,0.121094,0.030518,1.027588,0.121905,0.046568,0.993220,1.001756,-0.070000,-0.700000,0.420000,-0.052903,-0.064815,0.046106,2.684,-6.990
30250,0.120239,0.030640,1.026855,0.121060,0.046689,0.992494,1.000939,0.000000,-0.630000,0.350000,0.017097,0.005185,-0.023894,2.693,-6.947
30300,0.122070,0.028442,1.026611,0.122888,0.044495,0.992252,1.000822,-0.070000,-0.700000,0.420000,-0.052903,-0.064815,0.046106,2.568,-7.053
30350,0.120361,0.029419,1.027344,0.121178,0.045471,0.992978,1.001378,0.000000,-0.700000,0.350000,0.017097,-0.064815,-0.023894,2.622,-6.950
30400,0.119995,0.029175,1.027588,0.120811,0.045227,0.993220,1.001562,0.000000,-0.630000,0.350000,0.017097,0.005185,-0.023894,2.607,-6.928
30450,0.121216,0.029175,1.026733,0.122035,0.045226,0.992373,1.000871,-0.070000,-0.630000,0.420000,-0.052903,0.005185,0.046106,2.609,-7.003
30500,0.121338,0.028809,1.026733,0.122157,0.044861,0.992373,1.000869,0.000000,-0.630000,0.420000,0.017097,0.005185,0.046106,2.588,-7.010
30551,0.120361,0.029053,1.027100,0.121180,0.045105,0.992736,1.001121,0.000000,-0.630000,0.350000,0.017097,0.005185,-0.023894,2.601,-6.952
30601,0.121338,0.029297,1.026611,0.122157,0.045348,0.992252,1.000771,0.000000,-0.630000,0.420000,0.017097,0.005185,0.046106,2.617,-7.011
30651,0.121948,0.029175,1.026733,0.122765,0.045226,0.992373,1.000960,0.000000,-0.630000,0.420000,0.017097,0.005185,0.046106,2.609,-7.045
30701,0.121216,0.029663,1.026489,0.122037,0.045713,0.992131,1.000653,0.000000,-0.630000,0.350000,0.017097,0.005185,-0.023894,2.638,-7.005
30751,0.121216,0.027588,1.026489,0.122037,0.043641,0.992131,1.000561,0.000000,-0.630000,0.350000,0.017097,0.005185,-0.023894,2.519,-7.006
30801,0.120850,0.029785,1.027832,0.121660,0.045837,0.993462,1.001933,-0.070000,-0.630000,0.420000,-0.052903,0.005185,0.046106,2.642,-6.974
30851,0.121094,0.028198,1.025757,0.121922,0.044250,0.991405,0.999853,0.000000,-0.630000,0.350000,0.017097,0.005185,-0.023894,2.556,-7.004
30901,0.121460,0.028442,1.026611,0.122279,0.044495,0.992252,1.000748,0.000000,-0.630000,0.420000,0.017097,0.005185,0.046106,2.568,-7.018
30951,0.120117,0.029297,1.027954,0.120929,0.045350,0.993583,1.001942,0.000000,-0.700000,0.420000,0.017097,-0.064815,0.046106,2.613,-6.932
31001,0.120850,0.028564,1.026367,0.121673,0.044616,0.992010,1.000439,0.000000,-0.630000,0.350000,0.017097,0.005185,-0.023894,2.575,-6.986
31052,0.120850,0.029419,1.026855,0.121669,0.045470,0.992494,1.000957,-0.070000,-0.700000,0.420000,-0.052903,-0.064815,0.046106,2.623,-6.982
31102,0.120605,0.029541,1.027954,0.121416,0.045594,0.993583,1.002012,0.000000,-0.630000,0.350000,0.017097,0.005185,-0.023894,2.627,-6.960
31152,0.121948,0.029175,1.026001,0.122771,0.045225,0.991647,1.000241,0.000000,-0.630000,0.420000,0.017097,0.005185,0.046106,2.611,-7.050
31203,0.120728,0.029053,1.027588,0.121541,0.045106,0.993220,1.001645,0.000000,-0.700000,0.420000,0.017097,-0.064815,0.046106,2.600,-6.970
31253,0.121094,0.028442,1.027222,0.121909,0.044496,0.992857,1.001302,0.000000,-0.630000,0.350000,0.017097,0.005185,-0.023894,2.566,-6.993
31303,0.121094,0.029663,1.026001,0.121919,0.045713,0.991647,1.000159,0.000000,-0.630000,0.350000,0.017097,0.005185,-0.023894,2.639,-7.002
31353,0.121216,0.028931,1.026245,0.122039,0.044982,0.991889,1.000380,0.000000,-0.630000,0.350000,0.017097,0.005185,-0.023894,2.597,-7.007
31403,0.119995,0.028687,1.027100,0.120815,0.044739,0.992736,1.001061,0.000000,-0.700000,0.350000,0.017097,-0.064815,-0.023894,2.580,-6.932
31453,0.121216,0.029175,1.026978,0.122033,0.045227,0.992615,1.001110,0.000000,-0.630000,0.420000,0.017097,0.005185,0.046106,2.609,-7.002
31503,0.121704,0.028687,1.026367,0.122525,0.044738,0.992010,1.000549,0.000000,-0.700000,0.350000,0.017097,-0.064815,-0.023894,2.582,-7.034
31555,0.120117,0.029419,1.026855,0.120939,0.045470,0.992494,1.000869,-0.070000,-0.700000,0.420000,-0.052903,-0.064815,0.046106,2.623,-6.940
31605,0.120361,0.030151,1.026367,0.121186,0.046201,0.992010,1.000452,0.000000,-0.560000,0.420000,0.017097,0.075185,0.046106,2.666,-6.957
31655,0.121460,0.029053,1.025757,0.122287,0.045103,0.991405,0.999936,0.000000,-0.630000,0.420000,0.017097,0.005185,0.046106,2.605,-7.025
31706,0.121094,0.029663,1.026245,0.121917,0.045713,0.991889,1.000399,-0.070000,-0.630000,0.350000,-0.052903,0.005185,-0.023894,2.639,-7.000
31756,0.120728,0.029907,1.027954,0.121537,0.045959,0.993583,1.002043,0.000000,-0.700000,0.420000,0.017097,-0.064815,0.046106,2.648,-6.967
31806,0.121094,0.029297,1.026367,0.121916,0.045348,0.992010,1.000502,0.000000,-0.630000,0.420000,0.017097,0.005185,0.046106,2.617,-6.999
31856,0.121094,0.029907,1.026733,0.121913,0.045957,0.992373,1.000889,-0.070000,-0.700000,0.420000,-0.052903,-0.064815,0.046106,2.652,-6.996
31906,0.119873,0.029419,1.026978,0.120694,0.045470,0.992615,1.000959,0.000000,-0.630000,0.420000,0.017097,0.005185,0.046106,2.623,-6.926
31956,0.121582,0.028687,1.026978,0.122398,0.044739,0.992615,1.001133,0.000000,-0.630000,0.420000,0.017097,0.005185,0.046106,2.581,-7.023
32006,0.121460,0.030151,1.026123,0.122283,0.046200,0.991768,1.000346,0.000000,-0.630000,0.420000,0.017097,0.005185,0.046106,2.667,-7.021
32056,0.121948,0.029053,1.026367,0.122768,0.045104,0.992010,1.000595,0.000000,-0.630000,0.420000,0.017097,0.005185,0.046106,2.603,-7.048
32106,0.120117,0.029297,1.027100,0.120937,0.045349,0.992736,1.001103,-0.070000,-0.700000,0.350000,-0.052903,-0.064815,-0.023894,2.615,-6.938
32156,0.120972,0.030029,1.026978,0.121789,0.046080,0.992615,1.001120,0.070000,-0.630000,0.350000,0.087097,0.005185,-0.023894,2.658,-6.988
32206,0.121460,0.028687,1.025024,0.122293,0.044736,0.990679,0.999201,0.000000,-0.630000,0.350000,0.017097,0.005185,-0.023894,2.586,-7.030
32256,0.121216,0.029419,1.026245,0.122039,0.045469,0.991889,1.000402,-0.070000,-0.700000,0.420000,-0.052903,-0.064815,0.046106,2.625,-7.007
32306,0.119507,0.029785,1.026123,0.120337,0.045835,0.991768,1.000093,0.000000,-0.630000,0.350000,0.017097,0.005185,-0.023894,2.646,-6.911
32356,0.12234,0.029175,1.025391,0.123141,0.045224,0.991042,0.999687,-0.070000,-0.630000,0.350000,-0.052903,0.005185,-0.023894,2.613,-7.076
32410,0.121216,0.029541,1.025513,0.122045,0.045590,0.991163,0.999689,-0.070000,-0.700000,0.350000,-0.052903,-0.064815,-0.023894,2.634,-7.012
32460,0.120361,0.028564,1.026489,0.121186,0.044616,0.992131,1.000500,0.000000,-0.630000,0.350000,0.017097,0.005185,-0.023894,2.575,-6.957
32510,0.120850,0.029297,1.026123,0.121675,0.045347,0.991768,1.000232,-0.070000,-0.630000,0.420000,-0.052903,0.005185,0.046106,2.618,-6.987
32560,0.121460,0.030273,1.024170,0.122300,0.046319,0.989832,0.998434,0.000000,-0.630000,0.350000,0.017097,0.005185,-0.023894,2.679,-7.036
32610,0.120239,0.028564,1.024780,0.121079,0.044614,0.990437,0.998807,0.000000,-0.630000,0.350000,0.017097,0.005185,-0.023894,2.579,-6.963
32662,0.120361,0.030151,1.025879,0.121190,0.046200,0.991526,0.999973,-0.070000,-0.700000,0.420000,-0.052903,-0.064815,0.046106,2.668,-6.961
32712,0.121582,0.029053,1.024536,0.122419,0.045101,0.990195,0.998752,0.000000,-0.630000,0.350000,0.017097,0.005185,-0.023894,2.608,-7.041
32762,0.121460,0.028442,1.024658,0.122296,0.044492,0.990316,0.998830,-0.070000,-0.630000,0.420000,-0.052903,0.005185,0.046106,2.572,-7.033
32812,0.120605,0.029053,1.026001,0.121433,0.045103,0.991647,1.000072,0.000000,-0.630000,0.350000,0.017097,0.005185,-0.023894,2.604,-6.974
32862,0.121704,0.028198,1.024902,0.122538,0.044249,0.990558,0.999089,-0.070000,-0.630000,0.350000,-0.052903,0.005185,-0.023894,2.558,-7.045
32912,0.120972,0.029907,1.025146,0.121805,0.045955,0.990800,0.999316,-0.070000,-0.630000,0.420000,-0.052903,0.005185,0.046106,2.656,-7.001
32963,0.120972,0.029419,1.025879,0.121799,0.045469,0.991526,1.000013,0.000000,-0.630000,0.420000,0.017097,0.005185,0.046106,2.626,-6.996
33013,0.121216,0.028931,1.025024,0.122050,0.044980,0.990679,0.999182,-0.070000,-0.630000,0.350000,-0.052903,0.005185,-0.023894,2.600,-7.016
33063,0.121826,0.029419,1.024780,0.122660,0.045467,0.990437,0.999039,0.000000,-0.630000,0.350000,0.017097,0.005185,-0.023894,2.628,-7.052
33113,0.120361,0.028809,1.025635,0.121193,0.044859,0.991284,0.999672,0.000000,-0.700000,0.420000,0.017097,-0.064815,0.046106,2.591,-6.963
33164,0.119751,0.029297,1.026001,0.120581,0.045347,0.991647,0.999980,0.000000,-0.630000,0.350000,0.017097,0.005185,-0.023894,2.618,-6.926
33214,0.121216,0.030029,1.024658,0.122053,0.046076,0.990316,0.998872,0.000000,-0.560000,0.350000,0.017097,0.075185,-0.023894,2.664,-7.019
33264,0.121094,0.027344,1.025635,0.121923,0.043396,0.991284,0.999696,-0.070000,-0.630000,0.420000,-0.052903,0.005185,0.046106,2.507,-7.005
33315,0.120850,0.029419,1.026001,0.121676,0.045469,0.991647,1.000118,-0.070000,-0.630000,0.420000,-0.052903,0.005185,0.046106,2.625,-6.988
33365,0.120972,0.029663,1.024780,0.121808,0.045711,0.990437,0.998945,0.000000,-0.630000,0.350000,0.017097,0.005185,-0.023894,2.642,-7.004
33415,0.120972,0.029541,1.025391,0.121803,0.045590,0.991042,0.999539,-0.070000,-0.630000,0.420000,-0.052903,0.005185,0.046106,2.634,-6.999
33465,0.120605,0.029297,1.025269,0.121439,0.045346,0.990921,0.999364,0.000000,-0.630000,0.350000,0.017097,0.005185,-0.023894,2.620,-6.980
33515,0.122192,0.027954,1.024658,0.123026,0.044004,0.990316,0.998898,0.070000,-0.630000,0.350000,0.087097,0.005185,-0.023894,2.544,-7.075
33565,0.120605,0.029785,1.025635,0.121436,0.045834,0.991284,0.999746,-0.140000,-0.700000,0.420000,-0.122903,-0.064815,0.046106,2.647,-6.977
33615,0.120850,0.030029,1.025513,0.121680,0.046077,0.991163,0.999667,0.000000,-0.630000,0.420000,0.017097,0.005185,0.046106,2.662,-6.991
33665,0.121094,0.027588,1.025146,0.121927,0.043640,0.990800,0.999227,0.000000,-0.700000,0.350000,0.017097,-0.064815,-0.023894,2.522,-7.009
33715,0.119629,0.029541,1.027954,0.120443,0.045594,0.993583,1.001894,-0.070000,-0.700000,0.420000,-0.052903,-0.064815,0.046106,2.627,-6.905
33765,0.122070,0.027954,1.025513,0.122897,0.044006,0.991163,0.999722,0.000000,-0.630000,0.350000,0.017097,0.005185,-0.023894,2.542,-7.061
33817,0.120605,0.027954,1.025269,0.121440,0.044005,0.990921,0.999304,0.000000,-0.700000,0.350000,0.017097,-0.064815,-0.023894,2.543,-6.980
33867,0.120728,0.029663,1.026489,0.121550,0.045713,0.992131,1.000594,-0.070000,-0.630000,0.350000,-0.052903,0.005185,-0.023894,2.638,-6.977
33917,0.120850,0.027832,1.025879,0.121678,0.043884,0.991526,0.999928,0.000000,-0.630000,0.350000,0.017097,0.005185,-0.023894,2.534,-6.989
33967,0.121216,0.029907,1.025269,0.122047,0.045955,0.990921,0.999466,-0.070000,-0.630000,0.420000,-0.052903,0.005185,0.046106,2.655,-7.014
34017,0.120728,0.029907,1.025757,0.121556,0.045956,0.991405,0.999886,0.000000,-0.700000,0.350000,0.017097,-0.064815,-0.023894,2.654,-6.983
34067,0.120361,0.029541,1.026489,0.121185,0.045591,0.992131,1.000544,0.000000,-0.630000,0.350000,0.017097,0.005185,-0.023894,2.631,-6.957
34118,0.121216,0.029419,1.025513,0.122045,0.045468,0.991163,0.999683,0.000000,-0.630000,0.420000,0.017097,0.005185,0.046106,2.627,-7.012
34168,0.120972,0.029053,1.025513,0.121802,0.045103,0.991163,0.999637,0.000000,-0.630000,0.350000,0.017097,0.005185,-0.023894,2.605,-6.999
34218,0.121948,0.029053,1.026123,0.122770,0.045103,0.991768,1.000355,0.000000,-0.700000,0.420000,0.017097,-0.064815,0.046106,2.604,-7.049
34268,0.120850,0.029297,1.026245,0.121674,0.045347,0.991889,1.000352,0.000000,-0.630000,0.350000,0.017097,0.005185,-0.023894,2.618,-6.986
34319,0.120117,0.028931,1.025146,0.120954,0.044980,0.990800,0.999168,0.000000,-0.630000,0.420000,0.017097,0.005185,0.046106,2.599,-6.953
34369,0.121094,0.028931,1.026001,0.121920,0.044981,0.991647,1.000126,-0.070000,-0.700000,0.420000,-0.052903,-0.064815,0.046106,2.597,-7.002
34419,0.120483,0.029541,1.026123,0.121310,0.045591,0.991768,1.000199,0.000000,-0.700000,0.350000,0.017097,-0.064815,-0.023894,2.632,-6.966
34470,0.121094,0.029419,1.026367,0.121916,0.045469,0.992010,1.000507,-0.070000,-0.630000,0.420000,-0.052903,0.005185,0.046106,2.624,-6.999
34520,0.121704,0.028809,1.025513,0.122532,0.044859,0.991163,0.999715,0.000000,-0.630000,0.420000,0.017097,0.005185,0.046106,2.591,-7.040
34570,0.121338,0.028198,1.025757,0.122165,0.044250,0.991405,0.999883,0.000000,-0.700000,0.420000,0.017097,-0.064815,0.046106,2.556,-7.018
34621,0.120239,0.029541,1.026611,0.121063,0.045592,0.992252,1.000649,-0.070000,-0.630000,0.420000,-0.052903,0.005185,0.046106,2.631,-6.949
34671,0.121338,0.028320,1.025269,0.122169,0.044371,0.990921,0.999409,0.070000,-0.630000,0.350000,0.087097,0.005185,-0.023894,2.564,-7.021
34721,0.121094,0.029785,1.026001,0.121919,0.045834,0.991647,1.000164,0.000000,-0.630000,0.420000,0.017097,0.005185,0.046106,2.646,-7.002
34772,0.119995,0.029175,1.026367,0.120822,0.045226,0.992010,1.000363,0.000000,-0.700000,0.420000,0.017097,-0.064815,0.046106,2.610,-6.937
34822,0.120972,0.029053,1.026001,0.121798,0.045103,0.991647,1.000116,0.000000,-0.560000,0.350000,0.017097,0.075185,-0.023894,2.604,-6.995
34872,0.120605,0.030151,1.025513,0.121437,0.046199,0.991163,0.999643,0.000000,-0.700000,0.350000,0.017097,-0.064815,-0.023894,2.669,-6.978
34922,0.121216,0.028320,1.025879,0.122042,0.044372,0.991526,0.999993,0.070000,-0.700000,0.350000,0.087097,-0.064815,-0.023894,2.562,-7.010
34972,0.120239,0.029175,1.026489,0.121064,0.045226,0.992131,1.000513,-0.070000,-0.700000,0.420000,-0.052903,-0.064815,0.046106,2.610,-6.950
35022,0.120728,0.029297,1.025146,0.121562,0.045346,0.990800,0.999259,0.000000,-0.630000,0.350000,0.017097,0.005185,-0.023894,2.620,-6.987
35072,0.121582,0.028687,1.024902,0.122416,0.044736,0.990558,0.999096,-0.070000,-0.700000,0.420000,-0.052903,-0.064815,0.046106,2.586,-7.038
35122,0.120728,0.029785,1.025391,0.121560,0.045834,0.991042,0.999521,0.000000,-0.630000,0.420000,0.017097,0.005185,0.046106,2.648,-6.985
35172,0.121094,0.028564,1.025024,0.121928,0.044614,0.990679,0.999150,0.000000,-0.700000,0.420000,0.017097,-0.064815,0.046106,2.579,-7.009
35222,0.121460,0.029541,1.024658,0.122296,0.045589,0.990316,0.998879,0.000000,-0.630000,0.350000,0.017097,0.005185,-0.023894,2.636,-7.033
35274,0.121094,0.028809,1.024414,0.121933,0.044857,0.990074,0.998562,0.070000,-0.700000,0.350000,0.087097,-0.064815,-0.023894,2.594,-7.014
35324,0.120361,0.028809,1.026123,0.121189,0.044860,0.991768,1.000151,-0.070000,-0.630000,0.420000,-0.052903,0.005185,0.046106,2.590,-6.960
35374,0.120605,0.030029,1.024414,0.121447,0.046076,0.990074,0.998558,0.140000,-0.630000,0.350000,0.157097,0.005185,-0.023894,2.664,-6.986
35425,0.122314,0.027222,1.025024,0.123145,0.043274,0.990679,0.999241,-0.070000,-0.630000,0.350000,-0.052903,0.005185,-0.023894,2.501,-7.079
35475,0.120239,0.030518,1.026611,0.121062,0.046567,0.992252,1.000694,0.000000,-0.700000,0.420000,0.017097,-0.064815,0.046106,2.687,-6.949
35525,0.121704,0.026367,1.026245,0.122526,0.042422,0.991889,1.000328,0.000000,-0.560000,0.350000,0.017097,0.075185,-0.023894,2.449,-7.036
35575,0.121094,0.031616,1.025391,0.121924,0.047662,0.991042,0.999651,-0.140000,-0.630000,0.420000,-0.122903,0.005185,0.046106,2.753,-7.006
35625,0.120850,0.028809,1.025757,0.121678,0.044859,0.991405,0.999851,0.070000,-0.630000,0.350000,0.087097,0.005185,-0.023894,2.591,-6.990
35675,0.120605,0.028564,1.026855,0.121426,0.044617,0.992494,1.000889,-0.140000,-0.700000,0.420000,-0.122903,-0.064815,0.046106,2.574,-6.968
35725,0.120972,0.031128,1.026123,0.121796,0.047175,0.991768,1.000332,0.070000,-0.560000,0.350000,0.087097,0.075185,-0.023894,2.723,-6.993
35776,0.121826,0.026855,1.025269,0.122657,0.042908,0.990921,0.999405,0.000000,-0.630000,0.350000,0.017097,0.005185,-0.023894,2.479,-7.050
35826,0.120972,0.029907,1.026733,0.121791,0.045957,0.992373,1.000874,-0.140000,-0.700000,0.420000,-0.122903,-0.064815,0.046106,2.652,-6.989
35876,0.120117,0.028564,1.026733,0.120940,0.044617,0.992373,1.000710,0.070000,-0.630000,0.350000,0.087097,0.005185,-0.023894,2.574,-6.941
35926,0.121826,0.029175,1.026123,0.122648,0.045225,0.991768,1.000346,-0.140000,-0.630000,0.420000,-0.122903,0.005185,0.046106,2.611,-7.043
35976,0.120361,0.030396,1.026123,0.121188,0.046444,0.991768,1.000224,0.070000,-0.700000,0.350000,0.087097,-0.064815,-0.023894,2.681,-6.959
36026,0.120972,0.027100,1.027222,0.121788,0.043155,0.992857,1.001229,0.000000,-0.630000,0.420000,0.017097,0.005185,0.046106,2.489,-6.987
36077,0.120728,0.031128,1.024536,0.121567,0.047173,0.990195,0.998744,-0.140000,-0.630000,0.420000,-0.122903,0.005185,0.046106,2.728,-6.991
36127,0.120361,0.027954,1.025391,0.121195,0.044005,0.991042,0.999394,0.070000,-0.630000,0.350000,0.087097,0.005185,-0.023894,2.542,-6.965
36177,0.120483,0.029541,1.026733,0.121305,0.045592,0.992373,1.000798,-0.070000,-0.630000,0.420000,-0.052903,0.005185,0.046106,2.630,-6.962
36227,0.121094,0.029907,1.024902,0.121929,0.045955,0.990558,0.999091,0.070000,-0.630000,0.280000,0.087097,0.005185,-0.093894,2.656,-7.010
36278,0.121460,0.027222,1.024658,0.122297,0.043273,0.990316,0.998777,0.000000,-0.630000,0.350000,0.017097,0.005185,-0.023894,2.502,-7.033
36328,0.119873,0.030884,1.027344,0.120691,0.046933,0.992978,1.001386,-0.070000,-0.630000,0.420000,-0.052903,0.005185,0.046106,2.706,-6.922
36378,0.121216,0.28320,1.025391,0.122047,0.044371,0.991042,0.999514,0.070000,-0.630000,0.420000,0.087097,0.005185,0.046106,2.564,-7.014
36432,0.121704,0.027344,1.024536,0.122541,0.043395,0.990195,0.998692,-0.070000,-0.630000,0.420000,-0.052903,0.005185,0.046106,2.509,-7.048
36482,0.120361,0.029907,1.027344,0.121178,0.045958,0.992978,1.001400,0.000000,-0.700000,0.420000,0.017097,-0.064815,0.046106,2.650,-6.950
36532,0.120728,0.028076,1.026733,0.121549,0.044129,0.992373,1.000763,0.070000,-0.630000,0.350000,0.087097,0.005185,-0.023894,2.546,-6.976
36582,0.121094,0.029297,1.025146,0.121927,0.045346,0.990800,0.999303,-0.070000,-0.630000,0.420000,-0.052903,0.005185,0.046106,2.620,-7.008
36632,0.121216,0.029053,1.026733,0.122035,0.045104,0.992373,1.000865,0.000000,-0.630000,0.420000,0.017097,0.005185,0.046106,2.602,-7.003
36683,0.120483,0.029419,1.026733,0.121305,0.045470,0.992373,1.000793,-0.070000,-0.630000,0.420000,-0.052903,0.005185,0.046106,2.623,-6.962
36733,0.121338,0.029297,1.025269,0.122169,0.045346,0.990921,0.999453,0.000000,-0.630000,0.420000,0.017097,0.005185,0.046106,2.620,-7.021
36783,0.120605,0.029175,1.025757,0.121435,0.045225,0.991405,0.999838,0.000000,-0.700000,0.420000,0.017097,-0.064815,0.046106,2.612,-6.976
36833,0.120239,0.029663,1.026123,0.121067,0.045713,0.991768,1.000175,-0.070000,-0.630000,0.420000,-0.052903,0.005185,0.046106,2.639,-6.952
36883,0.121216,0.029541,1.024658,0.122053,0.045589,0.990316,0.998850,-0.070000,-0.630000,0.350000,-0.052903,0.005185,-0.023894,2.636,-7.019
36933,0.121704,0.028687,1.024902,0.122537,0.044736,0.990558,0.999110,0.000000,-0.700000,0.350000,0.017097,-0.064815,-0.023894,2.586,-7.045
36983,0.119873,0.029541,1.026611,0.120698,0.045592,0.992252,1.000605,0.000000,-0.700000,0.420000,0.017097,-0.064815,0.046106,2.631,-6.928
37033,0.120605,0.028687,1.025757,0.121435,0.044737,0.991405,0.999816,0.000000,-0.630000,0.350000,0.017097,0.005185,-0.023894,2.584,-6.976
37083,0.121094,0.029297,1.024170,0.121935,0.045344,0.989832,0.998344,0.000000,-0.630000,0.420000,0.017097,0.005185,0.046106,2.623,-7.015
37133,0.120605,0.028931,1.025879,0.121434,0.044981,0.991526,0.999947,0.000000,-0.700000,0.420000,0.017097,-0.064815,0.046106,2.597,-6.975
37183,0.120850,0.029541,1.026489,0.121672,0.045591,0.992131,1.000603,0.000000,-0.630000,0.420000,0.017097,0.005185,0.046106,2.631,-6.984
37233,0.120850,0.029175,1.024658,0.121688,0.045223,0.990316,0.998789,0.000000,-0.630000,0.350000,0.017097,0.005185,-0.023894,2.615,-6.998
37283,0.121338,0.028809,1.026611,0.122158,0.044860,0.992252,1.000749,-0.070000,-0.700000,0.420000,-0.052903,-0.064815,0.046106,2.589,-7.011
37333,0.120605,0.030029,1.026367,0.121429,0.046079,0.992010,1.000476,0.000000,-0.560000,0.350000,0.017097,0.075185,-0.023894,2.659,-6.971
37383,0.121338,0.028687,1.024414,0.122177,0.044735,0.990074,0.998586,0.000000,-0.630000,0.350000,0.017097,0.005185,-0.023894,2.587,-7.028
37433,0.120728,0.030151,1.025513,0.121559,0.046199,0.991163,0.999657,-0.070000,-0.700000,0.420000,-0.052903,-0.064815,0.046106,2.669,-6.984
37483,0.120728,0.028320,1.027100,0.121545,0.044374,0.992736,1.001133,0.000000,-0.630000,0.350000,0.017097,0.005185,-0.023894,2.559,-6.973
37533,0.120117,0.029175,1.026123,0.120945,0.045225,0.991768,1.000138,-0.140000,-0.630000,0.420000,-0.122903,0.005185,0.046106,2.611,-6.946
37583,0.120850,0.030518,1.025879,0.121677,0.046565,0.991526,1.000049,0.000000,-0.630000,0.350000,0.017097,0.005185,-0.023894,2.689,-6.989
37633,0.120728,0.028564,1.026489,0.121551,0.044616,0.992131,1.000544,-0.070000,-0.700000,0.420000,-0.052903,-0.064815,0.046106,2.575,-6.978
37683,0.120728,0.030762,1.026489,0.121550,0.046810,0.992131,1.000645,0.000000,-0.630000,0.350000,0.017097,0.005185,-0.023894,2.701,-6.977
37734,0.121216,0.027710,1.025024,0.122050,0.043761,0.990679,0.999128,0.070000,-0.630000,0.350000,0.087097,0.005185,-0.023894,2.529,-7.017
37784,0.120850,0.028442,1.025391,0.121682,0.044493,0.991042,0.999475,-0.070000,-0.700000,0.420000,-0.052903,-0.064815,0.046106,2.571,-6.993
37834,0.119629,0.030029,1.027100,0.120450,0.046080,0.992736,1.001078,0.070000,-0.630000,0.350000,0.087097,0.005185,-0.023894,2.658,-6.911
37884,0.121094,0.028687,1.024902,0.121929,0.044736,.990558,0.999036,0.000000,-0.630000,0.350000,0.017097,0.005185,-0.023894,2.586,-7.010
37937,0.121460,0.029175,1.023560,0.122306,0.045222,0.989227,0.997784,-0.070000,-0.630000,0.350000,-0.052903,0.005185,-0.023894,2.617,-7.041
37987,0.120483,0.028442,1.026611,0.121306,0.044495,0.992252,1.000629,0.000000,-0.700000,0.420000,0.017097,-0.064815,0.046106,2.568,-6.963
38038,0.119873,0.028931,1.027100,0.120694,0.044983,0.992736,1.001057,-0.070000,-0.700000,0.420000,-0.052903,-0.064815,0.046106,2.594,-6.925
38088,0.120972,0.029297,1.025146,0.121805,0.045346,0.990800,0.999288,0.000000,-0.560000,0.350000,0.017097,0.075185,-0.023894,2.620,-7.001
38138,0.121216,0.028320,1.025757,0.122044,0.044372,0.991405,0.999874,0.000000,-0.700000,0.420000,0.017097,-0.064815,0.046106,2.563,-7.011
38189,0.121216,0.028320,1.026733,0.122035,0.044373,0.992373,1.000833,-0.070000,-0.630000,0.420000,-0.052903,0.005185,0.046106,2.560,-7.004
38239,0.121704,0.028564,1.025757,0.122530,0.044615,0.991405,0.999944,0.000000,-0.630000,0.350000,0.017097,0.005185,-0.023894,2.577,-7.039
38289,0.121216,0.029175,1.025146,0.122049,0.045224,0.990800,0.999313,0.000000,-0.700000,0.420000,0.017097,-0.064815,0.046106,2.613,-7.015
38341,0.120605,0.029419,1.025269,0.121439,0.045468,0.990921,0.999369,0.000000,-0.700000,0.420000,0.017097,-0.064815,0.046106,2.627,-6.980
38391,0.120728,0.027466,1.024414,0.121569,0.043517,0.990074,0.998458,0.000000,-0.560000,0.350000,0.017097,0.075185,-0.023894,2.517,-6.993
38441,0.120850,0.029297,1.025513,0.121680,0.045346,0.991163,0.999633,-0.070000,-0.630000,0.420000,-0.052903,0.005185,0.046106,2.619,-6.992
38492,0.119751,0.030151,1.025146,0.120589,0.046199,0.990800,0.999180,0.000000,-0.700000,0.420000,0.017097,-0.064815,0.046106,2.670,-6.932
38542,0.120361,0.028564,1.026001,0.121190,0.044616,0.991647,1.000021,0.000000,-0.700000,0.350000,0.017097,-0.064815,-0.023894,2.576,-6.961
38592,0.120605,0.029297,1.025513,0.121437,0.045346,0.991163,0.999604,0.000000,-0.630000,0.420000,0.017097,0.005185,0.046106,2.619,-6.978
38643,0.120728,0.028564,1.026123,0.121554,0.044616,0.991768,1.000185,0.000000,-0.630000,0.420000,0.017097,0.005185,0.046106,2.576,-6.980
38693,0.120239,0.028809,1.025513,0.121072,0.044859,0.991163,0.999537,-0.070000,-0.700000,0.420000,-0.052903,-0.064815,0.046106,2.591,-6.957
38743,0.120728,0.028442,1.025635,0.121558,0.044493,0.991284,0.999700,0.000000,-0.630000,0.350000,0.017097,0.005185,-0.023894,2.570,-6.984
38795,0.120361,0.028198,1.026123,0.121189,0.044250,0.991768,1.000124,-0.070000,-0.700000,0.420000,-0.052903,-0.064815,0.046106,2.555,-6.960
38845,0.120117,0.029541,1.026978,0.120938,0.045592,0.992615,1.000994,-0.070000,-0.630000,0.420000,-0.052903,0.005185,0.046106,2.630,-6.939
38895,0.120605,0.028442,1.025269,0.121440,0.044493,0.990921,0.999326,0.000000,-0.630000,0.420000,0.017097,0.005185,0.046106,2.571,-6.980
38946,0.120972,0.029053,1.025635,0.121801,0.045103,0.991284,0.999757,-0.070000,-0.700000,0.350000,-0.052903,-0.064815,-0.023894,2.605,-6.998
38996,0.119507,0.028564,1.026733,0.120332,0.044617,0.992373,1.000637,0.000000,-0.630000,0.420000,0.017097,0.005185,0.046106,2.574,-6.907
39046,0.121338,0.028076,1.025146,0.122171,0.044127,0.990800,0.999278,-0.070000,-0.630000,0.420000,-0.052903,0.005185,0.046106,2.550,-7.022
39098,0.121216,0.029907,1.025146,0.122048,0.045955,0.990800,0.999346,0.000000,-0.630000,0.350000,0.017097,0.005185,-0.023894,2.656,-7.015
39148,0.120361,0.029175,1.026245,0.121188,0.045225,0.991889,1.000288,0.000000,-0.700000,0.420000,0.017097,-0.064815,0.046106,2.611,-6.959
39198,0.120605,0.029541,1.026489,0.121429,0.045591,0.992131,1.000574,0.000000,-0.630000,0.350000,0.017097,0.005185,-0.023894,2.631,-6.971
39248,0.120972,0.029053,1.025269,0.121804,0.045102,0.990921,0.999397,0.000000,-0.630000,0.420000,0.017097,0.005185,0.046106,2.606,-7.000
39298,0.122314,0.028320,1.025024,0.123145,0.044371,0.990679,0.999289,0.000000,-0.700000,0.420000,0.017097,-0.064815,0.046106,2.564,-7.079
39348,0.120117,0.029053,1.027588,0.120933,0.045106,0.993220,1.001571,-0.070000,-0.630000,0.420000,-0.052903,0.005185,0.046106,2.600,-6.935
39398,0.121582,0.028809,1.025513,0.122410,0.044859,0.991163,0.999700,0.000000,-0.560000,0.350000,0.017097,0.075185,-0.023894,2.591,-7.033
39448,0.121216,0.029175,1.025513,0.122045,0.045224,0.991163,0.999672,0.000000,-0.700000,0.350000,0.017097,-0.064815,-0.023894,2.612,-7.012
39498,0.119873,0.028564,1.026978,0.120695,0.044617,0.992615,1.000921,-0.070000,-0.630000,0.420000,-0.052903,0.005185,0.046106,2.574,-6.926
39548,0.120728,0.028564,1.026733,0.121548,0.044617,0.992373,1.000784,0.000000,-0.630000,0.350000,0.017097,0.005185,-0.023894,2.574,-6.976
39599,0.120728,0.029175,1.024902,0.121564,0.045223,0.990558,0.999013,-0.070000,-0.630000,0.420000,-0.052903,0.005185,0.046106,2.614,-6.989
39649,0.120605,0.028076,1.026855,0.121426,0.044130,0.992494,1.000868,0.070000,-0.700000,0.350000,0.087097,-0.064815,-0.023894,2.546,-6.968
39699,0.120850,0.029419,1.027588,0.121662,0.045471,0.993220,1.001676,-0.070000,-0.630000,0.350000,-0.052903,0.005185,-0.023894,2.621,-6.976
39749,0.120361,0.028809,1.026001,0.121190,0.044859,0.991647,1.000031,0.000000,-0.630000,0.350000,0.017097,0.005185,-0.023894,2.590,-6.961
39799,0.120728,0.027954,1.026367,0.121552,0.044007,0.992010,1.000398,-0.070000,-0.700000,0.350000,-0.052903,-0.064815,-0.023894,2.540,-6.979
39849,0.119995,0.028564,1.027710,0.120810,0.044618,0.993341,1.001655,0.000000,-0.630000,0.350000,0.017097,0.005185,-0.023894,2.572,-6.927
39899,0.121216,0.028442,1.025757,0.122044,0.044494,0.991405,0.999879,0.000000,-0.630000,0.350000,0.017097,0.005185,-0.023894,2.570,-7.011
39950,0.121094,0.028564,1.024658,0.121931,0.044614,0.990316,0.998791,-0.070000,-0.700000,0.420000,-0.052903,-0.064815,0.046106,2.579,-7.012
40000,0.119751,0.028564,1.027710,0.120567,0.044618,0.993341,1.001626,0.000000,-0.630000,0.350000,0.017097,0.005185,-0.023894,2.572,-6.914
40050,0.120728,0.028442,1.025879,0.121556,0.044494,0.991526,0.999940,-0.070000,-0.630000,0.350000,-0.052903,0.005185,-0.023894,2.569,-6.982
40100,0.120605,0.029297,1.026123,0.121432,0.045347,0.991768,1.000203,-0.070000,-0.630000,0.350000,-0.052903,0.005185,-0.023894,2.618,-6.973
40150,0.121094,0.027832,1.026978,0.121911,0.043886,0.992615,1.001036,0.000000,-0.630000,0.350000,0.017097,0.005185,-0.023894,2.532,-6.995
40200,0.120728,0.029175,1.026367,0.121551,0.045226,0.992010,1.000452,-0.070000,-0.630000,0.350000,-0.052903,0.005185,-0.023894,2.610,-6.978
40251,0.121704,0.028809,1.026245,0.122526,0.044860,0.991889,1.000434,0.000000,-0.630000,0.350000,0.017097,0.005185,-0.023894,2.590,-7.035
40301,0.120605,0.029419,1.026855,0.121425,0.045470,0.992494,1.000928,0.000000,-0.630000,0.420000,0.017097,0.005185,0.046106,2.623,-6.968
40351,0.120605,0.028687,1.027344,0.121421,0.044740,0.992978,1.001374,0.000000,-0.630000,0.420000,0.017097,0.005185,0.046106,2.580,-6.965
40401,0.121948,0.028809,1.026245,0.122769,0.044860,0.991889,1.000464,0.000000,-0.630000,0.420000,0.017097,0.005185,0.046106,2.590,-7.049
40451,0.121094,0.028442,1.026733,0.121913,0.044495,0.992373,1.000823,-0.070000,-0.700000,0.420000,-0.052903,-0.064815,0.046106,2.567,-6.997
40501,0.120117,0.029419,1.026855,0.120939,0.045470,0.992494,1.000869,0.000000,-0.630000,0.420000,0.017097,0.005185,0.046106,2.623,-6.940
40551,0.121094,0.028076,1.025391,0.121925,0.044127,0.991042,0.999488,0.000000,-0.630000,0.350000,0.017097,0.005185,-0.023894,2.549,-7.007
40603,0.120483,0.027588,1.026367,0.121309,0.043641,0.992010,1.000352,-0.070000,-0.630000,0.350000,-0.052903,0.005185,-0.023894,2.519,-6.965
40653,0.120361,0.028564,1.027832,0.121174,0.044618,0.993462,1.001819,-0.070000,-0.630000,0.350000,-0.052903,0.005185,-0.023894,2.572,-6.947
40703,0.121704,0.029541,1.026001,0.122528,0.045591,0.991647,1.000228,0.000000,-0.630000,0.350000,0.017097,0.005185,-0.023894,2.632,-7.036
40753,0.120850,0.028809,1.027100,0.121667,0.044861,0.992736,1.001169,-0.070000,-0.700000,0.350000,-0.052903,-0.064815,-0.023894,2.587,-6.980
40803,0.120728,0.028809,1.028320,0.121534,0.044863,0.993946,1.002353,-0.070000,-0.630000,0.420000,-0.052903,0.005185,0.046106,2.584,-6.964
40853,0.120728,0.028564,1.026855,0.121547,0.044617,0.992494,1.000904,0.000000,-0.630000,0.350000,0.017097,0.005185,-0.023894,2.574,-6.975
40905,0.120117,0030029,1.026367,0.120943,0.046079,0.992010,1.000417,-0.070000,-0.630000,0.420000,-0.052903,0.005185,0.046106,2.659,-6.944
40960,0.120850,0.028687,1.027100,0.121667,0.044739,0.992736,1.001164,-0.070000,-0.630000,0.420000,-0.052903,0.005185,0.046106,2.580,-6.980
41010,0.120483,0.029175,1.027344,0.121300,0.045227,0.992978,1.001381,-0.070000,-0.630000,0.420000,-0.052903,0.005185,0.046106,2.608,-6.957
41060,0.120972,0.029297,1.026245,0.121796,0.045347,0.991889,1.000367,0.000000,-0.630000,0.350000,0.017097,0.005185,-0.023894,2.618,-6.993
41110,0.121094,0.029297,1.026611,0.121914,0.045348,0.992252,1.000741,0.000000,-0.700000,0.350000,0.017097,-0.064815,-0.023894,2.617,-6.997
41161,0.120605,0.028809,1.027344,0.121421,0.044861,0.992978,1.001380,0.000000,-0.700000,0.350000,0.017097,-0.064815,-0.023894,2.587,-6.964
41211,0.119873,0.029541,1.026367,0.120700,0.045591,0.992010,1.000365,0.000000,-0.630000,0.350000,0.017097,0.005185,-0.023894,2.631,-6.930
41261,0.122070,0.028931,1.025269,0.122899,0.044980,0.990921,0.999526,0.000000,-0.700000,0.420000,0.017097,-0.064815,0.046106,2.599,-7.063
41311,0.119751,0.029663,1.027222,0.120571,0.045714,0.992857,1.001195,-0.070000,-0.700000,0.420000,-0.052903,-0.064815,0.046106,2.636,-6.917
41361,0.120972,0.028687,1.027344,0.121786,0.044740,0.992978,1.001418,0.070000,-0.630000,0.420000,0.087097,0.005185,0.046106,2.580,-6.985
41411,0.120972,0.028809,1.025879,0.121799,0.044859,0.991526,0.999986,0.000000,-0.630000,0.420000,0.017097,0.005185,0.046106,2.590,-6.996
41461,0.120483,0.028687,1.026611,0.121306,0.044739,0.992252,1.000640,0.000000,-0.700000,0.350000,0.017097,-0.064815,-0.023894,2.582,-6.963
41511,0.120728,0.027832,1.027466,0.121542,0.043887,0.993099,1.001471,-0.070000,-0.630000,0.420000,-0.052903,0.005185,0.046106,2.530,-6.971
41561,0.121338,0.030029,1.026123,0.122161,0.046078,0.991768,1.000325,0.000000,-0.630000,0.420000,0.017097,0.005185,0.046106,2.660,-7.015
41611,0.120728,0.028564,1.026855,0.121547,0.044617,0.992494,1.000904,0.000000,-0.700000,0.420000,0.017097,-0.064815,0.046106,2.574,-6.975
41662,0.121704,0.029541,1.026855,0.122520,0.045592,0.992494,1.001067,-0.070000,-0.700000,0.350000,-0.052903,-0.064815,-0.023894,2.630,-7.030
41712,0.120605,0.027832,1.026733,0.121427,0.043886,0.992373,1.000737,0.000000,-0.560000,0.350000,0.017097,0.075185,-0.023894,2.532,-6.969
41762,0.120972,0.029053,1.026245,0.121796,0.045104,0.991889,1.000356,-0.070000,-0.630000,0.420000,-0.052903,0.005185,0.046106,2.604,-6.993
41812,0.120605,0.029175,1.027832,0.121417,0.045228,0.993462,1.001876,0.000000,-0.630000,0.420000,0.017097,0.005185,0.046106,2.607,-6.961
41862,0.120239,0.029053,1.026855,0.121061,0.045104,0.992494,1.000867,0.000000,-0.630000,0.420000,0.017097,0.005185,0.046106,2.602,-6.947
41912,0120728,0.029175,1.026489,0.121550,0.045226,0.992131,1.000572,0.000000,-0.630000,0.420000,0.017097,0.005185,0.046106,2.610,-6.978
41966,0.120117,0.029541,1.026733,0.120940,0.045592,0.992373,1.000754,0.070000,-0.630000,0.350000,0.087097,0.005185,-0.023894,2.630,-6.941
42016,0.120972,0.027710,1.027344,0.121787,0.043765,0.992978,1.001375,-0.070000,-0.630000,0.420000,-0.052903,0.005185,0.046106,2.524,-6.986
42066,0.122192,0.029663,1.026367,0.123011,0.045713,0.992010,1.000652,0.000000,-0.630000,0.350000,0.017097,0.005185,-0.023894,2.638,-7.061
42117,0.120117,0.028076,1.026489,0.120942,0.044129,0.992131,1.000449,0.070000,-0.630000,0.350000,0.087097,0.005185,-0.023894,2.547,-6.943
42167,0.120361,0.029419,1.027832,0.121174,0.045472,0.993462,1.001857,-0.070000,-0.630000,0.420000,-0.052903,0.005185,0.046106,2.621,-6.947
42217,0.120239,0.029175,1.027100,0.121058,0.045227,0.992736,1.001112,0.070000,-0.630000,0.350000,0.087097,0.005185,-0.023894,2.608,-6.945
42267,0.120972,0.027100,1.026733,0.121792,0.043154,0.992373,1.000750,0.000000,-0.630000,0.350000,0.017097,0.005185,-0.023894,2.490,-6.990
42317,0.120361,0.030396,1.027222,0.121179,0.046446,0.992857,1.001302,-0.070000,-0.700000,0.420000,-0.052903,-0.064815,0.046106,2.678,-6.951
42367,0.121826,0.029663,1.026489,0.122645,0.045713,0.992131,1.000727,0.070000,-0.630000,0.350000,0.087097,0.005185,-0.023894,2.638,-7.040
42418,0.121582,0.029297,1.026123,0.122405,0.045347,0.991768,1.000322,-0.070000,-0.630000,0.350000,-0.052903,0.005185,-0.023894,2.618,-7.029
42468,0.119751,0.029297,1.026978,0.120573,0.045348,0.992615,1.000939,0.000000,-0.630000,0.350000,0.017097,0.005185,-0.023894,2.616,-6.919
42518,0.120972,0.028809,1.025879,0.121799,0.044859,0.991526,0.999986,0.070000,-0.630000,0.350000,0.087097,0.005185,-0.023894,2.590,-6.996
42568,0.120483,0.027954,1.026001,0.121312,0.044006,0.991647,1.000008,-0.070000,-0.700000,0.420000,-0.052903,-0.064815,0.046106,2.541,-6.968
42619,0.120239,0.029175,1.026733,0.121062,0.045226,0.992373,1.000752,0.000000,-0.630000,0.350000,0.017097,0.005185,-0.023894,2.609,-6.948
42669,0.120605,0.028931,1.025879,0.121434,0.044981,0.991526,0.999947,0.000000,-0.630000,0.420000,0.017097,0.005185,0.046106,2.597,-6.975
42719,0.120483,0.029297,1.026245,0.121309,0.045347,0.991889,1.000308,-0.070000,-0.700000,0.420000,-0.052903,-0.064815,0.046106,2.618,-6.966
42770,0.120728,0.030029,1.025635,0.121558,0.046078,0.991284,0.999772,0.070000,-0.630000,0.350000,0.087097,0.005185,-0.023894,2.661,-6.984
42820,0.120605,0.027588,1.025757,0.121436,0.043640,0.991405,0.999767,0.000000,-0.700000,0.420000,0.017097,-0.064815,0.046106,2.520,-6.977
42870,0.120850,0.030029,1.026733,0.121670,0.046079,0.992373,1.000865,0.000000,-0.700000,0.420000,0.017097,-0.064815,0.046106,2.659,-6.982
42920,0.120850,0.027832,1.026245,0.121675,0.043885,0.991889,1.000287,0.000000,-0.630000,0.420000,0.017097,0.005185,0.046106,2.533,-6.987
42970,0.120728,0.028564,1.025879,0.121556,0.044616,0.991526,0.999945,-0.070000,-0.630000,0.420000,-0.052903,0.005185,0.046106,2.576,-6.982
43020,0.120483,0.029663,1.026001,0.121311,0.045713,0.991647,1.000085,0.000000,-0.700000,0.420000,0.017097,-0.064815,0.046106,2.639,-6.967
43070,0.120117,0.029053,1.026123,0.120945,0.045103,0.991768,1.000133,-0.070000,-0.630000,0.420000,-0.052903,0.005185,0.046106,2.604,-6.946
43120,0.121216,0.030029,1.026855,0.122033,0.046079,0.992494,1.001029,0.000000,-0.560000,0.350000,0.017097,0.075185,-0.023894,2.658,-7.002
43170,0.121094,0.028320,1.025635,0.121923,0.044371,0.991284,0.999739,0.000000,-0.630000,0.350000,0.017097,0.005185,-0.023894,2.563,-7.005
43220,0.120728,0.029663,1.026123,0.121553,0.045713,0.991768,1.000234,-0.070000,-0.630000,0.420000,-0.052903,0.005185,0.046106,2.639,-6.980
43270,0.120483,0.029297,1.025757,0.121313,0.045347,0.991405,0.999829,0.000000,-0.630000,0.350000,0.017097,0.005185,-0.023894,2.619,-6.969
43320,0.120850,0.028809,1.025391,0.121682,0.044859,0.991042,0.999491,-0.070000,-0.630000,0.420000,-0.052903,0.005185,0.046106,2.592,-6.993
43370,0.120117,0.029663,1.026245,0.120944,0.045713,0.991889,1.000280,0.000000,-0.630000,0.420000,0.017097,0.005185,0.046106,2.639,-6.945
43420,0.120605,0.28442,1.026489,0.121429,0.044495,0.992131,1.000524,0.000000,-0.630000,0.350000,0.017097,0.005185,-0.023894,2.568,-6.971
43475,0.120483,0.029541,1.025635,0.121314,0.045590,0.991284,0.999720,-0.070000,-0.630000,0.420000,-0.052903,0.005185,0.046106,2.633,-6.970
43525,0.119873,0.028564,1.024658,0.120715,0.044614,0.990316,0.998643,0.070000,-0.630000,0.350000,0.087097,0.005185,-0.023894,2.579,-6.943
43575,0.120605,0.028687,1.025269,0.121439,0.044737,0.990921,0.999336,-0.070000,-0.630000,0.420000,-0.052903,0.005185,0.046106,2.585,-6.980
43625,0.121460,0.029907,1.025513,0.122288,0.045956,0.991163,0.999735,-0.070000,-0.630000,0.350000,-0.052903,0.005185,-0.023894,2.655,-7.026
43675,0.120972,0.028076,1.026245,0.121796,0.044129,0.991889,1.000313,0.000000,-0.630000,0.350000,0.017097,0.005185,-0.023894,2.547,-6.994
43726,0.120239,0.028931,1.026123,0.121067,0.044982,0.991768,1.000142,-0.070000,-0.630000,0.420000,-0.052903,0.005185,0.046106,2.597,-6.953
43776,0.121582,0.028687,1.025635,0.122409,0.044737,0.991284,0.999815,0.000000,-0.700000,0.350000,0.017097,-0.064815,-0.023894,2.584,-7.032
43826,0.121826,0.029053,1.025635,0.122653,0.045103,0.991284,0.999861,0.000000,-0.630000,0.420000,0.017097,0.005185,0.046106,2.605,-7.046
43876,0.121338,0.029419,1.025146,0.122170,0.045468,0.990800,0.999339,0.000000,-0.630000,0.420000,0.017097,0.005185,0.046106,2.627,-7.022
43926,0.120605,0.028564,1.025879,0.121434,0.044616,0.991526,0.999930,0.000000,-0.700000,0.420000,0.017097,-0.064815,0.046106,2.576,-6.975
43976,0.120361,0.029297,1.025757,0.121192,0.045347,0.991405,0.999814,0.000000,-0.630000,0.420000,0.017097,0.005185,0.046106,2.619,-6.962
44026,0.120361,0.027832,1.025269,0.121196,0.043883,0.990921,0.999269,0.000000,-0.700000,0.350000,0.017097,-0.064815,-0.023894,2.536,-6.966
44076,0.120483,0.028564,1.026123,0.121310,0.044616,0.991768,1.000155,-0.070000,-0.630000,0.420000,-0.052903,0.005185,0.046106,2.576,-6.967
44126,0.120728,0.030151,1.025391,0.121560,0.046199,0.991042,0.999538,0.000000,-0.630000,0.350000,0.017097,0.005185,-0.023894,2.669,-6.985
44176,0.120483,0.027832,1.025635,0.121315,0.043884,0.991284,0.999643,0.000000,-0.630000,0.350000,0.017097,0.005185,-0.023894,2.535,-6.970
44227,0.120605,0.029175,1.025879,0.121434,0.045225,0.991526,0.999958,-0.070000,-0.630000,0.420000,-0.052903,0.005185,0.046106,2.612,-6.975
44277,0.120239,0.028809,1.026001,0.121068,0.044859,0.991647,1.000017,0.000000,-0.630000,0.350000,0.017097,0.005185,-0.023894,2.590,-6.954
44327,0.120850,0.028809,1.025391,0.121682,0.044859,0.991042,0.999491,0.000000,-0.630000,0.420000,0.017097,0.005185,0.046106,2.592,-6.993
44379,0.120483,0.028564,1.026489,0.121307,0.044616,0.992131,1.000515,0.000000,-0.630000,0.350000,0.017097,0.005185,-0.023894,2.575,-6.964
44429,0.120361,0.029175,1.026123,0.121189,0.045225,0.991768,1.000168,-0.070000,-0.630000,0.350000,-0.052903,0.005185,-0.023894,2.611,-6.960
44479,0.121704,0.029297,1.025635,0.122531,0.045346,0.991284,0.999857,0.000000,-0.630000,0.350000,0.017097,0.005185,-0.023894,2.619,-7.039
44529,0.120483,0.029053,1.026855,0.121304,0.045104,0.992494,1.000896,0.000000,-0.700000,0.350000,0.017097,-0.064815,-0.023894,2.602,-6.961
44579,0.121216,0.029053,1.027222,0.122031,0.045105,0.992857,1.001345,-0.070000,-0.630000,0.420000,-0.052903,0.005185,0.046106,2.601,-7.000
44629,0.120972,0.028687,1.025391,0.121803,0.044737,0.991042,0.999501,0.000000,-0.630000,0.420000,0.017097,0.005185,0.046106,2.585,-7.000
44680,0.119873,0.028076,1.027710,0.120689,0.044131,0.993341,1.001619,-0.070000,-0.700000,0.420000,-0.052903,-0.064815,0.046106,2.544,-6.921
44730,0.119385,0.029907,1.027588,0.120202,0.045959,0.993220,1.001522,0.000000,-0.630000,0.420000,0.017097,0.005185,0.046106,2.649,-6.893
44780,0.121826,0.028931,1.024536,0.122662,0.044979,0.990195,0.998777,0.070000,-0.700000,0.350000,0.087097,-0.064815,-0.023894,2.601,-7.054
44830,0.120728,0.029175,1.027588,0.121541,0.045227,0.993220,1.001651,-0.070000,-0.700000,0.420000,-0.052903,-0.064815,0.046106,2.607,-6.969
44881,0.119873,0.029541,1.027344,0.120691,0.045593,0.992978,1.001324,0.000000,-0.630000,0.350000,0.017097,0.005185,-0.023894,2.629,-6.923
44931,0.121216,0.027954,1.025879,0.122043,0.044006,0.991526,0.999977,0.000000,-0.630000,0.350000,0.017097,0.005185,-0.023894,2.541,-7.010
44981,0.120239,0.029663,1.026978,0.121059,0.045714,0.992615,1.001014,-0.070000,-0.630000,0.420000,-0.052903,0.005185,0.046106,2.637,-6.946
45032,0.121094,0.028931,1.026978,0.121911,0.044983,0.992615,1.001085,0.000000,-0.630000,0.350000,0.017097,0.005185,-0.023894,2.595,-6.995
45082,0.120361,0.028320,1.026733,0.121184,0.044373,0.992373,1.000729,-0.070000,-0.560000,0.350000,-0.052903,0.075185,-0.023894,2.560,-6.955
45132,0.122192,0.030151,1.026611,0.123009,0.046201,0.992252,1.000914,0.000000,-0.700000,0.420000,0.017097,-0.064815,0.046106,2.666,-7.059
45183,0.120239,0.028809,1.026245,0.121066,0.044860,0.991889,1.000257,0.000000,-0.700000,0.350000,0.017097,-0.064815,-0.023894,2.590,-6.952
45233,0.119873,0.029175,1.027466,0.120690,0.045227,0.993099,1.001428,0.000000,-0.630000,0.350000,0.017097,0.005185,-0.023894,2.608,-6.922
45283,0.120972,0.027954,1.026245,0.121796,0.044007,0.991889,1.000307,0.000000,-0.630000,0.350000,0.017097,0.005185,-0.023894,2.540,-6.994
45333,0.121582,0.029541,1.026733,0.122400,0.045592,0.992373,1.000932,0.000000,-0.630000,0.420000,0.017097,0.005185,0.046106,2.630,-7.024
45383,0.121216,0.027344,1.027832,0.122026,0.043400,0.993462,1.001869,0.070000,-0.700000,0.350000,0.087097,-0.064815,-0.023894,2.501,-6.996
45433,0.120361,0.030884,1.026367,0.121186,0.046932,0.992010,1.000486,-0.140000,-0.630000,0.420000,-0.122903,0.005185,0.046106,2.709,-6.957
45483,0.120605,0.027832,1.026611,0.121428,0.043885,0.992252,1.000617,0.140000,-0.700000,0.350000,0.157097,-0.064815,-0.023894,2.532,-6.970
45534,0.120728,0.028809,1.027344,0.121543,0.044861,0.992978,1.001394,-0.140000,-0.700000,0.420000,-0.122903,-0.064815,0.046106,2.587,-6.971
45584,0.120728,0.030029,1.026733,0.121548,0.046079,0.992373,1.000850,0.070000,-0.630000,0.350000,0.087097,0.005185,-0.023894,2.659,-6.975
45634,0.121704,0.027832,1.026855,0.122521,0.043886,0.992494,1.000990,-0.070000,-0.630000,0.420000,-0.052903,0.005185,0.046106,2.532,-7.031
45685,0.120605,0.029541,1.027344,0.121421,0.045593,0.992978,1.001413,-0.070000,-0.700000,0.420000,-0.052903,-0.064815,0.046106,2.629,-6.964
45735,0.121094,0.029297,1.026611,0.121914,0.045348,0.992252,1.000741,0.070000,-0.630000,0.350000,0.087097,0.005185,-0.023894,2.617,-6.997
45785,0.120850,0.028076,1.026611,0.121671,0.044129,0.992252,1.000657,0.000000,-0.630000,0.350000,0.017097,0.005185,-0.023894,2.546,-6.984
45835,0.120361,0.030762,1.026245,0.121187,0.046810,0.991889,1.000360,-0.070000,-0.630000,0.420000,-0.052903,0.005185,0.046106,2.702,-6.958
45885,0.120117,0.027344,1.026978,0.120938,0.043398,0.992615,1.000897,0.070000,-0.630000,0.350000,0.087097,0.005185,-0.023894,2.503,-6.940
45935,0.120728,0.030762,1.027100,0.121545,0.046811,0.992736,1.001244,-0.070000,-0.630000,0.420000,-0.052903,0.005185,0.046106,2.700,-6.973
45985,0.121094,0.028809,1.026489,0.121915,0.044860,0.992131,1.000600,0.070000,-0.630000,0.350000,0.087097,0.005185,-0.023894,2.589,-6.998
46035,0.120483,0.027954,1.027100,0.121302,0.044008,0.992736,1.001087,-0.070000,-0.700000,0.420000,-0.052903,-0.064815,0.046106,2.538,-6.960
46085,0.121460,0.031006,1.027466,0.122271,0.047055,0.993099,1.001704,-0.070000,-0.560000,0.350000,-0.052903,0.075185,-0.023894,2.713,-7.011
46135,0.121216,0.028320,1.026611,0.122036,0.044373,0.992252,1.000713,0.000000,-0.630000,0.350000,0.017097,0.005185,-0.023894,2.561,-7.005
46186,0.121094,0.029297,1.025513,0.121924,0.045346,0.991163,0.999663,-0.070000,-0.700000,0.420000,-0.052903,-0.064815,0.046106,2.619,-7.006
46236,0.120483,0.028198,1.027588,0.121298,0.044252,0.993220,1.001578,0.000000,-0.700000,0.350000,0.017097,-0.064815,-0.023894,2.551,-6.956
46286,0.120361,0.029419,1.027466,0.121177,0.045471,0.993099,1.001498,-0.070000,-0.560000,0.350000,-0.052903,0.075185,-0.023894,2.622,-6.950
46337,0.120850,0.029541,1.025879,0.121677,0.045591,0.991526,1.000004,0.000000,-0.630000,0.420000,0.017097,0.005185,0.046106,2.633,-6.989
46387,0.120728,0.027588,1.026855,0.121548,0.043642,0.992494,1.000861,0.070000,-0.700000,0.350000,0.087097,-0.064815,-0.023894,2.518,-6.975
46437,0.120117,0.029785,1.028076,0.120928,0.045837,0.993704,1.002084,-0.070000,-0.630000,0.420000,-0.052903,0.005185,0.046106,2.641,-6.931
46489,0.120850,0.031006,1.026489,0.121671,0.047054,0.992131,1.000671,0.000000,-0.560000,0.350000,0.017097,0.075185,-0.023894,2.715,-6.984
46539,0.121460,0.027222,1.024536,0.122298,0.043273,0.990195,0.998657,0.000000,-0.700000,0.350000,0.017097,-0.064815,-0.023894,2.502,-7.034
46589,0.120361,0.030029,1.028564,0.121167,0.046082,0.994188,1.002604,-0.070000,-0.630000,0.420000,-0.052903,0.005185,0.046106,2.654,-6.941
46639,0.121216,0.029053,1.026245,0.122039,0.045104,0.991889,1.000386,0.000000,-0.630000,0.350000,0.017097,0.005185,-0.023894,2.604,-7.007
46689,0.120728,0.029053,1.025635,0.121558,0.045103,0.991284,0.999727,-0.070000,-0.630000,0.420000,-0.052903,0.005185,0.046106,2.605,-6.984
46739,0.119995,0.029053,1.027100,0.120815,0.045105,0.992736,1.001077,0.070000,-0.700000,0.350000,0.087097,-0.064815,-0.023894,2.601,-6.932
46789,0.121094,0.028076,1.027588,0.121906,0.044131,0.993220,1.001646,-0.070000,-0.630000,0.420000,-0.052903,0.005185,0.046106,2.544,-6.991
46839,0.120728,0.029175,1.026733,0.121548,0.045226,0.992373,1.000811,-0.140000,-0.630000,0.350000,-0.122903,0.005185,-0.023894,2.609,-6.976
46889,0.121216,0.028809,1.026367,0.122038,0.044860,0.992010,1.000495,0.070000,-0.630000,0.350000,0.087097,0.005185,-0.023894,2.589,-7.006
46939,0.120728,0.028198,1.027588,0.12541,0.044252,0.993220,1.001607,-0.140000,-0.700000,0.420000,-0.122903,-0.064815,0.046106,2.551,-6.970
46994,0.121094,0.030029,1.027954,0.121902,0.046081,0.993583,1.002093,0.000000,-0.630000,0.350000,0.017097,0.005185,-0.023894,2.655,-6.987
47044,0.121338,0.027588,1.026733,0.122157,0.043642,0.992373,1.000815,0.000000,-0.630000,0.350000,0.017097,0.005185,-0.023894,2.518,-7.011
47094,0.121216,0.029541,1.026367,0.122038,0.045591,0.992010,1.000528,-0.070000,-0.630000,0.420000,-0.052903,0.005185,0.046106,2.631,-7.006
47144,0.119995,0.028320,1.027466,0.120812,0.044374,0.993099,1.001404,0.070000,-0.700000,0.350000,0.087097,-0.064815,-0.023894,2.558,-6.929
47194,0.120483,0.028931,1.027588,0.121298,0.044984,0.993220,1.001610,-0.140000,-0.630000,0.420000,-0.122903,0.005185,0.046106,2.593,-6.956
47246,0.121094,0.028687,1.025879,0.121921,0.044737,0.991526,0.999995,0.000000,-0.630000,0.350000,0.017097,0.005185,-0.023894,2.583,-7.003
47296,0.120605,0.028076,1.027466,0.121420,0.044130,0.993099,1.001467,0.000000,-0.700000,0.420000,0.017097,-0.064815,0.046106,2.544,-6.964
47346,0.120483,0.029419,1.027222,0.121301,0.045471,0.992857,1.001272,-0.070000,-0.630000,0.420000,-0.052903,0.005185,0.046106,2.622,-6.958
47397,0.120728,0.028564,1.026733,0.121548,0.044617,0.992373,1.000784,0.070000,-0.630000,0.350000,0.087097,0.005185,-0.023894,2.574,-6.976
47447,0.119873,0.028931,1.027344,0.120691,0.044983,0.992978,1.001297,-0.070000,-0.700000,0.420000,-0.052903,-0.064815,0.046106,2.594,-6.923
47497,0.121338,0.029663,1.027710,0.122148,0.045715,0.993341,1.001866,0.000000,-0.630000,0.350000,0.017097,0.005185,-0.023894,2.635,-7.003
47547,0.120728,0.028809,1.026367,0.121552,0.044860,0.992010,1.000435,0.000000,-0.630000,0.420000,0.017097,0.005185,0.046106,2.589,-6.979
47597,0.121094,0.028809,1.026978,0.121911,0.044861,0.992615,1.001079,-0.070000,-0.630000,0.350000,-0.052903,0.005185,-0.023894,2.588,-6.995
47647,0.120850,0.029663,1.026489,0.121672,0.045713,0.992131,1.000609,0.000000,-0.630000,0.420000,0.017097,0.005185,0.046106,2.638,-6.984
47697,0.121216,0.028320,1.026489,0.122037,0.044373,0.992131,1.000593,-0.070000,-0.630000,0.420000,-0.052903,0.005185,0.046106,2.561,-7.006
47747,0.121338,0.029297,1.026733,0.122156,0.045348,0.992373,1.000891,0.000000,-0.630000,0.420000,0.017097,0.005185,0.046106,2.616,-7.010
47797,0.120605,0.029175,1.026367,0.121430,0.045226,0.992010,1.000437,0.000000,-0.630000,0.350000,0.017097,0.005185,-0.023894,2.610,-6.972
47847,0.120972,0.027954,1.027466,0.121785,0.044009,0.993099,1.001506,-0.070000,-0.700000,0.420000,-0.052903,-0.064815,0.046106,2.537,-6.985
47897,0.120117,0.030640,1.026611,0.120941,0.046688,0.992252,1.000685,0.000000,-0.560000,0.350000,0.017097,0.075185,-0.023894,2.694,-6.942
47947,0.21948,0.026733,1.025146,0.122779,0.042786,0.990800,0.999295,0.070000,-0.630000,0.350000,0.087097,0.005185,-0.023894,2.473,-7.058
48002,0.120850,0.029907,1.027466,0.121663,0.045958,0.993099,1.001579,-0.140000,-0.770000,0.420000,-0.122903,-0.134815,0.046106,2.650,-6.977
48052,0.119507,0.031006,1.027710,0.120323,0.047056,0.993341,1.001708,0.000000,-0.630000,0.350000,0.017097,0.005185,-0.023894,2.712,-6.899
48102,0.120728,0.027588,1.025513,0.121559,0.043640,0.991163,0.999542,0.000000,-0.560000,0.420000,0.017097,0.075185,0.046106,2.521,-6.985
48152,0.120605,0.030029,1.026611,0.121427,0.046079,0.992252,1.000716,-0.070000,-0.700000,0.350000,-0.052903,-0.064815,-0.023894,2.659,-6.969
48202,0.120483,0.028931,1.027466,0.121299,0.044983,0.993099,1.001490,0.070000,-0.630000,0.350000,0.087097,0.005185,-0.023894,2.594,-6.957
48252,0.120728,0.028809,1.026611,0.121549,0.044860,0.992252,1.000675,-0.070000,-0.630000,0.420000,-0.052903,0.005185,0.046106,2.589,-6.977
48302,0.120728,0.030273,1.026611,0.121549,0.046323,0.992252,1.000742,0.070000,-0.630000,0.350000,0.087097,0.005185,-0.023894,2.673,-6.976
48354,0.119629,0.027222,1.027100,0.120451,0.043277,0.992736,1.000953,0.000000,-0.700000,0.350000,0.017097,-0.064815,-0.023894,2.496,-6.912
48404,0.120605,0.030518,1.027222,0.121422,0.046567,0.992857,1.001338,-0.070000,-0.630000,0.350000,-0.052903,0.005185,-0.023894,2.685,-6.965
48454,0.120850,0.027466,1.026245,0.121675,0.043519,0.991889,1.000271,0.070000,-0.700000,0.350000,0.087097,-0.064815,-0.023894,2.512,-6.987
48504,0.120483,0.030396,1.026978,0.121302,0.046445,0.992615,1.001077,-0.140000,-0.630000,0.490000,-0.122903,0.005185,0.116106,2.679,-6.960
48554,0.119995,0.029419,1.026978,0.120816,0.045470,0.992615,1.000974,0.070000,-0.700000,0.350000,0.087097,-0.064815,-0.023894,2.623,-6.932
48604,0.120361,0.026978,1.027344,0.121179,0.043033,0.992978,1.001270,-0.070000,-0.700000,0.350000,-0.052903,-0.064815,-0.023894,2.482,-6.951
48655,0.120239,0.031616,1.026245,0.121065,0.047663,0.991889,1.000386,-0.070000,-0.630000,0.420000,-0.052903,0.005185,0.046106,2.751,-6.951
48705,0.120361,0.028320,1.026367,0.121187,0.044373,0.992010,1.000369,0.070000,-0.700000,0.350000,0.087097,-0.064815,-0.023894,2.561,-6.958
48755,0.120483,0.028687,1.026978,0.121303,0.044739,0.992615,1.001000,-0.140000,-0.630000,0.420000,-0.122903,0.005185,0.046106,2.581,-6.960
48805,0.120972,0.029419,1.025879,0.121799,0.045469,0.991526,1.000013,0.070000,-0.630000,0.350000,0.087097,0.005185,-0.023894,2.626,-6.996
48856,0.121704,0.027954,1.026978,0.122520,0.044008,0.992615,1.001116,0.000000,-0.630000,0.420000,0.017097,0.005185,0.046106,2.539,-7.030
48906,0.120605,0.029907,1.026489,0.121428,0.045957,0.992131,1.000590,-0.070000,-0.630000,0.420000,-0.052903,0.005185,0.046106,2.652,-6.970
48956,0.120728,0.027954,1.026489,0.121551,0.044007,0.992131,1.000517,0.070000,-0.630000,0.350000,0.087097,0.005185,-0.023894,2.540,-6.978
49007,0.121338,0.027344,1.026611,0.122158,0.043398,0.992252,1.000685,-0.140000,-0.630000,0.420000,-0.122903,0.005185,0.046106,2.504,-7.012
49057,0.120850,0.029785,1.026001,0.121676,0.045834,0.991647,1.000135,0.000000,-0.630000,0.420000,0.017097,0.005185,0.046106,2.646,-6.988
49107,0.120850,0.027222,1.026611,0.121672,0.043276,0.992252,1.000620,0.000000,-0.630000,0.350000,0.017097,0.005185,-0.023894,2.497,-6.984
49157,0.120239,0.030884,1.027100,0.121058,0.046933,0.992736,1.001191,-0.140000,-0.630000,0.420000,-0.122903,0.005185,0.046106,2.707,-6.945
49207,0.120361,0.029175,1.027222,0.121179,0.045227,0.992857,1.001247,0.070000,-0.630000,0.350000,0.087097,0.005185,-0.023894,2.608,-6.951
49257,0.122070,0.029541,1.026489,0.122888,0.045591,0.992131,1.000752,-0.070000,-0.630000,0.420000,-0.052903,0.005185,0.046106,2.631,-7.053
49308,0.120605,0.028931,1.027222,0.121422,0.044983,0.992857,1.001265,0.000000,-0.630000,0.420000,0.017097,0.005185,0.046106,2.594,-6.965
49358,0.121216,0.027588,1.027222,0.122031,0.043643,0.992857,1.001280,0.000000,-0.700000,0.420000,0.017097,-0.064815,0.046106,2.517,-7.000
49408,0.120239,0.030151,1.026611,0.121062,0.046201,0.992252,1.000677,-0.070000,-0.630000,0.420000,-0.052903,0.005185,0.046106,2.666,-6.949
49458,0.120972,0.028076,1.026855,0.121791,0.044130,0.992494,1.000912,0.000000,-0.700000,0.420000,0.017097,-0.064815,0.046106,2.546,-6.989
49509,0.120483,0.029541,1.026855,0.121304,0.045592,0.992494,1.000918,-0.070000,-0.630000,0.420000,-0.052903,0.005185,0.046106,2.630,-6.961
49559,0.121460,0.029175,1.026489,0.122280,0.045226,0.992131,1.000661,0.070000,-0.630000,0.350000,0.087097,0.005185,-0.023894,2.610,-7.019
49609,0.120117,0.028076,1.026123,0.120946,0.044128,0.991768,1.000089,-0.070000,-0.630000,0.420000,-0.052903,0.005185,0.046106,2.548,-6.946
49660,0.119873,0.031006,1.026123,0.120701,0.047053,0.991768,1.000193,-0.070000,-0.630000,0.420000,-0.052903,0.005185,0.046106,2.716,-6.931
49710,0.120605,0.026978,1.027100,0.121424,0.043033,0.992736,1.001060,-0.070000,-0.700000,0.350000,-0.052903,-0.064815,-0.023894,2.482,-6.967
49760,0.120239,0.030396,1.026245,0.121066,0.046444,0.991889,1.000329,0.000000,-0.700000,0.420000,0.017097,-0.064815,0.046106,2.681,-6.951
49811,0.120850,0.030029,1.026611,0.121671,0.046079,0.992252,1.000745,0.070000,-0.630000,0.420000,0.087097,0.005185,0.046106,2.659,-6.983
49861,0.120483,0.029297,1.027222,0.121301,0.045349,0.992857,1.001267,-0.070000,-0.630000,0.420000,-0.052903,0.005185,0.046106,2.615,-6.958
49911,0.121338,0.029297,1.026489,0.122159,0.045348,0.992131,1.000651,0.000000,-0.630000,0.420000,0.017097,0.005185,0.046106,2.617,-7.012
49963,0.120605,0.027710,1.026489,0.121429,0.043763,0.992131,1.000492,0.000000,-0.700000,0.350000,0.017097,-0.064815,-0.023894,2.526,-6.971
50013,0.120483,0.029541,1.026733,0.121305,0.045592,0.992373,1.000798,-0.070000,-0.630000,0.420000,-0.052903,0.005185,0.046106,2.630,-6.962
50063,0.120605,0.029175,1.025513,0.121437,0.045224,0.991163,0.999598,0.000000,-0.630000,0.420000,0.017097,0.005185,0.046106,2.612,-6.978
50114,0.121460,0.027710,1.026001,0.122285,0.043763,0.991647,1.000116,-0.070000,-0.700000,0.350000,-0.052903,-0.064815,-0.023894,2.527,-7.023
50164,0.120361,0.030518,1.026978,0.121181,0.046567,0.992615,1.001068,0.000000,-0.630000,0.420000,0.017097,0.005185,0.046106,2.686,-6.953
50214,0.121582,0.027588,1.026245,0.122404,0.043641,0.991889,1.000365,0.000000,-0.630000,0.420000,0.017097,0.005185,0.046106,2.519,-7.028
50264,0.121216,0.029785,1.026367,0.122038,0.045835,0.992010,1.000539,-0.070000,-0.630000,0.420000,-0.052903,0.005185,0.046106,2.645,-7.006
50314,0.120972,0.028687,1.026367,0.121795,0.044738,0.992010,1.000460,0.000000,-0.630000,0.350000,0.017097,0.005185,-0.023894,2.582,-6.992
50364,0.120117,0.028564,1.026733,0.120940,0.044617,0.992373,1.000710,-0.070000,-0.700000,0.420000,-0.052903,-0.064815,0.046106,2.574,-6.941
50414,0.121216,0.029663,1.026001,0.122041,0.045713,0.991647,1.000174,0.000000,-0.630000,0.420000,0.017097,0.005185,0.046106,2.639,-7.009
50464,0.121826,0.028076,1.026001,0.122650,0.044128,0.991647,1.000177,0.000000,-0.630000,0.350000,0.017097,0.005185,-0.023894,2.548,-7.044
50514,0.120361,0.030151,1.026489,0.121185,0.046201,0.992131,1.000572,-0.070000,-0.630000,0.350000,-0.052903,0.005185,-0.023894,2.666,-6.957
50564,0.120483,0.027832,1.025879,0.121313,0.043884,0.991526,0.999883,0.070000,-0.630000,0.420000,0.087097,0.005185,0.046106,2.534,-6.969
50614,0.120239,0.030396,1.026245,0.121066,0.046444,0.991889,1.000329,-0.070000,-0.700000,0.420000,-0.052903,-0.064815,0.046106,2.681,-6.951
50664,0.121338,0.029297,1.026367,0.122160,0.045348,0.992010,1.000531,0.070000,-0.630000,0.350000,0.087097,0.005185,-0.023894,2.617,-7.013
50714,0.120850,0.028442,1.025024,0.121685,0.044492,0.990679,0.999115,-0.070000,-0.630000,0.420000,-0.052903,0.005185,0.046106,2.571,-6.996
50764,0.120117,0.029541,1.026123,0.120945,0.045591,0.991768,1.000155,0.000000,-0.630000,0.420000,0.017097,0.005185,0.046106,2.632,-6.946
50815,0.121216,0.029419,1.025513,0.122045,0.045468,0.991163,0.999683,0.000000,-0.630000,0.350000,0.017097,0.005185,-0.023894,2.627,-7.012
50865,0.119873,0.028442,1.026611,0.120698,0.044495,0.992252,1.000556,0.000000,-0.630000,0.420000,0.017097,0.005185,0.046106,2.568,-6.929
50915,0.119873,0.029785,1.025269,0.120709,0.045833,0.990921,0.999298,0.000000,-0.630000,0.350000,0.017097,0.005185,-0.023894,2.648,-6.938
50966,0.121094,0.027832,1.025757,0.121922,0.043884,0.991405,0.999837,0.000000,-0.630000,0.350000,0.017097,0.005185,-0.023894,2.535,-7.004
51016,0.120239,0.029541,1.026123,0.121067,0.045591,0.991768,1.000170,-0.070000,-0.700000,0.420000,-0.052903,-0.064815,0.046106,2.632,-6.952
51066,0.120483,0.028809,1.026001,0.121311,0.044859,0.991647,1.000046,0.070000,-0.630000,0.350000,0.087097,0.005185,-0.023894,2.590,-6.967
51116,0.120972,0.028687,1.025513,0.121802,0.044737,0.991163,0.999620,-0.070000,-0.630000,0.350000,-0.052903,0.005185,-0.023894,2.584,-6.999
51166,0.121216,0.029541,1.026001,0.122041,0.045591,0.991647,1.000168,0.000000,-0.630000,0.350000,0.017097,0.005185,-0.023894,2.632,-7.009
51216,0.121094,0.029053,1.026245,0.121917,0.045104,0.991889,1.000371,0.000000,-0.630000,0.420000,0.017097,0.005185,0.046106,2.604,-7.000
51267,0.120483,0.029663,1.026367,0.121308,0.045713,0.992010,1.000445,-0.070000,-0.630000,0.420000,-0.052903,0.005185,0.046106,2.638,-6.964
51317,0.120605,0.029053,1.025879,0.121434,0.045103,0.991526,0.999952,0.000000,-0.630000,0.350000,0.017097,0.005185,-0.023894,2.605,-6.975
51367,0.120239,0.028564,1.026855,0.121061,0.044617,0.992494,1.000845,-0.070000,-0.630000,0.420000,-0.052903,0.005185,0.046106,2.574,-6.947
51417,0.121338,0.029419,1.025513,0.122167,0.045468,0.991163,0.999698,0.000000,-0.700000,0.350000,0.017097,-0.064815,-0.023894,2.627,-7.019
51468,0.12029,0.027832,1.026001,0.121068,0.043885,0.991647,0.999974,0.000000,-0.630000,0.420000,0.017097,0.005185,0.046106,2.534,-6.954
51520,0.121582,0.031494,1.025757,0.122408,0.047540,0.991405,1.000064,0.000000,-0.560000,0.350000,0.017097,0.075185,-0.023894,2.745,-7.031
51570,0.121460,0.026123,1.026001,0.122285,0.042178,0.991647,1.000048,0.140000,-0.630000,0.350000,0.157097,0.005185,-0.023894,2.436,-7.024
51620,0.119629,0.030518,1.027100,0.120450,0.046567,0.992736,1.001100,-0.210000,-0.770000,0.420000,-0.192903,-0.134815,0.046106,2.686,-6.910
51670,0.120850,0.028198,1.027222,0.121666,0.044252,0.992857,1.001262,0.070000,-0.560000,0.350000,0.087097,0.075185,-0.023894,2.552,-6.979
51720,0.120850,0.030884,1.025635,0.121679,0.046931,0.991284,0.999826,-0.140000,-0.630000,0.420000,-0.122903,0.005185,0.046106,2.711,-6.990
51771,0.121216,0.030151,1.025391,0.122046,0.046199,0.991042,0.999597,0.140000,-0.700000,0.350000,0.157097,-0.064815,-0.023894,2.669,-7.013
51821,0.120361,0.026245,1.026489,0.121186,0.042301,0.992131,1.000400,-0.070000,-0.700000,0.420000,-0.052903,-0.064815,0.046106,2.441,-6.958
51871,0.120117,0.031616,1.026245,0.120943,0.047663,0.991889,1.000371,-0.070000,-0.630000,0.420000,-0.052903,0.005185,0.046106,2.751,-6.944
51922,0.121704,0.028564,1.025391,0.122533,0.044615,0.991042,0.999584,0.070000,-0.630000,0.350000,0.087097,0.005185,-0.023894,2.578,-7.041
51972,0.120972,0.027832,1.025757,0.121800,0.043884,0.991405,0.999822,-0.140000,-0.770000,0.420000,-0.122903,-0.134815,0.046106,2.535,-6.997
52022,0.119629,0.030762,1.027344,0.120448,0.046811,0.992978,1.001351,0.070000,-0.630000,0.350000,0.087097,0.005185,-0.023894,2.699,-6.909
52072,0.122070,0.027100,1.025635,0.122897,0.043153,0.991284,0.999805,0.070000,-0.630000,0.350000,0.087097,0.005185,-0.023894,2.493,-7.061
52122,0.121460,0.029907,1.024780,0.122295,0.045955,0.990437,0.999016,-0.140000,-0.630000,0.420000,-0.122903,0.005185,0.046106,2.657,-7.032
52172,0.120483,0.027954,1.026123,0.121311,0.044007,0.991768,1.000128,0.070000,-0.700000,0.350000,0.087097,-0.064815,-0.023894,2.541,-6.967
52222,0.120728,0.029419,1.027222,0.121544,0.045471,0.992857,1.001302,-0.140000,-0.630000,0.420000,-0.122903,0.005185,0.046106,2.622,-6.972
52272,0.120483,0.031616,1.025269,0.121317,0.047661,0.990921,0.999457,0.000000,-0.630000,0.350000,0.017097,0.005185,-0.023894,2.754,-6.972
52322,0.121582,0.026855,1.026123,0.122406,0.042910,0.991768,1.000214,0.000000,-0.700000,0.350000,0.017097,-0.064815,-0.023894,2.477,-7.029
52372,0.120850,0.030640,1.026733,0.121669,0.046689,0.992373,1.000893,-0.070000,-0.700000,0.420000,-0.052903,-0.064815,0.046106,2.694,-6.982
52422,0.120728,0.027954,1.026001,0.121555,0.044006,0.991647,1.000038,0.070000,-0.630000,0.350000,0.087097,0.005185,-0.023894,2.541,-6.982
52472,0.121216,0.028931,1.025391,0.122047,0.044980,0.991042,0.999541,-0.070000,-0.630000,0.420000,-0.052903,0.005185,0.046106,2.599,-7.013
52522,0.118652,0.030273,1.026855,0.119479,0.046323,0.992494,1.000732,0.000000,-0.630000,0.350000,0.017097,0.005185,-0.023894,2.672,-6.857
52572,0.121094,0.028320,1.026245,0.121918,0.044372,0.991889,1.000338,-0.070000,-0.630000,0.420000,-0.052903,0.005185,0.046106,2.561,-7.000
52622,0.121216,0.029785,1.025879,0.122042,0.045834,0.991526,1.000059,-0.070000,-0.560000,0.420000,-0.052903,0.075185,0.046106,2.647,-7.010
52672,0.120483,0.029297,1.026978,0.121303,0.045348,0.992615,1.001027,0.000000,-0.630000,0.350000,0.017097,0.005185,-0.023894,2.616,-6.960
52722,0.120728,0.029663,1.026611,0.121549,0.045713,0.992252,1.000714,-0.070000,-0.630000,0.420000,-0.052903,0.005185,0.046106,2.638,-6.977
52773,0.121216,0.029541,1.025757,0.122043,0.045590,0.991405,0.999928,-0.070000,-0.630000,0.420000,-0.052903,0.005185,0.046106,2.633,-7.011
52823,0.121338,0.027954,1.026733,0.122157,0.044007,0.992373,1.000831,0.000000,-0.700000,0.350000,0.017097,-0.064815,-0.023894,2.539,-7.011
52873,0.119751,0.029907,1.026489,0.120577,0.045957,0.992131,1.000487,-0.070000,-0.630000,0.420000,-0.052903,0.005185,0.046106,2.652,-6.922
52925,0.121948,0.029053,1.026367,0.122768,0.045104,0.992010,1.000595,0.000000,-0.630000,0.350000,0.017097,0.005185,-0.023894,2.603,-7.048
52975,0.120239,0.028076,1.026245,0.12106,0.044129,0.991889,1.000224,-0.070000,-0.700000,0.420000,-0.052903,-0.064815,0.046106,2.547,-6.952
53029,0.120972,0.029541,1.026733,0.121791,0.045592,0.992373,1.000858,0.000000,-0.630000,0.350000,0.017097,0.005185,-0.023894,2.630,-6.989
53079,0.120605,0.028198,1.026245,0.121431,0.044250,0.991889,1.000274,0.070000,-0.630000,0.420000,0.087097,0.005185,0.046106,2.554,-6.973
53129,0.120850,0.028687,1.026489,0.121672,0.044738,0.992131,1.000565,-0.070000,-0.630000,0.350000,-0.052903,0.005185,-0.023894,2.582,-6.985
53180,0.119873,0.029419,1.026611,0.120698,0.045470,0.992252,1.000600,0.000000,-0.630000,0.350000,0.017097,0.005185,-0.023894,2.624,-6.928
53230,0.120483,0.028442,1.026611,0.121306,0.044495,0.992252,1.000629,0.000000,-0.700000,0.420000,0.017097,-0.064815,0.046106,2.568,-6.963
53280,0.120239,0.030029,1.027100,0.121058,0.046080,0.992736,1.001151,0.000000,-0.630000,0.350000,0.017097,0.005185,-0.023894,2.658,-6.945
53331,0.120483,0.028564,1.026489,0.121307,0.044616,0.992131,1.000515,0.070000,-0.630000,0.350000,0.087097,0.005185,-0.023894,2.575,-6.964
53381,0.119751,0.028076,1.026245,0.120580,0.044129,0.991889,1.000165,-0.070000,-0.700000,0.350000,-0.052903,-0.064815,-0.023894,2.547,-6.924
53431,0.121704,0.029419,1.026001,0.122528,0.045469,0.991647,1.000222,0.000000,-0.630000,0.420000,0.017097,0.005185,0.046106,2.625,-7.036
53481,0.120361,0.028809,1.026978,0.121181,0.044861,0.992615,1.000991,-0.070000,-0.630000,0.420000,-0.052903,0.005185,0.046106,2.588,-6.953
53531,0.120483,0.031250,1.025391,0.121316,0.047296,0.991042,0.999559,-0.070000,-0.630000,0.350000,-0.052903,0.005185,-0.023894,2.732,-6.971
53581,0.120483,0.027710,1.026123,0.121311,0.043763,0.991768,1.000118,0.000000,-0.700000,0.350000,0.017097,-0.064815,-0.023894,2.527,-6.967
53631,0.120361,0.029053,1.026245,0.121188,0.045104,0.991889,1.000282,-0.070000,-0.630000,0.420000,-0.052903,0.005185,0.046106,2.604,-6.959
53681,0.121216,0.029053,1.026001,0.122041,0.045103,0.991647,1.000146,0.070000,-0.630000,0.350000,0.087097,0.005185,-0.023894,2.604,-7.009
53731,0.120728,0.026855,1.026489,0.121551,0.042910,0.992131,1.000470,-0.070000,-0.700000,0.420000,-0.052903,-0.064815,0.046106,2.477,-6.978
53781,0.120483,0.030518,1.026123,0.121310,0.046566,0.991768,1.000244,-0.070000,-0.700000,0.350000,-0.052903,-0.064815,-0.023894,2.688,-6.966
53832,0.120972,0.027466,1.026123,0.121797,0.043519,0.991768,1.000166,0.000000,-0.700000,0.420000,0.017097,-0.064815,0.046106,2.513,-6.995
53882,0.120483,0.028931,1.026733,0.121305,0.044982,0.992373,1.000771,-0.070000,-0.630000,0.350000,-0.052903,0.005185,-0.023894,2.595,-6.962
53932,0.120117,0.029663,1.025024,0.120955,0.045711,0.990679,0.999082,0.070000,-0.630000,0.350000,0.087097,0.005185,-0.023894,2.642,-6.954
53982,0.12060,0.027832,1.026733,0.121427,0.043886,0.992373,1.000737,-0.070000,-0.630000,0.420000,-0.052903,0.005185,0.046106,2.532,-6.969
54035,0.120361,0.030396,1.026489,0.121185,0.046445,0.992131,1.000583,-0.070000,-0.560000,0.420000,-0.052903,0.075185,0.046106,2.680,-6.956
